﻿post_id,caption,comment,timestamp,mental_health,category,severity
116731404135364815,"NEET aspirants report anxiety, disrupted routines and loss of confidence after exam cancellation amid paper leak allegations https:// english.mathrubhumi.com/educat ion/news/neet-ug-aspirants-anxiety-exam-cancellation-retest-june-21-l6b82onz?utm_source=dlvr.it&utm_medium=mastodon # NEETUG # NEET2026 # NTA # MedicalEntrance # ExamStress",,2026-06-11 12:11:12.674000+00:00,Yes,Education,Medium
116067325830542819,Kolkata Madhyamik student dies by suicide in Topsia; family cites Mathematics exam stress. https:// english.mathrubhumi.com/news/i ndia/kolkata-student-suicide-math-exam-stress-fcw46fxa?utm_source=dlvr.it&utm_medium=mastodon # KolkataNews # Madhyamik # ExamStress # StudentTragedy # Topsia,,2026-02-14 05:27:21.905000+00:00,Yes,Education,High
115094126727395596,"📚 Matric can be stressful for both students and parents, but small steps can make a big difference. 💙 From managing revision stress to easing fears of disappointment, the right support can help your Grade 12 scholar stay motivated, focused and confident both during exams and as they prepare for life after school. 👉 Read the full guide here: https:// zurl.co/VkAdU # BabyYumYum # BYY # MatricExams # ParentingTips # ParentingSupport # ExamStress # Matric2025 # ParentingTeens # Matric # Prelims",,2025-08-26 08:30:02.075000+00:00,Yes,Education,Low
112203124544333082,"# exam # examstress # semesterexams # college # collegediaries okay, so today I got done with my uni internal exams, and I kid you not, the feeling of taking a nap after the exams is just out of this world; when you can come back stress-free, and there is nothing to worry about, you can eat nicely and binge your fav show. Its the most peaceful thing in the world. Do you agree with me?",,2024-04-02 18:50:08+00:00,Yes,Education,Low
117141524571791103,Managing back-to-school anxiety. Set small goals. Develop strategies to manage worries. Acknowledge feelings. Create an anxiety toolbox. Use motivators. Use YMHC’s “My Experience of School” workbook. https:// ymhc.ngo/workbooks # schoolanxiety # studentmentalhealth # anxiety # ymhc,,2026-08-22 22:30:12+00:00,Yes,Education,Medium
117119937157653687,Managing back-to-school anxiety. https:// ymhc.ngo/workbooks # anxiety # anxietyawareness # mentalhealth # mentalhealthmatters # studentmentalhealth # ymhc # schoolanxiety # copingskills # mentalwellness # mentalhealthawareness,,2026-08-19 03:00:14+00:00,Yes,Education,Medium
117111797736932988,Back-to-School Preparation: Managing School Anxiety https:// ymhc.me/schoolphobia # schoolanxiety # schoolattendancechallenges # schoolavoidance # schoolabsenteeism # educationsupportteam # schoolwidestrategy # youreducationmatters # SchoolAttendance # ymhc # studentmentalhealth # mentalhealthawareness,,2026-08-17 16:30:13+00:00,Yes,Education,Medium
117096934008070599,"Recognize absence & presence in school. Non-attendance at school due to unsupported mental health challenges is a red flag that a student needs an educational support team and a needs-based assessment and action plan, not an ""out of sight, out of mind"" approach. https:// ymhc.me/schoolphobia # schoolanxiety # schoolattendancechallenges # schoolavoidance # schoolabsenteeism # educationsupportteam # schoolwidestrategy # youreducationmatters # SchoolAttendance # ymhc # studentmentalhealth # mentalhealthmatters",,2026-08-15 01:30:14+00:00,Yes,Education,Low
117091625461508086,Back-to-School Anxiety: Strategies to Manage # schoolanxiety # schoolattendancechallenges # studentmentalhealth # anxiety # copingskills # healthyhabits # peersupport # ymhc,,2026-08-14 03:00:12+00:00,Yes,Education,Medium
117089148449098798,Tips for easing back-to-school anxiety # schoolanxiety # studentmentalhealth # anxiety # anxietyawareness # ymhc,,2026-08-13 16:30:16+00:00,Yes,Education,Medium
117077883103829521,"🎓💥 Oh, the University of Michigan's novel idea: suppressing first-semester grades to magically ""heal"" student mental health! Because nothing says ""academic excellence"" like removing accountability. 🤦‍♂️📉 wsj.com/us-news/education/univ ersity-of-michigan-grades-mental-health-1a5701d4 # UniversityOfMichigan # StudentMentalHealth # AcademicExcellence # AccountabilityIssues # HigherEducation # Innovations # HackerNews # ngated",,2026-08-11 16:45:22.248000+00:00,Yes,Education,Low
116913616697124308,Practical school-wide strategies for student mental wellness. https:// ymhc.ngo/ywap # ywap # onlinecourse # professionaldevelopment # selfpaced # certificate # teachers # educators # universalsupport # tier1 # wellness # studentmentalhealth # studentwellbeing # actionplan # proactive # ymhc,,2026-07-13 16:30:14+00:00,Yes,Education,Low
116761795645593853,Mental Health Education Saves Lives. Education Support Booklet. https:// ymhc.me/printables # mentalhealtheducation # toolsforwellness # MentalWellnessWorkbooks # ymhc # education # accommodations # studentmentalhealth # support,,2026-06-16 21:00:09+00:00,Yes,Education,Low
116737730717234405,Eating disorders at school: understanding mental health. https:// ymhc.ngo/workbooks # mentalhealth # studentmentalhealth # mentalhealthawareness # ymhc # mentalwellness # healthyhabits # education # copingskills,,2026-06-12 15:00:07+00:00,Yes,Education,Low
116737376638233930,Understanding and supporting students with school anxiety. # schoolanxiety # schoolattendancechallenges # schoolavoidance # schoolabsenteeism # educationsupportteam # schoolwidestrategy # youreducationmatters # SchoolAttendance # studentmentalhealth # mentalhealthawareness # ymhc,,2026-06-12 13:30:04+00:00,Yes,Education,Medium
116698448357757739,Strength-Based Approaches to Student Mental Wellness https:// ymhc.ngo/ywap # ywap # onlinecourse # professionaldevelopment # teachers # educators # universalsupport # wellness # studentmentalhealth # studentwellbeing # proactive # mentalhealthawareness # ymhc # mentalhealtheducation # resilience # education,,2026-06-05 16:30:06+00:00,Yes,Education,Low
116686775283398965,Transforming student mental health support. YWAP course for educators. https:// ymhc.ngo/ywap # ywap # onlinecourse # professionaldevelopment # teachers # educators # studentmentalhealth # ymhc,,2026-06-03 15:01:28+00:00,Yes,Education,Low
116664360787628565,"Students thrive when schools understand that mental health and learning are inseparable. Student well-being must come before attendance, not after. # studentmentalhealth # studentwellbeing # mentalhealthawareness # schoolmentalhealth # mentalwellness # youthmentalhealth # mentalhealthmatters # students # teachers # SchoolAttendance # ymhc",,2026-05-30 16:01:11+00:00,Yes,Education,Low
116643830825499717,"""Fine"" at School: Mental Health Masking. If a student appears fine in school all day and becomes emotionally dysregulated once they get home, they are masking their mental health challenges while at school. Look behind the mask. # anxiety # anxietyawareness # mentalhealth # stress # studentmentalhealth # ymhc",,2026-05-27 01:00:09+00:00,Yes,Education,Medium
116471606220286612,Class size is a mental health issue. Evidence supports improved academic retention and educational success when school staff are responsive to the learning needs of students. # studentmentalhealth # studentwellbeing # mentalhealthawareness # schoolmentalhealth # youthmentalhealth # education # teachers # schoolcommunity # ymhc,,2026-04-26 15:01:09+00:00,Yes,Education,Low
116420898402331975,"Semester-end: Turning panic into a plan. Clarity, Grounding, Momentum, Structure. https:// ymhc.ngo/workbooks # studentmentalhealth # studentwellbeing # schoolmentalhealth # mentalwellness # youthmentalhealth # mentalhealthmatters # students # teachers # anxiety # stress # copingstrategies # ymhc",,2026-04-17 16:05:29+00:00,Yes,Education,Medium
116382894796121543,What school anxiety might feel like. # schoolanxiety # schoolattendancechallenges # schoolavoidance # schoolabsenteeism # studentmentalhealth # studentwellbeing # mentalhealthawareness # anxiety # ymhc,,2026-04-10 23:00:40+00:00,Yes,Education,Medium
116364273033398972,Strength-based approaches to student mental wellness. Learn to support every student's mental health journey. https:// ymhc.ngo/ywap # ywap # onlinecourse # professionaldevelopment # teachers # educators # wellness # studentmentalhealth # studentwellbeing # proactive # mentalhealthawareness # ymhc,,2026-04-07 16:04:55+00:00,Yes,Education,Low
116358834464520181,"Dear teachers, please believe your student when they tell you they're struggling with their mental health. Your support could make such a difference in a student's life. # studentmentalhealth # studentwellbeing # mentalhealthawareness # schoolmentalhealth # youthmentalhealth # mentalhealthmatters # teachers # ymhc",,2026-04-06 17:01:49+00:00,Yes,Education,Low
116332169612042417,How to build positive mental health in students when teaching. # studentmentalhealth # studentwellbeing # schoolmentalhealth # mentalhealthawareness # mentalwellness # youthmentalhealth # mentalhealthmatters # students # teachers # ymhc # education # wellbeing,,2026-04-02 00:00:32+00:00,Yes,Education,Low
116323679565479386,"Students, families, and schools need compassionate, informed responses and mental health-informed support. # studentmentalhealth # studentwellbeing # mentalhealthawareness # schoolmentalhealth # mentalwellness # youthmentalhealth # mentalhealthmatters # students # teachers # schoolanxiety # schoolattendancechallenges # schoolavoidance # schoolabsenteeism # educationsupportteam # ymhc",,2026-03-31 12:01:27+00:00,Yes,Education,Low
116301519326707637,"I think schools should have a mandatory mental health class that you get credit for, where you learn about depression, anxiety, eating disorders, schizophrenia and other mental disorders. And you also learn good coping skills and ways to get help. # studentmentalhealth # schoolmentalhealth # mentalhealthawareness # mentalhealthmatters # education # teachers # students # youthmentalhealth # copingskills # ymhc",,2026-03-27 14:02:05+00:00,Yes,Education,Medium
116296078309670040,Teaching a student with school anxiety. Your support could make a difference. # schoolanxiety # schoolattendancechallenges # schoolavoidance # schoolabsenteeism # studentmentalhealth # schoolmentalhealth # studentwellbeing # youthmentalhealth # ymhc,,2026-03-26 15:02:01+00:00,Yes,Education,Medium
116257616386233698,Teachers who have used YMHC resources feel better able to support their students and more aware of best practices in student mental health and wellness. https:// ymhc.ngo/workbooks # MentalHealthEducation # ToolsForWellness # MentalWellnessWorkbooks # YMHC # Resources # EducatorApproved # EvidenceBased # StudentMentalHealth # Teachers # SchoolCommunity # StudentWellbeing,,2026-03-19 20:00:44+00:00,Yes,Education,Low
116182827507477287,Possible barriers to education that can lead to school avoidance # schoolanxiety # schoolphobia # schoolavoidance # schoolabsenteeism # studentmentalhealth # mentalhealthawareness # anxiety # stress # education # ymhc,,2026-03-06 15:00:56+00:00,Yes,Education,Medium
116172919220097920,Fill in the blank: I create a mental health-friendly classroom by ____________________. # studentmentalhealth # studentwellbeing # mentalhealthawareness # schoolmentalhealth # mentalwellness # youthmentalhealth # mentalhealthmatters # students # teachers # ymhc # education # schoolcommunity,,2026-03-04 21:01:08+00:00,Yes,Education,Low
116131870873833345,Myth: “Mental health problems aren’t real. Just toughen up.” Fact: Mental health struggles are just as real and serious as physical health issues. Acknowledging mental health as a legitimate challenge is the first step in supporting students. # studentmentalhealth # mentalhealthawareness # schoolmentalhealth # mentalwellness # youthmentalhealth # mentalhealthmatters # students # teachers # ymhc # mentalhealtheducation,,2026-02-25 15:01:59+00:00,Yes,Education,Low
116127150228690217,"You look kind of depressed, Charlie Brown. I worry about school a lot... I also worry about my worrying so much about school... My anxieties have anxieties. By Schulz # mentalhealthhumor # funnymemes # copingwithhumor # humorheals # anxiety # schoolanxiety # studentmentalhealth # mentalhealthmatters # ymhc",,2026-02-24 19:01:28+00:00,Yes,Education,Medium
115376987290499223,"How to Balance Study, Work, and Life as a College Student College life can feel like a juggling act — between lectures, part-time jobs, social life, and the need for sleep, it’s easy to get overwhelmed. If you’ve ever found yourself thinking, “There’s just not enough t https:// cstbooks.com/news/how-to-balan ce-study-work-and-life-as-a-college-student/ # News # CollegeLife # CollegeStress # ProductivityTips # StudentMentalHealth # StudentSuccess # StudyHacks # TimeManagement # WorklifeBalance",,2025-10-15 07:25:11.763000+00:00,Yes,Education,Medium
114738454742016148,"🕯️ Another young life lost to academic pressure. Sadhana, a 17-year-old NEET aspirant, was allegedly beaten to death by her own father for scoring low in a mock test. This must stop. 👉 Let’s talk about parental expectations, mental health, and our broken education mindset. # NEETPressure # JusticeForSadhana # StudentMentalHealth # StopAcademicAbuse # ExamStressIndia https:// news24media.org/neet-exam-pres sure-teenage-girl-death/",,2025-06-24 12:57:58.267000+00:00,Yes,Education,Low
110388342112499973,"Are we failing Black students? Mental health of Black students at universities in the UK nationalelfservice.net/?p=1681 34 In her debut blog, Kashish Janiani Tulsiyani considers a review exploring the mental health experiences of Black students in UK universities. # StudentMentalHealth # BlackMentalHealth # BlackStudents # University # Education # Stigma # Discrimination # Racism # StudentMentalHealthServices # Equity",,2023-05-18 06:47:04+00:00,Yes,Education,Low
117092657686176485,Delayed books and new patterns are just chaos rebranded as innovation. Students aren't test subjects. # NEP2020 # StudentStress — deccanherald.com/education/new -exam-patterns-delayed-textbooks-creating-stress-for-class-10-12-students-parliamentary-panel-4109750,,2026-08-14 07:22:44.407000+00:00,Yes,Education,Low
115405645041654235,"Mental Health Tips for Students During Exam Season Let’s be honest — exam season is stressful for everyone. Sleepless nights, endless coffee, and the pressure to perform can make even the most motivated students feel anxious and exhausted. But taking care of your mental health durin https:// cstbooks.com/tips/mental-healt h-tips-for-students-during-exam-season/ # Tips # CollegeLife # ExamTips # MentalHealth # mindfulness # SelfCare # StressRelief # StudentStress # StudentSuccess # StudyHabits",,2025-10-20 08:53:14.321000+00:00,Yes,Education,Medium
112552445298924111,"Tragic Loss in Mumbai 💔: Lipi Rastogi, 27, daughter of IAS officers Vikas and Radhika Rastogi, dies by suicide from the 10th floor of their Nariman Point residence. Reports suggest academic anxiety over her LLB course. Authorities are investigating. This incident reignites the conversation on mental health and student pressures. # MentalHealthMatters # StudentStress # TragicLoss # MumbaiNews # BreakingNews",,2024-06-03 11:27:01.286000+00:00,Yes,Education,High
113798462880318089,"We wrote a post for Research Professional News ✍️ based on our publication in Policy Futures in Education: 👉 researchprofessionalnews.com/r r-news-europe-views-of-europe-2025-1-early-career-researchers-deserve-a-break/ Early career researchers are juggling teaching, admin, publishing, and uncertainty - all while battling burnout and impostor syndrome. What if we gave them # sabbaticals to recharge, innovate, and thrive? # CareerDevelopment # AcademicPressure # AcademicPolicy # YoungResearchers # ScienceSupport",,2025-01-09 12:45:37+00:00,Yes,Social Status,Medium
117134446656787735,"National Survey on School Attendance Challenges. Youth Mental Health Canada is conducting this survey to understand the human rights, disability, inclusion, and educational barriers experienced by students with attendance challenges. https:// sac.ymhc.ngo # schoolanxiety # schoolattendancechallenges # schoolavoidance # schoolabsenteeism # educationsupportteam # schoolwidestrategy # youreducationmatters # SchoolAttendance # ymhc",,2026-08-21 16:30:11+00:00,Yes,Education,Low
117111443615239878,"National Survey on School Attendance Challenges. Youth Mental Health Canada is conducting this survey to understand the human rights, disability, inclusion, and educational barriers experienced by students with attendance challenges. ymhc.me/SACSurvey # schoolanxiety # schoolattendancechallenges # schoolavoidance # schoolabsenteeism # educationsupportteam # schoolwidestrategy # youreducationmatters # SchoolAttendance # ymhc",,2026-08-17 15:00:13+00:00,Yes,Education,Low
117090918469534223,"A safe peer space for families navigating school avoidance, attendance pressure, anxiety, disability, and unmet school needs. # schoolanxiety # schoolattendancechallenges # schoolavoidance # schoolabsenteeism # ymhc",,2026-08-14 00:00:24+00:00,Yes,Education,Medium
117050928005295897,"National Survey on School Attendance Challenges. Youth Mental Health Canada is conducting this survey to understand the human rights, disability, inclusion, and educational barriers experienced by students with attendance challenges. ymhc.me/SACSurvey # schoolanxiety # schoolattendancechallenges # schoolavoidance # schoolabsenteeism # educationsupportteam # schoolwidestrategy # youreducationmatters # SchoolAttendance # ymhc",,2026-08-06 22:30:17+00:00,Yes,Education,Low
116697740811141328,What school anxiety might feel like. # schoolanxiety # schoolattendancechallenges # schoolavoidance # schoolabsenteeism # educationsupportteam # schoolwidestrategy # youreducationmatters # SchoolAttendance # ymhc # anxiety # anxietyawareness # mentalhealth # mentalwellness # emotionalhealth # mentalhealthawareness https:// ymhc.me/schoolphobia,,2026-06-05 13:30:06+00:00,Yes,Education,Medium
116483172644411527,"Myth: “They just need to toughen up and go.” Fact: For some students, school environments trigger panic, fear, and trauma responses. Forcing attendance without support can deepen the problem. https:// ymhc.me/schoolphobia # schoolanxiety # schoolattendancechallenges # schoolavoidance # schoolabsenteeism # mentalhealth # youthmentalhealth # studentwellbeing # ymhc",,2026-04-28 16:02:39+00:00,Yes,Education,Medium
115961286652404072,"Spotting school anxiety isn’t always easy. Some kids hide it behind silence, tummy aches or changes in behaviour. Here’s what to look out for so you can support them early. Read the full article here 👉 : https:// zurl.co/Nhxfd # BabyYumYum # BYY # SchoolAnxiety # ParentingTips # ChildWellbeing # BackToSchool # ParentingAdvice # AnxietyAwareness # BackToSchoolSA",,2026-01-26 12:00:12.475000+00:00,Yes,Education,Medium
115027406281228792,"Back-to-school jitters are common, but when worry becomes overwhelming, it may be school anxiety. This guide helps parents recognize the signs, understand triggers, and support children with compassion and practical tools for a calmer, more confident start to the school year. # backtoschool # schoolanxiety # kidswithanxiety # anxietyatschool https:// envisiontherapydfw.com/underst anding-school-anxiety-for-parents/",,2025-08-14 13:42:08.859000+00:00,Yes,Education,Medium
113920764770581205,"Schools and parents taking proactive approach to battling school anxiety: Teachers today need to be prepared more than ever to build strong relationships to help ease anxiety in children at the beginning of their school year, a long-time principal says. abc.net.au/news/2025-01-31/how -schools-support-anxious-students-new-year/104871122?utm_source=dlvr.it&utm_medium=mastodon # schoolanxiety # gettingkidsreadyforschool",,2025-01-31 03:08:35+00:00,Yes,Education,Medium
113177715718023083,Anxiety is the most common reason why parents choose to take pupils out of school. theguardian.com/education/2024 /sep/21/crisis-uk-children-homeschooled-parents-pupils-schools?fbclid=IwY2xjawFcG8FleHRuA2FlbQIxMQABHcjWdvfMr1-3RzvLHBUWagutKljuqIKDo_AmwX-iinNbiIL58ntRvHHdfQ_aem_DQTGbOgeezxD9iy_18rDKA # SchoolAnxiety # EBSA # SchoolTrauma # HomeEducation # Unschooling,"@ KatyElphinstone I begged and cried to be homeschooled to escape the ableist bullying. It didn’t work, but also the hell of abled people in every institution never really ended either. “Yay”?",2024-09-21 21:41:29+00:00,Yes,Education,Medium
113547771673807880,"I’m feeling discouraged today. Studying for exams is terrifying for me, and I’m struggling with anxiety around it. To make things harder, I’ve had issues contacting one of my subject coordinators about extra time accommodations. Accessibility services told me to reach out to the coordinators, and while one replied, the other hasn’t. I contacted them Saturday and again yesterday but still haven’t heard back. I’ve contacted disability services for advice, but I’m worried my accommodations might not be upheld. # DisabilitySupport # AccessibilityMatters # ExamAnxiety # InclusionMatters",,2024-11-26 06:11:35+00:00,Yes,Education,Medium
116370047237295760,"Although obviously I'm still mentally adjusting to taking redundancy and have up and down days about it, one thing I am enjoying is a good run of days without the the relentless stress induced brain fog I was suffering. Hard to describe feeling like everything is clear, defined, light and normal being a joy but it is. # jobstress # mentalhealth","@ matt303 and the actual sun is out, too, which always helps 😎",2026-04-08 16:33:23+00:00,Yes,Social Status,Low
111897398445382633,msn.com/en-us/health/other/cvs -pharmacist-s-death-becomes-cautionary-tale-of-crushing-stress-at-work/ar-BB1hY1MH?cvid=319490a45dbd4cf6809c5228357d3ec4&ocid=socialshare&ei=16 # JobStress,,2024-02-08 18:59:59.530000+00:00,Yes,Social Status,Low
111860318459577886,🔒 Facing the hidden challenges in cybersecurity? Our latest post delves into the real health issues of cybersecurity professionals. Discover practical tips to balance stress and maintain health in the high-stakes digital world. Stay ahead with us!🛡️ # CyberSecurityHealth # jobstress # workburnout # mentalwellbeing # CyberSecurity # infosecurity # informationsecurity # workstress # MentalHealthMatters # mentalhealth https:// wp.me/peSvjo-iT,,2024-02-02 05:50:03+00:00,Yes,Social Status,Low
116856499323458758,"As a GP in Germany, I struggle with the claim that “people don’t want to work.” In daily practice, I see the opposite: many patients push themselves to keep working, even when they should rest. They worry about burdening colleagues, unfinished tasks, or upcoming deadlines. If we want to understand rising sick leave, we need to look at real factors: increasing workload, constant pressure, lack of recovery time, social isolation, and overall exhaustion. Reducing this to a question of “motivation” ignores both evidence and lived experience. In my experience, people who genuinely try to avoid work are a tiny minority. Framing the issue this way feels similar to old narratives about unemployment—oversimplified, misleading, and disconnected from reality. # MedMastodon # GeneralPractice # PrimaryCare # WorkStress # MentalHealth # SickLeave # HealthPolicy # Germany # Arbeitswelt # Burnout # PublicHealth # Reform # AU # Arbeitsunfähigkeit # Gesundheitsreform # gesundheitspolitik # gesundheitssystem","@ hoppla Either the politicians who say these things have no idea what life is like for less privileged people... Or... There's something my history teacher said: ""They didn't say these things because they believed they were true, but because they had to be true to justify their plans.""",2026-07-03 14:24:33+00:00,Yes,Social Status,Medium
116856499323458758,"As a GP in Germany, I struggle with the claim that “people don’t want to work.” In daily practice, I see the opposite: many patients push themselves to keep working, even when they should rest. They worry about burdening colleagues, unfinished tasks, or upcoming deadlines. If we want to understand rising sick leave, we need to look at real factors: increasing workload, constant pressure, lack of recovery time, social isolation, and overall exhaustion. Reducing this to a question of “motivation” ignores both evidence and lived experience. In my experience, people who genuinely try to avoid work are a tiny minority. Framing the issue this way feels similar to old narratives about unemployment—oversimplified, misleading, and disconnected from reality. # MedMastodon # GeneralPractice # PrimaryCare # WorkStress # MentalHealth # SickLeave # HealthPolicy # Germany # Arbeitswelt # Burnout # PublicHealth # Reform # AU # Arbeitsunfähigkeit # Gesundheitsreform # gesundheitspolitik # gesundheitssystem",@ Anke it seems your history teacher was a wise man / woman.,2026-07-03 14:24:33+00:00,Yes,Social Status,Medium
116856499323458758,"As a GP in Germany, I struggle with the claim that “people don’t want to work.” In daily practice, I see the opposite: many patients push themselves to keep working, even when they should rest. They worry about burdening colleagues, unfinished tasks, or upcoming deadlines. If we want to understand rising sick leave, we need to look at real factors: increasing workload, constant pressure, lack of recovery time, social isolation, and overall exhaustion. Reducing this to a question of “motivation” ignores both evidence and lived experience. In my experience, people who genuinely try to avoid work are a tiny minority. Framing the issue this way feels similar to old narratives about unemployment—oversimplified, misleading, and disconnected from reality. # MedMastodon # GeneralPractice # PrimaryCare # WorkStress # MentalHealth # SickLeave # HealthPolicy # Germany # Arbeitswelt # Burnout # PublicHealth # Reform # AU # Arbeitsunfähigkeit # Gesundheitsreform # gesundheitspolitik # gesundheitssystem",@ Anke @ hoppla this looks like a reasonable explanation to me. The other plausible explanation being ignorance and lack of scientific thinking,2026-07-03 14:24:33+00:00,Yes,Social Status,Medium
116856499323458758,"As a GP in Germany, I struggle with the claim that “people don’t want to work.” In daily practice, I see the opposite: many patients push themselves to keep working, even when they should rest. They worry about burdening colleagues, unfinished tasks, or upcoming deadlines. If we want to understand rising sick leave, we need to look at real factors: increasing workload, constant pressure, lack of recovery time, social isolation, and overall exhaustion. Reducing this to a question of “motivation” ignores both evidence and lived experience. In my experience, people who genuinely try to avoid work are a tiny minority. Framing the issue this way feels similar to old narratives about unemployment—oversimplified, misleading, and disconnected from reality. # MedMastodon # GeneralPractice # PrimaryCare # WorkStress # MentalHealth # SickLeave # HealthPolicy # Germany # Arbeitswelt # Burnout # PublicHealth # Reform # AU # Arbeitsunfähigkeit # Gesundheitsreform # gesundheitspolitik # gesundheitssystem","@ Anke @ hoppla I think it's obviously the latter. The Spanish Right started an offensive against ""absentism"" in perfect sync, without there being any evidence that people miss work for any reason other than being sick. They just want to end sick pay, it's as simple as that.",2026-07-03 14:24:33+00:00,Yes,Social Status,Medium
116856499323458758,"As a GP in Germany, I struggle with the claim that “people don’t want to work.” In daily practice, I see the opposite: many patients push themselves to keep working, even when they should rest. They worry about burdening colleagues, unfinished tasks, or upcoming deadlines. If we want to understand rising sick leave, we need to look at real factors: increasing workload, constant pressure, lack of recovery time, social isolation, and overall exhaustion. Reducing this to a question of “motivation” ignores both evidence and lived experience. In my experience, people who genuinely try to avoid work are a tiny minority. Framing the issue this way feels similar to old narratives about unemployment—oversimplified, misleading, and disconnected from reality. # MedMastodon # GeneralPractice # PrimaryCare # WorkStress # MentalHealth # SickLeave # HealthPolicy # Germany # Arbeitswelt # Burnout # PublicHealth # Reform # AU # Arbeitsunfähigkeit # Gesundheitsreform # gesundheitspolitik # gesundheitssystem","@ ehproque @ Anke @ hoppla Ditto in the UK with ""Why are so many people taking sick leave?""",2026-07-03 14:24:33+00:00,Yes,Social Status,Medium
116856499323458758,"As a GP in Germany, I struggle with the claim that “people don’t want to work.” In daily practice, I see the opposite: many patients push themselves to keep working, even when they should rest. They worry about burdening colleagues, unfinished tasks, or upcoming deadlines. If we want to understand rising sick leave, we need to look at real factors: increasing workload, constant pressure, lack of recovery time, social isolation, and overall exhaustion. Reducing this to a question of “motivation” ignores both evidence and lived experience. In my experience, people who genuinely try to avoid work are a tiny minority. Framing the issue this way feels similar to old narratives about unemployment—oversimplified, misleading, and disconnected from reality. # MedMastodon # GeneralPractice # PrimaryCare # WorkStress # MentalHealth # SickLeave # HealthPolicy # Germany # Arbeitswelt # Burnout # PublicHealth # Reform # AU # Arbeitsunfähigkeit # Gesundheitsreform # gesundheitspolitik # gesundheitssystem",@ HollieK72 we're actually taking more sick leave since 2020. Did anything happen in 2020 to make us less healthy? It's a mystery @ Anke @ hoppla,2026-07-03 14:24:33+00:00,Yes,Social Status,Medium
116856499323458758,"As a GP in Germany, I struggle with the claim that “people don’t want to work.” In daily practice, I see the opposite: many patients push themselves to keep working, even when they should rest. They worry about burdening colleagues, unfinished tasks, or upcoming deadlines. If we want to understand rising sick leave, we need to look at real factors: increasing workload, constant pressure, lack of recovery time, social isolation, and overall exhaustion. Reducing this to a question of “motivation” ignores both evidence and lived experience. In my experience, people who genuinely try to avoid work are a tiny minority. Framing the issue this way feels similar to old narratives about unemployment—oversimplified, misleading, and disconnected from reality. # MedMastodon # GeneralPractice # PrimaryCare # WorkStress # MentalHealth # SickLeave # HealthPolicy # Germany # Arbeitswelt # Burnout # PublicHealth # Reform # AU # Arbeitsunfähigkeit # Gesundheitsreform # gesundheitspolitik # gesundheitssystem",@ Anke @ hoppla easy answers to difficult questions are always wrong. Once stated additional wrongness is required to keep up the pretence until black is white and up is down.,2026-07-03 14:24:33+00:00,Yes,Social Status,Medium
116856499323458758,"As a GP in Germany, I struggle with the claim that “people don’t want to work.” In daily practice, I see the opposite: many patients push themselves to keep working, even when they should rest. They worry about burdening colleagues, unfinished tasks, or upcoming deadlines. If we want to understand rising sick leave, we need to look at real factors: increasing workload, constant pressure, lack of recovery time, social isolation, and overall exhaustion. Reducing this to a question of “motivation” ignores both evidence and lived experience. In my experience, people who genuinely try to avoid work are a tiny minority. Framing the issue this way feels similar to old narratives about unemployment—oversimplified, misleading, and disconnected from reality. # MedMastodon # GeneralPractice # PrimaryCare # WorkStress # MentalHealth # SickLeave # HealthPolicy # Germany # Arbeitswelt # Burnout # PublicHealth # Reform # AU # Arbeitsunfähigkeit # Gesundheitsreform # gesundheitspolitik # gesundheitssystem",@ ABScientist This. Post-viral illness and disability must be accounted for. @ hoppla,2026-07-03 14:24:33+00:00,Yes,Social Status,Medium
116856499323458758,"As a GP in Germany, I struggle with the claim that “people don’t want to work.” In daily practice, I see the opposite: many patients push themselves to keep working, even when they should rest. They worry about burdening colleagues, unfinished tasks, or upcoming deadlines. If we want to understand rising sick leave, we need to look at real factors: increasing workload, constant pressure, lack of recovery time, social isolation, and overall exhaustion. Reducing this to a question of “motivation” ignores both evidence and lived experience. In my experience, people who genuinely try to avoid work are a tiny minority. Framing the issue this way feels similar to old narratives about unemployment—oversimplified, misleading, and disconnected from reality. # MedMastodon # GeneralPractice # PrimaryCare # WorkStress # MentalHealth # SickLeave # HealthPolicy # Germany # Arbeitswelt # Burnout # PublicHealth # Reform # AU # Arbeitsunfähigkeit # Gesundheitsreform # gesundheitspolitik # gesundheitssystem",@ feisty_lemming @ ABScientist thx for your input guys! Personally I don't see that too often and don't hear that often from colleagues. Can you recommend a landmark paper on this topic?,2026-07-03 14:24:33+00:00,Yes,Social Status,Medium
116856499323458758,"As a GP in Germany, I struggle with the claim that “people don’t want to work.” In daily practice, I see the opposite: many patients push themselves to keep working, even when they should rest. They worry about burdening colleagues, unfinished tasks, or upcoming deadlines. If we want to understand rising sick leave, we need to look at real factors: increasing workload, constant pressure, lack of recovery time, social isolation, and overall exhaustion. Reducing this to a question of “motivation” ignores both evidence and lived experience. In my experience, people who genuinely try to avoid work are a tiny minority. Framing the issue this way feels similar to old narratives about unemployment—oversimplified, misleading, and disconnected from reality. # MedMastodon # GeneralPractice # PrimaryCare # WorkStress # MentalHealth # SickLeave # HealthPolicy # Germany # Arbeitswelt # Burnout # PublicHealth # Reform # AU # Arbeitsunfähigkeit # Gesundheitsreform # gesundheitspolitik # gesundheitssystem",@ hoppla It is a complex condition with several subtypes. There’s a growing body of literature. But this recent study might be on point for you with respect to workforce participation and productivity: https:// doi.org/10.1016/j.ijid.2026.10 8913 @ ABScientist,2026-07-03 14:24:33+00:00,Yes,Social Status,Medium
116856499323458758,"As a GP in Germany, I struggle with the claim that “people don’t want to work.” In daily practice, I see the opposite: many patients push themselves to keep working, even when they should rest. They worry about burdening colleagues, unfinished tasks, or upcoming deadlines. If we want to understand rising sick leave, we need to look at real factors: increasing workload, constant pressure, lack of recovery time, social isolation, and overall exhaustion. Reducing this to a question of “motivation” ignores both evidence and lived experience. In my experience, people who genuinely try to avoid work are a tiny minority. Framing the issue this way feels similar to old narratives about unemployment—oversimplified, misleading, and disconnected from reality. # MedMastodon # GeneralPractice # PrimaryCare # WorkStress # MentalHealth # SickLeave # HealthPolicy # Germany # Arbeitswelt # Burnout # PublicHealth # Reform # AU # Arbeitsunfähigkeit # Gesundheitsreform # gesundheitspolitik # gesundheitssystem","@ hoppla There is also this, specific to long Covid and ME/CFS impacts in Germany. https:// mecfs-research.org/en/costrepo rt-long-covid-and-mecfs/ .social",2026-07-03 14:24:33+00:00,Yes,Social Status,Medium
116856499323458758,"As a GP in Germany, I struggle with the claim that “people don’t want to work.” In daily practice, I see the opposite: many patients push themselves to keep working, even when they should rest. They worry about burdening colleagues, unfinished tasks, or upcoming deadlines. If we want to understand rising sick leave, we need to look at real factors: increasing workload, constant pressure, lack of recovery time, social isolation, and overall exhaustion. Reducing this to a question of “motivation” ignores both evidence and lived experience. In my experience, people who genuinely try to avoid work are a tiny minority. Framing the issue this way feels similar to old narratives about unemployment—oversimplified, misleading, and disconnected from reality. # MedMastodon # GeneralPractice # PrimaryCare # WorkStress # MentalHealth # SickLeave # HealthPolicy # Germany # Arbeitswelt # Burnout # PublicHealth # Reform # AU # Arbeitsunfähigkeit # Gesundheitsreform # gesundheitspolitik # gesundheitssystem","@ hoppla @ feisty_lemming @ ABScientist There's not only guys on the Internet just by the way. All too many are underdiagnosed or misdiagnosed. ""Psychosomatic"" ""Depression from social isolation 'during' Covid"" (Covid is not over in fact), might well be social isolation as consequence of no energy after work because of (possibly undiagnosed or misdiagnosed) LC.",2026-07-03 14:24:33+00:00,Yes,Social Status,Medium
116856499323458758,"As a GP in Germany, I struggle with the claim that “people don’t want to work.” In daily practice, I see the opposite: many patients push themselves to keep working, even when they should rest. They worry about burdening colleagues, unfinished tasks, or upcoming deadlines. If we want to understand rising sick leave, we need to look at real factors: increasing workload, constant pressure, lack of recovery time, social isolation, and overall exhaustion. Reducing this to a question of “motivation” ignores both evidence and lived experience. In my experience, people who genuinely try to avoid work are a tiny minority. Framing the issue this way feels similar to old narratives about unemployment—oversimplified, misleading, and disconnected from reality. # MedMastodon # GeneralPractice # PrimaryCare # WorkStress # MentalHealth # SickLeave # HealthPolicy # Germany # Arbeitswelt # Burnout # PublicHealth # Reform # AU # Arbeitsunfähigkeit # Gesundheitsreform # gesundheitspolitik # gesundheitssystem","@ hoppla @ feisty_lemming @ ABScientist And when they after a while can't work (fully) like this, even at the price of giving up the rest of the life, they suddenly fall officially sick, from said ""depression from social isolation"" or ""burnout"". Just as possible way how you might come to see LongCovid sufferers but possibly not seeing them *as* LongCovid sufferers. Unfortunately not so many gps even dare to diagnose LC even though they're IIRC technically allowed to.",2026-07-03 14:24:33+00:00,Yes,Social Status,Medium
116856499323458758,"As a GP in Germany, I struggle with the claim that “people don’t want to work.” In daily practice, I see the opposite: many patients push themselves to keep working, even when they should rest. They worry about burdening colleagues, unfinished tasks, or upcoming deadlines. If we want to understand rising sick leave, we need to look at real factors: increasing workload, constant pressure, lack of recovery time, social isolation, and overall exhaustion. Reducing this to a question of “motivation” ignores both evidence and lived experience. In my experience, people who genuinely try to avoid work are a tiny minority. Framing the issue this way feels similar to old narratives about unemployment—oversimplified, misleading, and disconnected from reality. # MedMastodon # GeneralPractice # PrimaryCare # WorkStress # MentalHealth # SickLeave # HealthPolicy # Germany # Arbeitswelt # Burnout # PublicHealth # Reform # AU # Arbeitsunfähigkeit # Gesundheitsreform # gesundheitspolitik # gesundheitssystem",@ hoppla @ feisty_lemming @ ABScientist And who thinks about LC in the cases that might be just a bit less severe than the very stereotypical ones (but severe enough to cause issues)...,2026-07-03 14:24:33+00:00,Yes,Social Status,Medium
116856499323458758,"As a GP in Germany, I struggle with the claim that “people don’t want to work.” In daily practice, I see the opposite: many patients push themselves to keep working, even when they should rest. They worry about burdening colleagues, unfinished tasks, or upcoming deadlines. If we want to understand rising sick leave, we need to look at real factors: increasing workload, constant pressure, lack of recovery time, social isolation, and overall exhaustion. Reducing this to a question of “motivation” ignores both evidence and lived experience. In my experience, people who genuinely try to avoid work are a tiny minority. Framing the issue this way feels similar to old narratives about unemployment—oversimplified, misleading, and disconnected from reality. # MedMastodon # GeneralPractice # PrimaryCare # WorkStress # MentalHealth # SickLeave # HealthPolicy # Germany # Arbeitswelt # Burnout # PublicHealth # Reform # AU # Arbeitsunfähigkeit # Gesundheitsreform # gesundheitspolitik # gesundheitssystem","@ hoppla @ feisty_lemming @ ABScientist LC is very not rare (link I sent, and others sent info too).",2026-07-03 14:24:33+00:00,Yes,Social Status,Medium
116856499323458758,"As a GP in Germany, I struggle with the claim that “people don’t want to work.” In daily practice, I see the opposite: many patients push themselves to keep working, even when they should rest. They worry about burdening colleagues, unfinished tasks, or upcoming deadlines. If we want to understand rising sick leave, we need to look at real factors: increasing workload, constant pressure, lack of recovery time, social isolation, and overall exhaustion. Reducing this to a question of “motivation” ignores both evidence and lived experience. In my experience, people who genuinely try to avoid work are a tiny minority. Framing the issue this way feels similar to old narratives about unemployment—oversimplified, misleading, and disconnected from reality. # MedMastodon # GeneralPractice # PrimaryCare # WorkStress # MentalHealth # SickLeave # HealthPolicy # Germany # Arbeitswelt # Burnout # PublicHealth # Reform # AU # Arbeitsunfähigkeit # Gesundheitsreform # gesundheitspolitik # gesundheitssystem","@ hoppla @ project1enigma @ ABScientist @ feisty_lemming here in Ireland, I’m seeing that people want any diagnosis except Long Covid, there’s a strong stigma attached to it",2026-07-03 14:24:33+00:00,Yes,Social Status,Medium
116856499323458758,"As a GP in Germany, I struggle with the claim that “people don’t want to work.” In daily practice, I see the opposite: many patients push themselves to keep working, even when they should rest. They worry about burdening colleagues, unfinished tasks, or upcoming deadlines. If we want to understand rising sick leave, we need to look at real factors: increasing workload, constant pressure, lack of recovery time, social isolation, and overall exhaustion. Reducing this to a question of “motivation” ignores both evidence and lived experience. In my experience, people who genuinely try to avoid work are a tiny minority. Framing the issue this way feels similar to old narratives about unemployment—oversimplified, misleading, and disconnected from reality. # MedMastodon # GeneralPractice # PrimaryCare # WorkStress # MentalHealth # SickLeave # HealthPolicy # Germany # Arbeitswelt # Burnout # PublicHealth # Reform # AU # Arbeitsunfähigkeit # Gesundheitsreform # gesundheitspolitik # gesundheitssystem","@ hoppla Just today: “A record number of Americans are exiting the labor force, with the participation rate falling to its lowest level in five decades, and experts debate whether retirements, caregiving pressures, return‑to‑office mandates, or discouragement from a weak job market are driving the trend.” It’s odd that post-infection conditions are not considered. We knew in 2020 that long Covid had potential to be a mass-disabling condition. usatoday.com/story/money/econo my/2026/07/09/why-americans-leave-workforce/90826379007/",2026-07-03 14:24:33+00:00,Yes,Social Status,Medium
116856499323458758,"As a GP in Germany, I struggle with the claim that “people don’t want to work.” In daily practice, I see the opposite: many patients push themselves to keep working, even when they should rest. They worry about burdening colleagues, unfinished tasks, or upcoming deadlines. If we want to understand rising sick leave, we need to look at real factors: increasing workload, constant pressure, lack of recovery time, social isolation, and overall exhaustion. Reducing this to a question of “motivation” ignores both evidence and lived experience. In my experience, people who genuinely try to avoid work are a tiny minority. Framing the issue this way feels similar to old narratives about unemployment—oversimplified, misleading, and disconnected from reality. # MedMastodon # GeneralPractice # PrimaryCare # WorkStress # MentalHealth # SickLeave # HealthPolicy # Germany # Arbeitswelt # Burnout # PublicHealth # Reform # AU # Arbeitsunfähigkeit # Gesundheitsreform # gesundheitspolitik # gesundheitssystem","@ hoppla Also, we are in a slow economic decline, which mostly the working class feels. This additional stress also makes people more likely to really become ill. The economy won't recover if you beat it, you need to tend it. All parts of it.",2026-07-03 14:24:33+00:00,Yes,Social Status,Medium
116856499323458758,"As a GP in Germany, I struggle with the claim that “people don’t want to work.” In daily practice, I see the opposite: many patients push themselves to keep working, even when they should rest. They worry about burdening colleagues, unfinished tasks, or upcoming deadlines. If we want to understand rising sick leave, we need to look at real factors: increasing workload, constant pressure, lack of recovery time, social isolation, and overall exhaustion. Reducing this to a question of “motivation” ignores both evidence and lived experience. In my experience, people who genuinely try to avoid work are a tiny minority. Framing the issue this way feels similar to old narratives about unemployment—oversimplified, misleading, and disconnected from reality. # MedMastodon # GeneralPractice # PrimaryCare # WorkStress # MentalHealth # SickLeave # HealthPolicy # Germany # Arbeitswelt # Burnout # PublicHealth # Reform # AU # Arbeitsunfähigkeit # Gesundheitsreform # gesundheitspolitik # gesundheitssystem","@ hoppla I found the same working in mental health support. It was much more common to stop too late, making medium or long term disability more likely. This is encourged by society.",2026-07-03 14:24:33+00:00,Yes,Social Status,Medium
116856499323458758,"As a GP in Germany, I struggle with the claim that “people don’t want to work.” In daily practice, I see the opposite: many patients push themselves to keep working, even when they should rest. They worry about burdening colleagues, unfinished tasks, or upcoming deadlines. If we want to understand rising sick leave, we need to look at real factors: increasing workload, constant pressure, lack of recovery time, social isolation, and overall exhaustion. Reducing this to a question of “motivation” ignores both evidence and lived experience. In my experience, people who genuinely try to avoid work are a tiny minority. Framing the issue this way feels similar to old narratives about unemployment—oversimplified, misleading, and disconnected from reality. # MedMastodon # GeneralPractice # PrimaryCare # WorkStress # MentalHealth # SickLeave # HealthPolicy # Germany # Arbeitswelt # Burnout # PublicHealth # Reform # AU # Arbeitsunfähigkeit # Gesundheitsreform # gesundheitspolitik # gesundheitssystem",@ treehugger thx Lyndsay for sharing this. That matches my daily experiences.,2026-07-03 14:24:33+00:00,Yes,Social Status,Medium
116856499323458758,"As a GP in Germany, I struggle with the claim that “people don’t want to work.” In daily practice, I see the opposite: many patients push themselves to keep working, even when they should rest. They worry about burdening colleagues, unfinished tasks, or upcoming deadlines. If we want to understand rising sick leave, we need to look at real factors: increasing workload, constant pressure, lack of recovery time, social isolation, and overall exhaustion. Reducing this to a question of “motivation” ignores both evidence and lived experience. In my experience, people who genuinely try to avoid work are a tiny minority. Framing the issue this way feels similar to old narratives about unemployment—oversimplified, misleading, and disconnected from reality. # MedMastodon # GeneralPractice # PrimaryCare # WorkStress # MentalHealth # SickLeave # HealthPolicy # Germany # Arbeitswelt # Burnout # PublicHealth # Reform # AU # Arbeitsunfähigkeit # Gesundheitsreform # gesundheitspolitik # gesundheitssystem","@ treehugger I was having a similar discussion with someone about retirement earlier. Many older people perform voluntary work and get a great deal out of it, a win win. But some do it, or do too much, out of a sense of obligation. People who are older, disabled &/or chronically ill often carry a burden of guilt that no amount of work is enough to remove.",2026-07-03 14:24:33+00:00,Yes,Social Status,Medium
116856499323458758,"As a GP in Germany, I struggle with the claim that “people don’t want to work.” In daily practice, I see the opposite: many patients push themselves to keep working, even when they should rest. They worry about burdening colleagues, unfinished tasks, or upcoming deadlines. If we want to understand rising sick leave, we need to look at real factors: increasing workload, constant pressure, lack of recovery time, social isolation, and overall exhaustion. Reducing this to a question of “motivation” ignores both evidence and lived experience. In my experience, people who genuinely try to avoid work are a tiny minority. Framing the issue this way feels similar to old narratives about unemployment—oversimplified, misleading, and disconnected from reality. # MedMastodon # GeneralPractice # PrimaryCare # WorkStress # MentalHealth # SickLeave # HealthPolicy # Germany # Arbeitswelt # Burnout # PublicHealth # Reform # AU # Arbeitsunfähigkeit # Gesundheitsreform # gesundheitspolitik # gesundheitssystem","@ hoppla Also, at least some people have gotten more conscientious about not wanting to get their colleagues sick. One way to reduce sick leave AND reduce illnesses is to not just allow but actively encourage remote work when people have mild symptoms like coughs and runny nose. Obviously that doesn't work in all jobs, but it should absolutely be the norm for office work that if you're coughing and sneezing, you join meetings by phone or video from home rather than in the office.",2026-07-03 14:24:33+00:00,Yes,Social Status,Medium
116856499323458758,"As a GP in Germany, I struggle with the claim that “people don’t want to work.” In daily practice, I see the opposite: many patients push themselves to keep working, even when they should rest. They worry about burdening colleagues, unfinished tasks, or upcoming deadlines. If we want to understand rising sick leave, we need to look at real factors: increasing workload, constant pressure, lack of recovery time, social isolation, and overall exhaustion. Reducing this to a question of “motivation” ignores both evidence and lived experience. In my experience, people who genuinely try to avoid work are a tiny minority. Framing the issue this way feels similar to old narratives about unemployment—oversimplified, misleading, and disconnected from reality. # MedMastodon # GeneralPractice # PrimaryCare # WorkStress # MentalHealth # SickLeave # HealthPolicy # Germany # Arbeitswelt # Burnout # PublicHealth # Reform # AU # Arbeitsunfähigkeit # Gesundheitsreform # gesundheitspolitik # gesundheitssystem",@ PedestrianError I was me of those dedicated teachers who found coming to work easier than writing up lessons suitable for someone else to teach and then catching my students up afterwards when they were given “free time” instead. But i bet my colleagues cursed me. Wouldn’t do it now.,2026-07-03 14:24:33+00:00,Yes,Social Status,Medium
116856499323458758,"As a GP in Germany, I struggle with the claim that “people don’t want to work.” In daily practice, I see the opposite: many patients push themselves to keep working, even when they should rest. They worry about burdening colleagues, unfinished tasks, or upcoming deadlines. If we want to understand rising sick leave, we need to look at real factors: increasing workload, constant pressure, lack of recovery time, social isolation, and overall exhaustion. Reducing this to a question of “motivation” ignores both evidence and lived experience. In my experience, people who genuinely try to avoid work are a tiny minority. Framing the issue this way feels similar to old narratives about unemployment—oversimplified, misleading, and disconnected from reality. # MedMastodon # GeneralPractice # PrimaryCare # WorkStress # MentalHealth # SickLeave # HealthPolicy # Germany # Arbeitswelt # Burnout # PublicHealth # Reform # AU # Arbeitsunfähigkeit # Gesundheitsreform # gesundheitspolitik # gesundheitssystem","@ hoppla Engel's had a term for it: https:// en.wikipedia.org/wiki/Social_m urder just because we're doing better in the mean, doesn't mean there isn't a long tail that still dips into similar conditions an extreme enough meritocracy is ultimately about proving your right to live",2026-07-03 14:24:33+00:00,Yes,Social Status,Medium
116856499323458758,"As a GP in Germany, I struggle with the claim that “people don’t want to work.” In daily practice, I see the opposite: many patients push themselves to keep working, even when they should rest. They worry about burdening colleagues, unfinished tasks, or upcoming deadlines. If we want to understand rising sick leave, we need to look at real factors: increasing workload, constant pressure, lack of recovery time, social isolation, and overall exhaustion. Reducing this to a question of “motivation” ignores both evidence and lived experience. In my experience, people who genuinely try to avoid work are a tiny minority. Framing the issue this way feels similar to old narratives about unemployment—oversimplified, misleading, and disconnected from reality. # MedMastodon # GeneralPractice # PrimaryCare # WorkStress # MentalHealth # SickLeave # HealthPolicy # Germany # Arbeitswelt # Burnout # PublicHealth # Reform # AU # Arbeitsunfähigkeit # Gesundheitsreform # gesundheitspolitik # gesundheitssystem","@ hoppla You probably know this, but I am going to say it anyway: ""people don't want to work"" is not worth struggling over. It is an obvious piece of fascist propaganda. A far-right myth of an undeserving people ""mooching off our poor hard-working job-creators"". What a joke. It's so clumsy and obvious. Throw it down and step on it. If peopel are getting sick more: It's covid. It's car exhausts. It's hateful middle-aged men with power. All of that is enough to make a person sick.",2026-07-03 14:24:33+00:00,Yes,Social Status,Medium
116856499323458758,"As a GP in Germany, I struggle with the claim that “people don’t want to work.” In daily practice, I see the opposite: many patients push themselves to keep working, even when they should rest. They worry about burdening colleagues, unfinished tasks, or upcoming deadlines. If we want to understand rising sick leave, we need to look at real factors: increasing workload, constant pressure, lack of recovery time, social isolation, and overall exhaustion. Reducing this to a question of “motivation” ignores both evidence and lived experience. In my experience, people who genuinely try to avoid work are a tiny minority. Framing the issue this way feels similar to old narratives about unemployment—oversimplified, misleading, and disconnected from reality. # MedMastodon # GeneralPractice # PrimaryCare # WorkStress # MentalHealth # SickLeave # HealthPolicy # Germany # Arbeitswelt # Burnout # PublicHealth # Reform # AU # Arbeitsunfähigkeit # Gesundheitsreform # gesundheitspolitik # gesundheitssystem","@ androcat @ hoppla People shouldnt want to work, people shouldnt be forced to work. Whats called work today is largely bullshit.",2026-07-03 14:24:33+00:00,Yes,Social Status,Medium
116856499323458758,"As a GP in Germany, I struggle with the claim that “people don’t want to work.” In daily practice, I see the opposite: many patients push themselves to keep working, even when they should rest. They worry about burdening colleagues, unfinished tasks, or upcoming deadlines. If we want to understand rising sick leave, we need to look at real factors: increasing workload, constant pressure, lack of recovery time, social isolation, and overall exhaustion. Reducing this to a question of “motivation” ignores both evidence and lived experience. In my experience, people who genuinely try to avoid work are a tiny minority. Framing the issue this way feels similar to old narratives about unemployment—oversimplified, misleading, and disconnected from reality. # MedMastodon # GeneralPractice # PrimaryCare # WorkStress # MentalHealth # SickLeave # HealthPolicy # Germany # Arbeitswelt # Burnout # PublicHealth # Reform # AU # Arbeitsunfähigkeit # Gesundheitsreform # gesundheitspolitik # gesundheitssystem","@ EinsPossum @ hoppla Be that as it may, the slogan ""people don't want to work"" is a definite conspiracy that can be traced to companies associated with the US far right.",2026-07-03 14:24:33+00:00,Yes,Social Status,Medium
116856499323458758,"As a GP in Germany, I struggle with the claim that “people don’t want to work.” In daily practice, I see the opposite: many patients push themselves to keep working, even when they should rest. They worry about burdening colleagues, unfinished tasks, or upcoming deadlines. If we want to understand rising sick leave, we need to look at real factors: increasing workload, constant pressure, lack of recovery time, social isolation, and overall exhaustion. Reducing this to a question of “motivation” ignores both evidence and lived experience. In my experience, people who genuinely try to avoid work are a tiny minority. Framing the issue this way feels similar to old narratives about unemployment—oversimplified, misleading, and disconnected from reality. # MedMastodon # GeneralPractice # PrimaryCare # WorkStress # MentalHealth # SickLeave # HealthPolicy # Germany # Arbeitswelt # Burnout # PublicHealth # Reform # AU # Arbeitsunfähigkeit # Gesundheitsreform # gesundheitspolitik # gesundheitssystem","@ hoppla Those who don't want to work, what do they want to do? I doubt anyone wants to sit and feel useless, and there are many ways to contribute to society that we don't think of as ""work"".",2026-07-03 14:24:33+00:00,Yes,Social Status,Medium
116856499323458758,"As a GP in Germany, I struggle with the claim that “people don’t want to work.” In daily practice, I see the opposite: many patients push themselves to keep working, even when they should rest. They worry about burdening colleagues, unfinished tasks, or upcoming deadlines. If we want to understand rising sick leave, we need to look at real factors: increasing workload, constant pressure, lack of recovery time, social isolation, and overall exhaustion. Reducing this to a question of “motivation” ignores both evidence and lived experience. In my experience, people who genuinely try to avoid work are a tiny minority. Framing the issue this way feels similar to old narratives about unemployment—oversimplified, misleading, and disconnected from reality. # MedMastodon # GeneralPractice # PrimaryCare # WorkStress # MentalHealth # SickLeave # HealthPolicy # Germany # Arbeitswelt # Burnout # PublicHealth # Reform # AU # Arbeitsunfähigkeit # Gesundheitsreform # gesundheitspolitik # gesundheitssystem",@ zash I can't applaud loud enough for this view. In a world shifted by AI we need a radical new understanding about what we want to call work. As far as I comphrend social sciences is working on it for decades already.,2026-07-03 14:24:33+00:00,Yes,Social Status,Medium
116856499323458758,"As a GP in Germany, I struggle with the claim that “people don’t want to work.” In daily practice, I see the opposite: many patients push themselves to keep working, even when they should rest. They worry about burdening colleagues, unfinished tasks, or upcoming deadlines. If we want to understand rising sick leave, we need to look at real factors: increasing workload, constant pressure, lack of recovery time, social isolation, and overall exhaustion. Reducing this to a question of “motivation” ignores both evidence and lived experience. In my experience, people who genuinely try to avoid work are a tiny minority. Framing the issue this way feels similar to old narratives about unemployment—oversimplified, misleading, and disconnected from reality. # MedMastodon # GeneralPractice # PrimaryCare # WorkStress # MentalHealth # SickLeave # HealthPolicy # Germany # Arbeitswelt # Burnout # PublicHealth # Reform # AU # Arbeitsunfähigkeit # Gesundheitsreform # gesundheitspolitik # gesundheitssystem","@ hoppla @ zash Guess why fascists and radical conservatives want to get rid of social studies and other ""soft"" sciences.",2026-07-03 14:24:33+00:00,Yes,Social Status,Medium
116856499323458758,"As a GP in Germany, I struggle with the claim that “people don’t want to work.” In daily practice, I see the opposite: many patients push themselves to keep working, even when they should rest. They worry about burdening colleagues, unfinished tasks, or upcoming deadlines. If we want to understand rising sick leave, we need to look at real factors: increasing workload, constant pressure, lack of recovery time, social isolation, and overall exhaustion. Reducing this to a question of “motivation” ignores both evidence and lived experience. In my experience, people who genuinely try to avoid work are a tiny minority. Framing the issue this way feels similar to old narratives about unemployment—oversimplified, misleading, and disconnected from reality. # MedMastodon # GeneralPractice # PrimaryCare # WorkStress # MentalHealth # SickLeave # HealthPolicy # Germany # Arbeitswelt # Burnout # PublicHealth # Reform # AU # Arbeitsunfähigkeit # Gesundheitsreform # gesundheitspolitik # gesundheitssystem","@ zash @ hoppla This! I was going to reply saying I don't want to work (and actually am not, for a while). However, I don't sit around doing nothing all day, I just don't get paid for it (but the stress levels are so much better now).",2026-07-03 14:24:33+00:00,Yes,Social Status,Medium
116856499323458758,"As a GP in Germany, I struggle with the claim that “people don’t want to work.” In daily practice, I see the opposite: many patients push themselves to keep working, even when they should rest. They worry about burdening colleagues, unfinished tasks, or upcoming deadlines. If we want to understand rising sick leave, we need to look at real factors: increasing workload, constant pressure, lack of recovery time, social isolation, and overall exhaustion. Reducing this to a question of “motivation” ignores both evidence and lived experience. In my experience, people who genuinely try to avoid work are a tiny minority. Framing the issue this way feels similar to old narratives about unemployment—oversimplified, misleading, and disconnected from reality. # MedMastodon # GeneralPractice # PrimaryCare # WorkStress # MentalHealth # SickLeave # HealthPolicy # Germany # Arbeitswelt # Burnout # PublicHealth # Reform # AU # Arbeitsunfähigkeit # Gesundheitsreform # gesundheitspolitik # gesundheitssystem","@ hoppla IMO this (the problems and the demonisation of those suffering) is rooted in the inequality that is the main result of capitalism, which in turn is the seed of fascism time and again. Until we can produce growth in a truly democratic system (where money does not relate to power), we are doomed to repeat the horrors of preceding centuries.",2026-07-03 14:24:33+00:00,Yes,Social Status,Medium
116856499323458758,"As a GP in Germany, I struggle with the claim that “people don’t want to work.” In daily practice, I see the opposite: many patients push themselves to keep working, even when they should rest. They worry about burdening colleagues, unfinished tasks, or upcoming deadlines. If we want to understand rising sick leave, we need to look at real factors: increasing workload, constant pressure, lack of recovery time, social isolation, and overall exhaustion. Reducing this to a question of “motivation” ignores both evidence and lived experience. In my experience, people who genuinely try to avoid work are a tiny minority. Framing the issue this way feels similar to old narratives about unemployment—oversimplified, misleading, and disconnected from reality. # MedMastodon # GeneralPractice # PrimaryCare # WorkStress # MentalHealth # SickLeave # HealthPolicy # Germany # Arbeitswelt # Burnout # PublicHealth # Reform # AU # Arbeitsunfähigkeit # Gesundheitsreform # gesundheitspolitik # gesundheitssystem",@ hoppla we still are in a pandemic that most people are trying to memory hole instead of trying to protect themselves. of course people get sick a lot. this entire society is a bad joke.,2026-07-03 14:24:33+00:00,Yes,Social Status,Medium
116856499323458758,"As a GP in Germany, I struggle with the claim that “people don’t want to work.” In daily practice, I see the opposite: many patients push themselves to keep working, even when they should rest. They worry about burdening colleagues, unfinished tasks, or upcoming deadlines. If we want to understand rising sick leave, we need to look at real factors: increasing workload, constant pressure, lack of recovery time, social isolation, and overall exhaustion. Reducing this to a question of “motivation” ignores both evidence and lived experience. In my experience, people who genuinely try to avoid work are a tiny minority. Framing the issue this way feels similar to old narratives about unemployment—oversimplified, misleading, and disconnected from reality. # MedMastodon # GeneralPractice # PrimaryCare # WorkStress # MentalHealth # SickLeave # HealthPolicy # Germany # Arbeitswelt # Burnout # PublicHealth # Reform # AU # Arbeitsunfähigkeit # Gesundheitsreform # gesundheitspolitik # gesundheitssystem",@ hoppla When someone uses the phrase “people don’t want to work” it can mean that people don't want to work as hard and as cheap that someone wants. May that person may only work with non-yellow unions. Edit: essentially you cannot not work in a pay-to-live system.,2026-07-03 14:24:33+00:00,Yes,Social Status,Medium
116856499323458758,"As a GP in Germany, I struggle with the claim that “people don’t want to work.” In daily practice, I see the opposite: many patients push themselves to keep working, even when they should rest. They worry about burdening colleagues, unfinished tasks, or upcoming deadlines. If we want to understand rising sick leave, we need to look at real factors: increasing workload, constant pressure, lack of recovery time, social isolation, and overall exhaustion. Reducing this to a question of “motivation” ignores both evidence and lived experience. In my experience, people who genuinely try to avoid work are a tiny minority. Framing the issue this way feels similar to old narratives about unemployment—oversimplified, misleading, and disconnected from reality. # MedMastodon # GeneralPractice # PrimaryCare # WorkStress # MentalHealth # SickLeave # HealthPolicy # Germany # Arbeitswelt # Burnout # PublicHealth # Reform # AU # Arbeitsunfähigkeit # Gesundheitsreform # gesundheitspolitik # gesundheitssystem","@ hoppla it applies to training also - the psychology but back it up with data # preventative care # human factors engineering # bioinformatics for certain patients tell them to pray and believe in placebo effect plus see what ai thinks - almost like unit testing, if it helps find that one outlier case could be worth the electricity usage # house ai # localagi",2026-07-03 14:24:33+00:00,Yes,Social Status,Medium
116856499323458758,"As a GP in Germany, I struggle with the claim that “people don’t want to work.” In daily practice, I see the opposite: many patients push themselves to keep working, even when they should rest. They worry about burdening colleagues, unfinished tasks, or upcoming deadlines. If we want to understand rising sick leave, we need to look at real factors: increasing workload, constant pressure, lack of recovery time, social isolation, and overall exhaustion. Reducing this to a question of “motivation” ignores both evidence and lived experience. In my experience, people who genuinely try to avoid work are a tiny minority. Framing the issue this way feels similar to old narratives about unemployment—oversimplified, misleading, and disconnected from reality. # MedMastodon # GeneralPractice # PrimaryCare # WorkStress # MentalHealth # SickLeave # HealthPolicy # Germany # Arbeitswelt # Burnout # PublicHealth # Reform # AU # Arbeitsunfähigkeit # Gesundheitsreform # gesundheitspolitik # gesundheitssystem","@ hoppla @ quixoticgeek I see the same framing in France and it’s dangerous. I know that I had my GP angry at me for working with the flu, or when I took pills because work was awful. I’m glad he gave me the talk (even if… well… I continue working from home when I’m sick, like an idiot)",2026-07-03 14:24:33+00:00,Yes,Social Status,Medium
116856499323458758,"As a GP in Germany, I struggle with the claim that “people don’t want to work.” In daily practice, I see the opposite: many patients push themselves to keep working, even when they should rest. They worry about burdening colleagues, unfinished tasks, or upcoming deadlines. If we want to understand rising sick leave, we need to look at real factors: increasing workload, constant pressure, lack of recovery time, social isolation, and overall exhaustion. Reducing this to a question of “motivation” ignores both evidence and lived experience. In my experience, people who genuinely try to avoid work are a tiny minority. Framing the issue this way feels similar to old narratives about unemployment—oversimplified, misleading, and disconnected from reality. # MedMastodon # GeneralPractice # PrimaryCare # WorkStress # MentalHealth # SickLeave # HealthPolicy # Germany # Arbeitswelt # Burnout # PublicHealth # Reform # AU # Arbeitsunfähigkeit # Gesundheitsreform # gesundheitspolitik # gesundheitssystem",@ hoppla thank you for saying this as a GP. My wife has struggled with chronic pain and other serious medical issues all stemming from a workplace injury for which she never received long term compensation or support for. She has a deep work ethic and feels constant guilt and shame for not being able to work. She feels responsible for her own disability while at the same time feeling deep frustration with the systems and workplaces that have so obviously failed her.,2026-07-03 14:24:33+00:00,Yes,Social Status,Medium
116856499323458758,"As a GP in Germany, I struggle with the claim that “people don’t want to work.” In daily practice, I see the opposite: many patients push themselves to keep working, even when they should rest. They worry about burdening colleagues, unfinished tasks, or upcoming deadlines. If we want to understand rising sick leave, we need to look at real factors: increasing workload, constant pressure, lack of recovery time, social isolation, and overall exhaustion. Reducing this to a question of “motivation” ignores both evidence and lived experience. In my experience, people who genuinely try to avoid work are a tiny minority. Framing the issue this way feels similar to old narratives about unemployment—oversimplified, misleading, and disconnected from reality. # MedMastodon # GeneralPractice # PrimaryCare # WorkStress # MentalHealth # SickLeave # HealthPolicy # Germany # Arbeitswelt # Burnout # PublicHealth # Reform # AU # Arbeitsunfähigkeit # Gesundheitsreform # gesundheitspolitik # gesundheitssystem","@ chris I'm so sorry. I can only try to imagine what it's like for your wife (living with pain, and maybe with the quieter ache of feeling unseen by the systems that were supposed to catch her). That loss of identity, of feeling needed in the ways she once was, sounds like its own kind of grief. I hope she finds moments, even small ones, where she feels like herself again, not because she's contributing, but just because she's here. 🫶",2026-07-03 14:24:33+00:00,Yes,Social Status,Medium
116856499323458758,"As a GP in Germany, I struggle with the claim that “people don’t want to work.” In daily practice, I see the opposite: many patients push themselves to keep working, even when they should rest. They worry about burdening colleagues, unfinished tasks, or upcoming deadlines. If we want to understand rising sick leave, we need to look at real factors: increasing workload, constant pressure, lack of recovery time, social isolation, and overall exhaustion. Reducing this to a question of “motivation” ignores both evidence and lived experience. In my experience, people who genuinely try to avoid work are a tiny minority. Framing the issue this way feels similar to old narratives about unemployment—oversimplified, misleading, and disconnected from reality. # MedMastodon # GeneralPractice # PrimaryCare # WorkStress # MentalHealth # SickLeave # HealthPolicy # Germany # Arbeitswelt # Burnout # PublicHealth # Reform # AU # Arbeitsunfähigkeit # Gesundheitsreform # gesundheitspolitik # gesundheitssystem",@ hoppla thank you,2026-07-03 14:24:33+00:00,Yes,Social Status,Medium
116856499323458758,"As a GP in Germany, I struggle with the claim that “people don’t want to work.” In daily practice, I see the opposite: many patients push themselves to keep working, even when they should rest. They worry about burdening colleagues, unfinished tasks, or upcoming deadlines. If we want to understand rising sick leave, we need to look at real factors: increasing workload, constant pressure, lack of recovery time, social isolation, and overall exhaustion. Reducing this to a question of “motivation” ignores both evidence and lived experience. In my experience, people who genuinely try to avoid work are a tiny minority. Framing the issue this way feels similar to old narratives about unemployment—oversimplified, misleading, and disconnected from reality. # MedMastodon # GeneralPractice # PrimaryCare # WorkStress # MentalHealth # SickLeave # HealthPolicy # Germany # Arbeitswelt # Burnout # PublicHealth # Reform # AU # Arbeitsunfähigkeit # Gesundheitsreform # gesundheitspolitik # gesundheitssystem","@ hoppla We complain about not having enough GPs, or about people overloading emergency rooms for peanuts. But suddenly it's perfectly OK to ask people who have a light flu and who know they just need 2-3 days rest, to consume medical ressources just to have that paper filled and stamped.",2026-07-03 14:24:33+00:00,Yes,Social Status,Medium
116856499323458758,"As a GP in Germany, I struggle with the claim that “people don’t want to work.” In daily practice, I see the opposite: many patients push themselves to keep working, even when they should rest. They worry about burdening colleagues, unfinished tasks, or upcoming deadlines. If we want to understand rising sick leave, we need to look at real factors: increasing workload, constant pressure, lack of recovery time, social isolation, and overall exhaustion. Reducing this to a question of “motivation” ignores both evidence and lived experience. In my experience, people who genuinely try to avoid work are a tiny minority. Framing the issue this way feels similar to old narratives about unemployment—oversimplified, misleading, and disconnected from reality. # MedMastodon # GeneralPractice # PrimaryCare # WorkStress # MentalHealth # SickLeave # HealthPolicy # Germany # Arbeitswelt # Burnout # PublicHealth # Reform # AU # Arbeitsunfähigkeit # Gesundheitsreform # gesundheitspolitik # gesundheitssystem",@ hoppla I’d include workplace bullying as a factor,2026-07-03 14:24:33+00:00,Yes,Social Status,Medium
116856499323458758,"As a GP in Germany, I struggle with the claim that “people don’t want to work.” In daily practice, I see the opposite: many patients push themselves to keep working, even when they should rest. They worry about burdening colleagues, unfinished tasks, or upcoming deadlines. If we want to understand rising sick leave, we need to look at real factors: increasing workload, constant pressure, lack of recovery time, social isolation, and overall exhaustion. Reducing this to a question of “motivation” ignores both evidence and lived experience. In my experience, people who genuinely try to avoid work are a tiny minority. Framing the issue this way feels similar to old narratives about unemployment—oversimplified, misleading, and disconnected from reality. # MedMastodon # GeneralPractice # PrimaryCare # WorkStress # MentalHealth # SickLeave # HealthPolicy # Germany # Arbeitswelt # Burnout # PublicHealth # Reform # AU # Arbeitsunfähigkeit # Gesundheitsreform # gesundheitspolitik # gesundheitssystem","@ essexman @ hoppla True, unmitigated bullying accounted for a few weeks of sick leave accumulated for me. Before they eventually moved *me* (not him) to another team.",2026-07-03 14:24:33+00:00,Yes,Social Status,Medium
116856499323458758,"As a GP in Germany, I struggle with the claim that “people don’t want to work.” In daily practice, I see the opposite: many patients push themselves to keep working, even when they should rest. They worry about burdening colleagues, unfinished tasks, or upcoming deadlines. If we want to understand rising sick leave, we need to look at real factors: increasing workload, constant pressure, lack of recovery time, social isolation, and overall exhaustion. Reducing this to a question of “motivation” ignores both evidence and lived experience. In my experience, people who genuinely try to avoid work are a tiny minority. Framing the issue this way feels similar to old narratives about unemployment—oversimplified, misleading, and disconnected from reality. # MedMastodon # GeneralPractice # PrimaryCare # WorkStress # MentalHealth # SickLeave # HealthPolicy # Germany # Arbeitswelt # Burnout # PublicHealth # Reform # AU # Arbeitsunfähigkeit # Gesundheitsreform # gesundheitspolitik # gesundheitssystem",@ hoppla Another factor in absences from work (or leaving the workforce completely) sciencedirect.com/science/arti cle/abs/pii/S0025775326001417,2026-07-03 14:24:33+00:00,Yes,Social Status,Medium
116856499323458758,"As a GP in Germany, I struggle with the claim that “people don’t want to work.” In daily practice, I see the opposite: many patients push themselves to keep working, even when they should rest. They worry about burdening colleagues, unfinished tasks, or upcoming deadlines. If we want to understand rising sick leave, we need to look at real factors: increasing workload, constant pressure, lack of recovery time, social isolation, and overall exhaustion. Reducing this to a question of “motivation” ignores both evidence and lived experience. In my experience, people who genuinely try to avoid work are a tiny minority. Framing the issue this way feels similar to old narratives about unemployment—oversimplified, misleading, and disconnected from reality. # MedMastodon # GeneralPractice # PrimaryCare # WorkStress # MentalHealth # SickLeave # HealthPolicy # Germany # Arbeitswelt # Burnout # PublicHealth # Reform # AU # Arbeitsunfähigkeit # Gesundheitsreform # gesundheitspolitik # gesundheitssystem","@ hoppla And where less social contact really has health impacts (causality this way round instead of ""I'm chronically ill and experiencing the typical let down that most chronically ill people experience""), make social contact safer again. # CleanAir # MaskUp # CovidIsNotOver",2026-07-03 14:24:33+00:00,Yes,Social Status,Medium
116856499323458758,"As a GP in Germany, I struggle with the claim that “people don’t want to work.” In daily practice, I see the opposite: many patients push themselves to keep working, even when they should rest. They worry about burdening colleagues, unfinished tasks, or upcoming deadlines. If we want to understand rising sick leave, we need to look at real factors: increasing workload, constant pressure, lack of recovery time, social isolation, and overall exhaustion. Reducing this to a question of “motivation” ignores both evidence and lived experience. In my experience, people who genuinely try to avoid work are a tiny minority. Framing the issue this way feels similar to old narratives about unemployment—oversimplified, misleading, and disconnected from reality. # MedMastodon # GeneralPractice # PrimaryCare # WorkStress # MentalHealth # SickLeave # HealthPolicy # Germany # Arbeitswelt # Burnout # PublicHealth # Reform # AU # Arbeitsunfähigkeit # Gesundheitsreform # gesundheitspolitik # gesundheitssystem","@ hoppla People should more often avoid work and go on strike. They make all the profits, but the corporate king takes several million from it, while the employees are still cheated out of their minimum wages. So join a union! https:// jacobin.com/2023/10/uaw-strike -big-three-historic-wins-worker-power-tentative-agreements",2026-07-03 14:24:33+00:00,Yes,Social Status,Medium
116856499323458758,"As a GP in Germany, I struggle with the claim that “people don’t want to work.” In daily practice, I see the opposite: many patients push themselves to keep working, even when they should rest. They worry about burdening colleagues, unfinished tasks, or upcoming deadlines. If we want to understand rising sick leave, we need to look at real factors: increasing workload, constant pressure, lack of recovery time, social isolation, and overall exhaustion. Reducing this to a question of “motivation” ignores both evidence and lived experience. In my experience, people who genuinely try to avoid work are a tiny minority. Framing the issue this way feels similar to old narratives about unemployment—oversimplified, misleading, and disconnected from reality. # MedMastodon # GeneralPractice # PrimaryCare # WorkStress # MentalHealth # SickLeave # HealthPolicy # Germany # Arbeitswelt # Burnout # PublicHealth # Reform # AU # Arbeitsunfähigkeit # Gesundheitsreform # gesundheitspolitik # gesundheitssystem","@ hoppla I stopped working in march because of long COVID. I probably would've stopped earlier but was lucky to have a 9h per week job and needed the money. The difficulty is when quitting work helps you improve, people think you are fine and can work.",2026-07-03 14:24:33+00:00,Yes,Social Status,Medium
116856499323458758,"As a GP in Germany, I struggle with the claim that “people don’t want to work.” In daily practice, I see the opposite: many patients push themselves to keep working, even when they should rest. They worry about burdening colleagues, unfinished tasks, or upcoming deadlines. If we want to understand rising sick leave, we need to look at real factors: increasing workload, constant pressure, lack of recovery time, social isolation, and overall exhaustion. Reducing this to a question of “motivation” ignores both evidence and lived experience. In my experience, people who genuinely try to avoid work are a tiny minority. Framing the issue this way feels similar to old narratives about unemployment—oversimplified, misleading, and disconnected from reality. # MedMastodon # GeneralPractice # PrimaryCare # WorkStress # MentalHealth # SickLeave # HealthPolicy # Germany # Arbeitswelt # Burnout # PublicHealth # Reform # AU # Arbeitsunfähigkeit # Gesundheitsreform # gesundheitspolitik # gesundheitssystem",@ hoppla https:// mastodon.social/ /116 894049878529029,2026-07-03 14:24:33+00:00,Yes,Social Status,Medium
116856499323458758,"As a GP in Germany, I struggle with the claim that “people don’t want to work.” In daily practice, I see the opposite: many patients push themselves to keep working, even when they should rest. They worry about burdening colleagues, unfinished tasks, or upcoming deadlines. If we want to understand rising sick leave, we need to look at real factors: increasing workload, constant pressure, lack of recovery time, social isolation, and overall exhaustion. Reducing this to a question of “motivation” ignores both evidence and lived experience. In my experience, people who genuinely try to avoid work are a tiny minority. Framing the issue this way feels similar to old narratives about unemployment—oversimplified, misleading, and disconnected from reality. # MedMastodon # GeneralPractice # PrimaryCare # WorkStress # MentalHealth # SickLeave # HealthPolicy # Germany # Arbeitswelt # Burnout # PublicHealth # Reform # AU # Arbeitsunfähigkeit # Gesundheitsreform # gesundheitspolitik # gesundheitssystem","@ hoppla another thing that Merz and co. don't realise is that if I call my doc from home where I have made myself feel comfortable and the doc asks ""shall I write you a note for the rest of the week"" I am more likely to say ""I'm sure I'll feel fine in a day or so"" whereas if I have dragged myself to their office and am feeling really rough I am 100% going to answer ""God, please do!"" to the same question.",2026-07-03 14:24:33+00:00,Yes,Social Status,Medium
116856499323458758,"As a GP in Germany, I struggle with the claim that “people don’t want to work.” In daily practice, I see the opposite: many patients push themselves to keep working, even when they should rest. They worry about burdening colleagues, unfinished tasks, or upcoming deadlines. If we want to understand rising sick leave, we need to look at real factors: increasing workload, constant pressure, lack of recovery time, social isolation, and overall exhaustion. Reducing this to a question of “motivation” ignores both evidence and lived experience. In my experience, people who genuinely try to avoid work are a tiny minority. Framing the issue this way feels similar to old narratives about unemployment—oversimplified, misleading, and disconnected from reality. # MedMastodon # GeneralPractice # PrimaryCare # WorkStress # MentalHealth # SickLeave # HealthPolicy # Germany # Arbeitswelt # Burnout # PublicHealth # Reform # AU # Arbeitsunfähigkeit # Gesundheitsreform # gesundheitspolitik # gesundheitssystem","@ hoppla Some aspects of ""increasing workload, constant pressure, lack of recovery time"" are a bit hidden: I remember visiting my mom at her office job. They worked 8 hours, alright. But it was interspersed with various errands and wait times. Completed writing a letter? Off to the printer, then wait for 20 more seconds because you were faster than the device, go back, … Today: ""email sent, next task."" Today's 8 hours are different from 1990's 8 hours for such reasons alone (and while this is a white-collar / office example, other types of work eliminated such ""waste"" as well.)",2026-07-03 14:24:33+00:00,Yes,Social Status,Medium
116856499323458758,"As a GP in Germany, I struggle with the claim that “people don’t want to work.” In daily practice, I see the opposite: many patients push themselves to keep working, even when they should rest. They worry about burdening colleagues, unfinished tasks, or upcoming deadlines. If we want to understand rising sick leave, we need to look at real factors: increasing workload, constant pressure, lack of recovery time, social isolation, and overall exhaustion. Reducing this to a question of “motivation” ignores both evidence and lived experience. In my experience, people who genuinely try to avoid work are a tiny minority. Framing the issue this way feels similar to old narratives about unemployment—oversimplified, misleading, and disconnected from reality. # MedMastodon # GeneralPractice # PrimaryCare # WorkStress # MentalHealth # SickLeave # HealthPolicy # Germany # Arbeitswelt # Burnout # PublicHealth # Reform # AU # Arbeitsunfähigkeit # Gesundheitsreform # gesundheitspolitik # gesundheitssystem","@ hoppla In the UK, government figures list almost 3 Million unemployed (even when they change the way they count) but less than 500,000 jobs available. The UK government still believes ‘trickle down economics’ will work, because they are owned by the millionaires who fund them. Basic maths demonstrates that over 2 Million people have ZERO chance of getting a job, yet the automation and AI policies march forwards, exacerbating the situation. Who benefits from tax breaks for automation and AI? Why do they have the right to call the unemployed ‘workshy’ when the company owners are causing the problem, and government is aiding in their scheme? Water companies are telling us they have banned hosepipes. We must not use water. At the same time, our government is approving dozens of AI datacentres that will use millions of gallons of water that should be available for people to drink. Water infrastructure in the UK has not improved in 20 years. Cui bono? # uk # ai # water",2026-07-03 14:24:33+00:00,Yes,Social Status,Medium
116856499323458758,"As a GP in Germany, I struggle with the claim that “people don’t want to work.” In daily practice, I see the opposite: many patients push themselves to keep working, even when they should rest. They worry about burdening colleagues, unfinished tasks, or upcoming deadlines. If we want to understand rising sick leave, we need to look at real factors: increasing workload, constant pressure, lack of recovery time, social isolation, and overall exhaustion. Reducing this to a question of “motivation” ignores both evidence and lived experience. In my experience, people who genuinely try to avoid work are a tiny minority. Framing the issue this way feels similar to old narratives about unemployment—oversimplified, misleading, and disconnected from reality. # MedMastodon # GeneralPractice # PrimaryCare # WorkStress # MentalHealth # SickLeave # HealthPolicy # Germany # Arbeitswelt # Burnout # PublicHealth # Reform # AU # Arbeitsunfähigkeit # Gesundheitsreform # gesundheitspolitik # gesundheitssystem",@ cflynnbooks @ hoppla The problem is your local water situation and the average availability of nonpotable water for datacenters across the country are not apples to apples.,2026-07-03 14:24:33+00:00,Yes,Social Status,Medium
116856499323458758,"As a GP in Germany, I struggle with the claim that “people don’t want to work.” In daily practice, I see the opposite: many patients push themselves to keep working, even when they should rest. They worry about burdening colleagues, unfinished tasks, or upcoming deadlines. If we want to understand rising sick leave, we need to look at real factors: increasing workload, constant pressure, lack of recovery time, social isolation, and overall exhaustion. Reducing this to a question of “motivation” ignores both evidence and lived experience. In my experience, people who genuinely try to avoid work are a tiny minority. Framing the issue this way feels similar to old narratives about unemployment—oversimplified, misleading, and disconnected from reality. # MedMastodon # GeneralPractice # PrimaryCare # WorkStress # MentalHealth # SickLeave # HealthPolicy # Germany # Arbeitswelt # Burnout # PublicHealth # Reform # AU # Arbeitsunfähigkeit # Gesundheitsreform # gesundheitspolitik # gesundheitssystem",@ hoppla I hear this a lot in The Netherlands as well about Dutch people not wanting to work in agriculture and hence a lot of it is done by people from Eastern Europe. I think most wouldn't mind doing the work but they don't want to be exploited by the agro industry like the current workers are.,2026-07-03 14:24:33+00:00,Yes,Social Status,Medium
116856499323458758,"As a GP in Germany, I struggle with the claim that “people don’t want to work.” In daily practice, I see the opposite: many patients push themselves to keep working, even when they should rest. They worry about burdening colleagues, unfinished tasks, or upcoming deadlines. If we want to understand rising sick leave, we need to look at real factors: increasing workload, constant pressure, lack of recovery time, social isolation, and overall exhaustion. Reducing this to a question of “motivation” ignores both evidence and lived experience. In my experience, people who genuinely try to avoid work are a tiny minority. Framing the issue this way feels similar to old narratives about unemployment—oversimplified, misleading, and disconnected from reality. # MedMastodon # GeneralPractice # PrimaryCare # WorkStress # MentalHealth # SickLeave # HealthPolicy # Germany # Arbeitswelt # Burnout # PublicHealth # Reform # AU # Arbeitsunfähigkeit # Gesundheitsreform # gesundheitspolitik # gesundheitssystem","@ aerique @ hoppla That's the same thing they've told me out here on the west coast my entire life. But at the same time, they weren't given shade, water, portapotties, wash stations, and no path to training! That and there's like this minimum hours of availability at 'all' but they're required to give you none. Of course people are going to be sick with four to six eight to ten hour shifts and an hour of commute.",2026-07-03 14:24:33+00:00,Yes,Social Status,Medium
116856499323458758,"As a GP in Germany, I struggle with the claim that “people don’t want to work.” In daily practice, I see the opposite: many patients push themselves to keep working, even when they should rest. They worry about burdening colleagues, unfinished tasks, or upcoming deadlines. If we want to understand rising sick leave, we need to look at real factors: increasing workload, constant pressure, lack of recovery time, social isolation, and overall exhaustion. Reducing this to a question of “motivation” ignores both evidence and lived experience. In my experience, people who genuinely try to avoid work are a tiny minority. Framing the issue this way feels similar to old narratives about unemployment—oversimplified, misleading, and disconnected from reality. # MedMastodon # GeneralPractice # PrimaryCare # WorkStress # MentalHealth # SickLeave # HealthPolicy # Germany # Arbeitswelt # Burnout # PublicHealth # Reform # AU # Arbeitsunfähigkeit # Gesundheitsreform # gesundheitspolitik # gesundheitssystem","@ hoppla This is also the traditional decoy of austerity politics in a society suffering from toxic individualism. Every single thing can then be blamed on the individual even if the causes or the situation is beyond their control and a result of problems of the systemic kind. Unemployed? Lazy and not willing (enough) to work. Anxious? Not trying enough to think in a positive way, etc. All mostly just a way for those in power to not aknowledge that something needs to change.",2026-07-03 14:24:33+00:00,Yes,Social Status,Medium
116856499323458758,"As a GP in Germany, I struggle with the claim that “people don’t want to work.” In daily practice, I see the opposite: many patients push themselves to keep working, even when they should rest. They worry about burdening colleagues, unfinished tasks, or upcoming deadlines. If we want to understand rising sick leave, we need to look at real factors: increasing workload, constant pressure, lack of recovery time, social isolation, and overall exhaustion. Reducing this to a question of “motivation” ignores both evidence and lived experience. In my experience, people who genuinely try to avoid work are a tiny minority. Framing the issue this way feels similar to old narratives about unemployment—oversimplified, misleading, and disconnected from reality. # MedMastodon # GeneralPractice # PrimaryCare # WorkStress # MentalHealth # SickLeave # HealthPolicy # Germany # Arbeitswelt # Burnout # PublicHealth # Reform # AU # Arbeitsunfähigkeit # Gesundheitsreform # gesundheitspolitik # gesundheitssystem",@ hoppla Can you please send this directly to the responsable politicians? Thanks.,2026-07-03 14:24:33+00:00,Yes,Social Status,Medium
116856499323458758,"As a GP in Germany, I struggle with the claim that “people don’t want to work.” In daily practice, I see the opposite: many patients push themselves to keep working, even when they should rest. They worry about burdening colleagues, unfinished tasks, or upcoming deadlines. If we want to understand rising sick leave, we need to look at real factors: increasing workload, constant pressure, lack of recovery time, social isolation, and overall exhaustion. Reducing this to a question of “motivation” ignores both evidence and lived experience. In my experience, people who genuinely try to avoid work are a tiny minority. Framing the issue this way feels similar to old narratives about unemployment—oversimplified, misleading, and disconnected from reality. # MedMastodon # GeneralPractice # PrimaryCare # WorkStress # MentalHealth # SickLeave # HealthPolicy # Germany # Arbeitswelt # Burnout # PublicHealth # Reform # AU # Arbeitsunfähigkeit # Gesundheitsreform # gesundheitspolitik # gesundheitssystem","@ hoppla Somewhere around here there’s a collection of newspaper clips. And it’s like 10 variations on “People just don’t want to work any more” editorials. And they’re dated from like 1901, 1930, 1948, etc. It just shows how that sentiment has been (incorrectly) humming in the background for a very long time.",2026-07-03 14:24:33+00:00,Yes,Social Status,Medium
116856499323458758,"As a GP in Germany, I struggle with the claim that “people don’t want to work.” In daily practice, I see the opposite: many patients push themselves to keep working, even when they should rest. They worry about burdening colleagues, unfinished tasks, or upcoming deadlines. If we want to understand rising sick leave, we need to look at real factors: increasing workload, constant pressure, lack of recovery time, social isolation, and overall exhaustion. Reducing this to a question of “motivation” ignores both evidence and lived experience. In my experience, people who genuinely try to avoid work are a tiny minority. Framing the issue this way feels similar to old narratives about unemployment—oversimplified, misleading, and disconnected from reality. # MedMastodon # GeneralPractice # PrimaryCare # WorkStress # MentalHealth # SickLeave # HealthPolicy # Germany # Arbeitswelt # Burnout # PublicHealth # Reform # AU # Arbeitsunfähigkeit # Gesundheitsreform # gesundheitspolitik # gesundheitssystem","@ paco oh wow! That's so cool. If you do happen where i could find them, that'll be tremendous helpful.",2026-07-03 14:24:33+00:00,Yes,Social Status,Medium
116856499323458758,"As a GP in Germany, I struggle with the claim that “people don’t want to work.” In daily practice, I see the opposite: many patients push themselves to keep working, even when they should rest. They worry about burdening colleagues, unfinished tasks, or upcoming deadlines. If we want to understand rising sick leave, we need to look at real factors: increasing workload, constant pressure, lack of recovery time, social isolation, and overall exhaustion. Reducing this to a question of “motivation” ignores both evidence and lived experience. In my experience, people who genuinely try to avoid work are a tiny minority. Framing the issue this way feels similar to old narratives about unemployment—oversimplified, misleading, and disconnected from reality. # MedMastodon # GeneralPractice # PrimaryCare # WorkStress # MentalHealth # SickLeave # HealthPolicy # Germany # Arbeitswelt # Burnout # PublicHealth # Reform # AU # Arbeitsunfähigkeit # Gesundheitsreform # gesundheitspolitik # gesundheitssystem","@ hoppla The only links I could find were Facebook (🤮), Twitter (😡) and Snopes (which seems to be sorta pay walled). Here’s a Facebook link. 130 years of “nobody wants to work any more.” facebook.com/greatsocialistcat s/photos/130-years-of-no-one-wants-to-work-anymore/1480687955715431/ And snopes: snopes.com/fact-check/nobody-w ants-to-work-anymore/#",2026-07-03 14:24:33+00:00,Yes,Social Status,Medium
116856499323458758,"As a GP in Germany, I struggle with the claim that “people don’t want to work.” In daily practice, I see the opposite: many patients push themselves to keep working, even when they should rest. They worry about burdening colleagues, unfinished tasks, or upcoming deadlines. If we want to understand rising sick leave, we need to look at real factors: increasing workload, constant pressure, lack of recovery time, social isolation, and overall exhaustion. Reducing this to a question of “motivation” ignores both evidence and lived experience. In my experience, people who genuinely try to avoid work are a tiny minority. Framing the issue this way feels similar to old narratives about unemployment—oversimplified, misleading, and disconnected from reality. # MedMastodon # GeneralPractice # PrimaryCare # WorkStress # MentalHealth # SickLeave # HealthPolicy # Germany # Arbeitswelt # Burnout # PublicHealth # Reform # AU # Arbeitsunfähigkeit # Gesundheitsreform # gesundheitspolitik # gesundheitssystem",@ paco thx for looking that up. This is just absolutely suitable! 🙏,2026-07-03 14:24:33+00:00,Yes,Social Status,Medium
116754005056364495,Sometimes burnout is your mind and body forcing a conversation you’ve been avoiding. The question isn’t always “How do I recover from burnout?” Sometimes it’s “What keeps bringing me back here?” The goal isn’t to get better at enduring what drains you. The goal is to understand why you’re exhausted in the first place. # Burnout # BurnoutRecovery # MentalHealth # WorkStress # StressManagement # Therapy # Psychotherapy # MentalWellness # EmotionalHealth # GetReconnected,,2026-06-15 11:58:55.361000+00:00,Yes,Social Status,Medium
116668001308350753,"** My work is deeply guided by the Healing Angels. Through their high vibrational frequencies, I facilitate private Healing Light Transmissions that support you during difficult times. ** Together with the Healing Angels, we bridge the gap between your current challenges and your highest potential. The link to my private sessions is in my profile. With Love, Jeanne ✨ # mentalhealth # Burnout # WorkStress # Insomnia # family # Exhaustion # AncestralTrauma # Recovery # Career (made with ai tools)",,2026-05-31 07:27:02.314000+00:00,Yes,Social Status,Medium
116505272207011754,"A 2-Minute Reset For Overwhelm I frequently discuss the mental and physical toll that our current way of life takes on us. Our bodies and minds do not down-regulate; we are trapped in an evolutionary cycle, unable to keep pace with the rapid speed of modern life. The relentless pace of technological advancement and constant connectivity heightens this burden, creating an unending barrage of information and demands for our attention. There is too much stimulation and too much instant gratification, which leads to an overwhelming psychological toll; it feels as if we are constantly being pulled in multiple directions. Finding Anchors But how do we break this cycle? We need to cultivate patience, which is perhaps the biggest challenge of all. In a world that prioritizes instant gratification, our patience has diminished, and seeking immediate relief has become our primary goal. However, we must learn to embrace slowness and steadiness, relying on the anchors of our existence. These anchors are your breath and your heartbeat—constants that are unchanging and unwavering, with you at all times. Resilience By developing practices of calmness and mindfulness, we empower ourselves to tap into these anchors. This enables us to rise above the chaos during stressful moments, restoring our sense of grounded empathy and fostering deeper connections with ourselves and others. Embracing this journey is essential; not only does it enhance our resilience, but it also deepens our understanding of what it truly means to live a fulfilled life in harmony with our natural rhythms. Remember to start small and be gentle with yourself. Take a moment to connect with your breath and feel your heartbeat. As you learn to recognize your patterns, you can discover simple practices that help you return to your true self. Try this new , quick grounding reset during stressful moments; it can be a comforting anchor in the chaos. This brief, two-minute practice helps your body shift out of tension and into ease with slow breathing and simple cues to soften the body. You’ll gently down-regulate your nervous system without effort. It’s a quick grounding reset for moments of stress, overwhelm, or emotional heaviness-a small pause that helps you return to yourself. Namaste. anchor anxiety anxietyRelief awareness balance bodyMind brainHealth breathwork buddhist burden calm developResilience dharma downRegulate experience flow happiness healing hope immediateRelief meditation meditationforAnxiety menditationForStress mentalHealth mentalWellbeing mentalWellness mindful mindfulMeditation mindfulness moments nervousSystemHealth nervousSystemRegulation overwhelm physicalHealth practice quickAnxietyRelief quickStressRelief relieveAnxiety secularMindfulness spirit stress stressed workLifeBalance workStress zen",,2026-05-02 13:42:42+00:00,Yes,Social Status,Medium
116334329193337512,Currently still in the nice free time before the next job starts. And I'm wondering.. Has the medication therapy to lower my migraines worked so well or is it just that I haven't had any stress the last few months? 🤔 ..I suspect I'll have migraines again by the end of May.. 🙃 # migraine # musings # WorkStress,,2026-04-02 09:09:49+00:00,Yes,Social Status,Low
116292869334357128,"Burnout/exhaustion recovery hack 13: Every email feels like a threat, your nervous system is on high alert? 👉 Try reading/answering emails only at three set times instead of all day. # workstress # burnout # productivity",,2026-03-26 01:26:02.660000+00:00,Yes,Social Status,Medium
115349528820677189,"Modern life can be overwhelming, but we’ve got stress-busting strategies for you. # StressManagementTips # WorkStress # Mindfulness # MentalHealthMatters For more info, check the bio! https:// tlmagazine.co.uk/how-to-manage -stress/",,2025-10-10 11:02:08.761000+00:00,Yes,Social Status,Medium
115203406764645942,"🤣 Gregory M. Walton dives into the profound # revelation that work is stressful and sometimes people feel # overwhelmed . Who knew?! 💼🌪️ Next, he'll tell us water is wet and the sky is blue. Thanks for the groundbreaking # insight , Behavioral Scientist! 📚🔍 https:// behavioralscientist.org/why-we -spiral/ # workstress # behavioralscience # HackerNews # ngated",,2025-09-14 15:41:23.108000+00:00,Yes,Social Status,Medium
115161276599881120,Over 500 Kerala police officers apply for VRS citing work pressure and stress https:// english.mathrubhumi.com/news/k erala/many-kerala-police-officers-apply-for-voluntary-retirement-amid-rising-stress-jn4eax4m?utm_source=dlvr.it&utm_medium=mastodon # keralapolice # vrs # retirement # workstress # pressure,,2025-09-07 05:07:07.814000+00:00,Yes,Social Status,Low
115089078647980964,"Although I slept kind of a lot the last few weeks (with ups and downs of course) my energy levels are pretty low. Hard to blame that all on accumulated fatigue through running or work/life stress, but I'm a little at a loss to figure out what's going on. # running # fatigue # energy # workstress","Especially blaming things on ""stress"" seems not very helpful as it is such an imprecise explanation sink: Gotta make sure I'm not just handwaving it away.",2025-08-25 11:06:13+00:00,Yes,Social Status,Low
115089078647980964,"Although I slept kind of a lot the last few weeks (with ups and downs of course) my energy levels are pretty low. Hard to blame that all on accumulated fatigue through running or work/life stress, but I'm a little at a loss to figure out what's going on. # running # fatigue # energy # workstress","@ matti Don’t just dismiss it, for sure. Get a workup if it doesn’t go away.",2025-08-25 11:06:13+00:00,Yes,Social Status,Low
115089078647980964,"Although I slept kind of a lot the last few weeks (with ups and downs of course) my energy levels are pretty low. Hard to blame that all on accumulated fatigue through running or work/life stress, but I'm a little at a loss to figure out what's going on. # running # fatigue # energy # workstress",@ matti It could also be food related and you miss some nutrients. A blood check could point you in the right direction or reassure you.,2025-08-25 11:06:13+00:00,Yes,Social Status,Low
114420448240059147,"Feeling crushed by endless responsibilities at work? Stress and pressure can cloud your mind, drain your energy, and shake your confidence. How do you regain your inner rhythm when everything feels overwhelming? https:// goo.su/kfF0GA # WorkStress # DecisionMaking",,2025-04-29 09:04:44.135000+00:00,Yes,Social Status,Medium
114408676288278108,"Feeling stuck in your career? Drained, anxious, exhausted?It’s not just external — your inner energy might be out of balance. 🌀 Time to realign and recharge. https:// goo.su/C88iy # CareerGrowth # EnergyHealing # WorkStress",,2025-04-27 07:10:58.409000+00:00,Yes,Social Status,Medium
114139213544568852,"How MS Edge’s Immersive Reader Helps Me Slow Down We all probably know the drill of a typical workday: back-to-back meetings, side conversations in team chats about some other topics, drafting & scanning emails, creating Jira issues, and juggling multiple project threads. The sheer volume of information coming in such a short time can be challenging. Normally, this isn’t an issue for me. But sometimes I find myself struggling to read long texts in the middle of these high-intensity stretches. Not because I lack the time, but because my mind is already racing ahead to the next thing. I can’t seem to slow it down. This is annoying and, to be honest, a little frightening , because I realise that my mind is in a very short-cycle mode – clear evidence that I’m under stress . Over time, I’ve found a simple trick that helps: Microsoft Edge’s Immersive Reader mode. I don’t just use it to declutter the according web page. I let the browser read the text out loud to me. Yes, that’s right! I hit the play button, lean back, and keep my hands off the mouse and keyboard to avoid getting distracted by other tabs or windows. It forces me to slow down and listen instead of skimming the whole page. It eliminates the temptation to jump between paragraphs or skim entire sections. It enforces a slower pace that I have to accept. At first, it’s a bit of a struggle – but I’ve come to realize: it helps me to calm down a bit. If you ever feel overwhelmed by the sheer speed of work, maybe give it a try. Sometimes, all we need is a different approach to regain control. locked.de/how-ms-edges-immersi ve-reader-helps-me-slow-down/ ImmersiveReader MentalLoad MicrosoftEdge StressRelief TextToSpeech WorkStress",,2025-03-10 17:00:00+00:00,Yes,Social Status,Medium
113847954301590897,Tips to manage # workstress 1. Have an organised schedule 2. Watch out for your stressors 3. Healthy Response 4. Learn how to relax 5. Talk to your supervisor 6. Professional support msn.com/en-in/health/other/how -can-you-manage-work-stress-effectively/ar-AA1ray6G?ocid=msedgntp&pc=U531&cvid=8c6e4e3d539041fca48445105f10c120&ei=40,,2025-01-18 06:31:58+00:00,Yes,Social Status,Low
113844348800173387,"If your work stress follows you home, it's time to set some boundaries. 🏡 # SetBoundaries # WorkStress",,2025-01-17 15:15:04.303000+00:00,Yes,Social Status,Low
113442453038152976,"Work-related burnout is more than just feeling tired; it’s a state of chronic physical, emotional, and mental exhaustion that leaves you feeling ineffective and overwhelmed. # burnout # stress # workstress https:// envisiontherapydfw.com/work-bu rnout-heres-how-to-practice-self-care/",,2024-11-07 15:47:41.649000+00:00,Yes,Social Status,Medium
113169554208546088,Here is a video on work related post traumatic stress. In case you needed to know why you're feeling so stressed from work. It could just be that you're in a toxic environment and are feeling burnout from the abuse. --> Link to video: https:// m.youtube.com/watch?v=lcAvG2om ADE&pp=ygUiV29yayByZWxhdGVkIHBvc3QgdHJhdW1hdGljIHN0cmVzcw%3D%3D # PTSD # workstress # stress # toxicworkculture # toxicworkplace,,2024-09-20 11:05:54+00:00,Yes,Social Status,Medium
112830568209375597,"EMDR in the workplace helps professionals manage stress, enhance performance, and overcome workplace trauma. This therapy addresses root causes of stress and negative self-beliefs, promoting a healthier, more productive work life. # workstress # trauma https:// envisiontherapydfw.com/emdr-in -the-workplace-enhancing-professional-performance/",,2024-07-22 14:17:20.112000+00:00,Yes,Social Status,Medium
112582451855718807,Work stress piling up? Don't be a pressure cooker; let off some steam in healthy ways. 🍲 # WorkStress # LetOffSteam,,2024-06-08 18:38:05.010000+00:00,Yes,Social Status,Low
112576841353368050,"The first week back at work after a vacation. It has been a rough one. It’s always rough, but this week has been extra rough. I was hoping it would end quietly and mercifully but I just got asked to join a 3:00pm meeting and it’s going to stress me out and piss me off and I am not looking forward to it. 10 minutes left before I have to join the conference call. Crud. almostTheWeekend canItBeTheWeekendNow_ friday letTheWorkWeekEnd Stress stressful stressfulDay stressfulWorkWeek work workDay workStress workWeek",,2024-06-07 18:51:13+00:00,Yes,Social Status,Low
112360038591523944,"""There is a huge cost of forcing sick people into the workplace. Back in 2017, a government-backed review on mental health in the workplace by Dennis Stevenson and Paul Farmer reported that the cost of “presenteeism” – people going to work but being too sick to perform the work – to employers was between £17bn to £26bn a year."" https:// inews.co.uk/opinion/cant-force -yourself-mentally-well-to-work-3030587 # MentalHealth # UKpolitics # Presenteeism # OccupationalHealth # AnxietyAndDepression # WorkStress # IsabelHardman # iNews",,2024-04-30 11:55:25+00:00,Yes,Social Status,Low
112304715590436123,"Work stress is like boiling water; left unchecked, it'll scald you. Turn down the heat. 🔥 # WorkStress # TurnDownTheHeat",,2024-04-20 17:26:05.922000+00:00,Yes,Social Status,Low
112185932756748751,"Workplace stress turning you into a zombie? Aim for the head—tackle root issues, don't just treat symptoms. 🧟‍♂️ # WorkStress # RootIssues",,2024-03-30 17:58:04.245000+00:00,Yes,Social Status,Low
112101353774827002,Update: I got fired # Anxiety # WorkStress,,2024-03-15 19:28:30+00:00,Yes,Social Status,Medium
112099954491767247,"Getting a meeting invite from a manager simply titled ""Chat"" gives me so much anxiety, I've barely slept. Today will be a victory if I'm still employed afterwards. Because I'm always assuming the worst. Good job, brain. # Anxiety # WorkStress",,2024-03-15 13:32:39+00:00,Yes,Social Status,Medium
111856425653277043,'𝗥𝗔𝗡𝗗𝗢𝗠 𝗙𝗟𝗨𝗙𝗙 𝟰𝟲' 📃 More comics on https:// custardfist.com # webcomic # webcomics # comic # comics # joke # jokes # comicstrip # comicstrips # funny # custardfist # origami # origamiart # origamilove # burnout # workstress # stress # overworked,,2024-02-01 13:20:04.352000+00:00,Yes,Social Status,Medium
111625985533952922,"If your work stress becomes physical (headaches, sleep issues), your body is sounding an alarm. Listen to it. 🚨 # WorkStress # ListenToYourBody",,2023-12-22 20:36:07.595000+00:00,Yes,Social Status,Low
111362728568486202,I don't know if it's just # YearEndBlahs but I'm really feeling burnt out at work. Been # JobHunting for so long that I almost feel like its a permanent side job. # WorkStress and # lifeStress have been adding up and a lack of funds means no # holiday either. ok ok. Time to # LookOnTheBrightSide,,2023-11-06 08:46:24.654000+00:00,Yes,Social Status,Medium
111359810991940332,Strategies for Staying Motivated Amid Work Stress read it in Here . https:// medium.com/ /stra tegies-for-staying-motivated-amid-work-stress-890a5cce10b7 . # stress # workstress # healthy # health # lifeisstrange # life,,2023-11-05 20:24:25.969000+00:00,Yes,Social Status,Low
110781809585128181,Three mindfulness and meditation techniques that could help you manage work stress https:// theconversation.com/three-mind fulness-and-meditation-techniques-that-could-help-you-manage-work-stress-208328 # WellnessWednesday # mindfulness # meditation # workstress # Stressrelief,,2023-07-26 18:31:04.589000+00:00,Yes,Social Status,Low
109536930330722498,"Repost from previous instance… This might seem weird but I keep a daily log of how many emails are in my inbox and how many items are in my ToDo app. Collectively they form my 'Barometer of stress'. This doesn't help me directly reduce the number of emails or ToDo items, but it gives me a chance to step back and realise 'yep this is an abnormally busy time' and that helps me. The big email spike in 2022 was from taking a two-week holiday. # data # datalogging # workstress # work # logging",@ kbradnam Oof I hadn't thought of doing that. Now I'll have to resist the temptation!,2022-12-18 22:01:54+00:00,Yes,Social Status,Low
109511177850297430,"This might seem weird but I keep a daily log of how many emails are in my inbox and how many items are in my ToDo app. Collectively they form my 'Barometer of stress'. This doesn't help me directly reduce the number of emails or ToDo items, but it gives me a chance to step back and realise 'yep this is an abnormally busy time' and that helps me. The big email spike in 2022 was from taking a two-week holiday. # data # datalogging # workstress # work # logging","@ kbradnam A ""barometer of stress"" - that's a nice idea! I can imagine that helps keep things in perspective.",2022-12-14 08:52:36+00:00,Yes,Social Status,Low
109511177850297430,"This might seem weird but I keep a daily log of how many emails are in my inbox and how many items are in my ToDo app. Collectively they form my 'Barometer of stress'. This doesn't help me directly reduce the number of emails or ToDo items, but it gives me a chance to step back and realise 'yep this is an abnormally busy time' and that helps me. The big email spike in 2022 was from taking a two-week holiday. # data # datalogging # workstress # work # logging",@ kbradnam That's super cool! I did some workstress tracking efforts earlier this year: https:// wiki.openhumans.org/wiki/Impac t_of_work-related_stress Would you be up for writing a few words about your approach for the wiki too? :D,2022-12-14 08:52:36+00:00,Yes,Social Status,Low
109511177850297430,"This might seem weird but I keep a daily log of how many emails are in my inbox and how many items are in my ToDo app. Collectively they form my 'Barometer of stress'. This doesn't help me directly reduce the number of emails or ToDo items, but it gives me a chance to step back and realise 'yep this is an abnormally busy time' and that helps me. The big email spike in 2022 was from taking a two-week holiday. # data # datalogging # workstress # work # logging",@ gedankenstuecke Potentially. Remind me next week if I don’t get back to you. And thanks for the kind words.,2022-12-14 08:52:36+00:00,Yes,Social Status,Low
109511177850297430,"This might seem weird but I keep a daily log of how many emails are in my inbox and how many items are in my ToDo app. Collectively they form my 'Barometer of stress'. This doesn't help me directly reduce the number of emails or ToDo items, but it gives me a chance to step back and realise 'yep this is an abnormally busy time' and that helps me. The big email spike in 2022 was from taking a two-week holiday. # data # datalogging # workstress # work # logging","@ kbradnam thanks, will do (and don't wanna add to your pre-holiday stress!)",2022-12-14 08:52:36+00:00,Yes,Social Status,Low
109511177850297430,"This might seem weird but I keep a daily log of how many emails are in my inbox and how many items are in my ToDo app. Collectively they form my 'Barometer of stress'. This doesn't help me directly reduce the number of emails or ToDo items, but it gives me a chance to step back and realise 'yep this is an abnormally busy time' and that helps me. The big email spike in 2022 was from taking a two-week holiday. # data # datalogging # workstress # work # logging",@ kbradnam Here's the reminder I promised I'd make! 😉 And hope you're having a good holiday period coming up!,2022-12-14 08:52:36+00:00,Yes,Social Status,Low
116664270492074274,"Ah, the tech industry's latest existential # crisis 🙄—AI Job Grief, because apparently, losing your job to a robot now warrants its own special term. Forget about the actual human suffering, let's focus on coining a catchy phrase instead 📈. https:// jackmaguire.org/blog/ai-job-gr ief/ # AIJobGrief # TechIndustry # JobLoss # RobotImpact # HumanSuffering # HackerNews # ngated",,2026-05-30 15:38:14.573000+00:00,Yes,Social Status,Medium
116664270183792640,AI Job Grief: The Unnamed Psychological Crisis Hitting Tech Workers https:// jackmaguire.org/blog/ai-job-gr ief/ # HackerNews # AIJobGrief # TechWorkers # MentalHealth # PsychologicalCrisis # JobLoss,,2026-05-30 15:38:09.885000+00:00,Yes,Social Status,Medium
116161678616945325,"Sydney mum-of-two has lost her senior news editor role at LinkedIn after 7 years—just 6 weeks post-maternity leave—due to the company's 'AI transformation'. Hit with the news at 1am, she felt the world fall out from under her. Sad fact: AI-driven redundancies are hitting Australia hard. # AI # JobLoss # AITransformation # Australia # TechLayoffs # Redundancy https:// au.finance.yahoo.com/news/auss ie-mum-loses-job-of-seven-years-in-ai-transformation-as-mass-redundancies-kick-off-sad-fact-050204170.html",,2026-03-02 21:22:30+00:00,Yes,Social Status,Low
114943560791329921,"# CEOs and # media coverage are hyping # AI to create # fear and # stress among # workers , preparing them to accept less from employers. This fear of # jobloss is # counterproductive to improved # performance and can lead to workers accepting # paycuts , # relocations , # demotions , and returning to the # office . https:// nobody-wants-this.ghost.io/ai- is-already-disempowering-workers-through-hype/?eicker.news # tech # media # news",,2025-07-30 18:19:01+00:00,Yes,Social Status,Low
114564436828380460,"For all y'all who boycott self checkout because you don't want cashiers to lose their jobs... This is a picture of the vertical carts that store staff use to shop online orders for curbside pickup and delivery. This new role is seeing greater job growth than the decline in cashier jobs. Each cart has four shelves where each shelf is divided into three sections. One person can gather multiple orders more efficiently than shopping each order separately. As an in-store shopper, I often see these being pushed around the store. I'm an old. When ATMs were introduced, there was a panic about the job loss that would impact bank tellers. It turned out that banks could create smaller branches in more locations, and more new teller jobs were created than were lost. # boycott # groceries # jobs # banks # jobloss # curbside # delivery",,2025-05-24 19:22:54+00:00,Yes,Social Status,Medium
110135432196211519,"Deep in Debt writes to Ask Alina for advice on how to deal with financial anxiety. Like many Americans, they carry debt, have no savings, and fear that a layoff would lead to serious and immediate financial trouble. https:// alamedapost.com/features/healt h-fitness/ask-alina-how-to-deal-with-debt-stress/ # Money # Alameda # JobLoss # AskAlina # Finances # StudentDebt",,2023-04-03 14:48:43+00:00,Yes,Social Status,Medium
109736048031380579,"Layoffs Increasing, Workers crying, Job loss growing, Grim outlook showing. # layoffs # jobloss # economy # growth # cinquain # poetry nytimes.com/2023/01/22/busines s/the-week-in-business-debt-limit.html",,2023-01-23 02:00:08+00:00,Yes,Social Status,Low
106950570945302918,"Sad, but this doesn’t look like # ageism as such: “An Old Programmer Loses His Job”, AP Carpen ( https:// medium.com/writers-blokke/an-o ld-programmer-loses-his-job-caa4670f34dc ). Via HN: https:// news.ycombinator.com/item?id=2 8561330 # IT # Programming # Retirement # JobLoss # Skills # Training",,2021-09-18 03:36:42.181000+00:00,Yes,Social Status,Low
105298623346014248,https:// edition.cnn.com/2020/11/28/asi a/japan-suicide-women-covid-dst-intl-hnk/index.html # women # jobloss # mentalhealth # SuicideAwareness # covid,,2020-11-30 09:44:42.235000+00:00,Yes,Social Status,High
116614513244029033,Walmart says lower-income shoppers are ‘navigating financial stress’ Walmart says lower-income shoppers appear to be increasingly 'navigating financial stress' as the so-called 'K' shaped economy becomes more prominent. # Canada # Consumer # USNews # Affordability https:// globalnews.ca/news/11858733/wa lmart-earnings-k-shaped-economy/,,2026-05-21 20:44:16+00:00,Yes,Social Status,Low
116614493681234687,Walmart says lower-income shoppers are ‘navigating financial stress’ Walmart says lower-income shoppers appear to be increasingly 'navigating financial stress' as the so-called 'K' shaped economy becomes more prominent. # Canada # Consumer # USNews # Affordability https:// globalnews.ca/news/11858733/wa lmart-earnings-k-shaped-economy/,,2026-05-21 20:39:16+00:00,Yes,Social Status,Low
116614410434033800,Walmart says lower-income shoppers are ‘navigating financial stress’ Walmart says lower-income shoppers appear to be increasingly 'navigating financial stress' as the so-called 'K' shaped economy becomes more prominent. # Canada # Consumer # USNews # Affordability https:// globalnews.ca/news/11858733/wa lmart-earnings-k-shaped-economy/,,2026-05-21 20:18:07+00:00,Yes,Social Status,Low
116614309093251494,Walmart says lower-income shoppers are ‘navigating financial stress’ Walmart says lower-income shoppers appear to be increasingly 'navigating financial stress' as the so-called 'K' shaped economy becomes more prominent. # Canada # Consumer # USNews # Affordability https:// globalnews.ca/news/11858733/wa lmart-earnings-k-shaped-economy/,,2026-05-21 19:52:21+00:00,Yes,Social Status,Low
116450466842218642,"Fall tuition increase brings added stress for UPEI students as cost of living also rises The school year is winding down at the University of Prince Edward Island, but for students returning in the fall, it’s going to cost more. UPEI is increasing tuition for Canadian and international students by 6.5 per cent and 7.5 per cent, respectively. cbc.ca/news/canada/prince-edwa rd-island/pei-upei-fall-2026-tuition-increase-9.7173655?cmp=rss",,2026-04-22 21:25:06+00:00,Yes,Education,Low
116339101505572799,. Close the day by rating your clarity on a scale of one to ten aiming for a seven about seventy percent confidence and notice any drop in fear. Try this simple sorting tomorrow and watch fear loosen its grip on financial anxiety. # Stoicism # PriorityClarification # FinancialStress # Cleanthes # AutumnReflection # StoicPhilosophy # MarcusAurelius # RomanPhilosophy # PersonalGrowth # SelfImprovement # Resilience # Philosophy # Wisdom # StoicMindset # InnerPeace (4/4),,2026-04-03 05:23:28+00:00,Yes,Social Status,Medium
116187590805543276,"From mortgages to credit cards, Sask. falling behind on payments more than anywhere else in Canada Saskatchewan has the highest percentage of mortgage-holders who are behind on their payments, but data shows the financial stress gripping the province goes beyond that. cbc.ca/news/canada/saskatchewa n/sask-mortgages-credit-cards-falling-behind-more-than-other-canadians-9.7117872?cmp=rss",,2026-03-07 11:12:18+00:00,Yes,Social Status,Low
116019493974694489,"Toronto, Vancouver show biggest signs of mortgage stress: CMHC CMHC says it sees signs of financial stress among homeowners in Toronto and Vancouver, with missed mortgage payments projected to steadily increase. # financialstress # mortgage # Toronto # Vancouver # Canada # Economy https:// globalnews.ca/news/11654268/to ronto-vancouver-mortgage-stress-cmhc/",,2026-02-05 18:43:03+00:00,Yes,Social Status,Low
116019431464304081,"Toronto, Vancouver show biggest signs of mortgage stress: CMHC CMHC says it sees signs of financial stress among homeowners in Toronto and Vancouver, with missed mortgage payments projected to steadily increase. # financialstress # mortgage # Toronto # Vancouver # Canada # Economy https:// globalnews.ca/news/11654268/to ronto-vancouver-mortgage-stress-cmhc/",,2026-02-05 18:27:10+00:00,Yes,Social Status,Low
116019407508761671,"Toronto, Vancouver show biggest signs of mortgage stress: CMHC CMHC says it sees signs of financial stress among homeowners in Toronto and Vancouver, with missed mortgage payments projected to steadily increase. # financialstress # mortgage # Toronto # Vancouver # Canada # Economy https:// globalnews.ca/news/11654268/to ronto-vancouver-mortgage-stress-cmhc/",,2026-02-05 18:21:03+00:00,Yes,Social Status,Low
116019383819345426,"Toronto, Vancouver show biggest signs of mortgage stress: CMHC CMHC says it sees signs of financial stress among homeowners in Toronto and Vancouver, with missed mortgage payments projected to steadily increase. # financialstress # mortgage # Toronto # Vancouver # Canada # Economy https:// globalnews.ca/news/11654268/to ronto-vancouver-mortgage-stress-cmhc/",,2026-02-05 18:15:03+00:00,Yes,Social Status,Low
115977883970887717,"Survey suggest P.E.I.’s oyster farmers struggling, worried about debt The P.E.I. Aquaculture Alliance says a survey of its members reveals high levels of oyster mortality, financial stress and fears for the upcoming season due to the dual disease threat of MSX and dermo. The organization says it will share the results with government in hopes of adding a sense of urgency to its calls for help. CBC... # oysterfarmers # financialstress # disease # PEI cbc.ca/player/play/9.7065713?c mp=rss",,2026-01-29 10:21:05+00:00,Yes,Social Status,Low
115848272267531441,Money stress often shows up at night. Financial anxiety and sleep problems reinforce each other—and long-term stress affects health. # PersonalFinance # SleepHealth # FinancialStress # CdnEcon canajunfinances.com/2026/01/06 /losing-sleep-and-money/,,2026-01-06 12:59:08+00:00,Yes,Social Status,Medium
114086566194895638,Think about the last time financial stress held you back. # UBI removes that # barrier giving you the # freedom to # focus on what truly matters - your # health # happiness and # dreams Let’s # create a # society where # everyone can thrive. ❤️ Join our community and change the world 🙂 # UBI4ME # UniversalBasicIncome # UniversalBasicInvestment # DreamBig # FinancialStress # change,,2025-03-01 09:54:07+00:00,Yes,Social Status,Low
113510335993343332,"The holidays can bring financial stress, and as parents, it’s important to teach teens about budgeting and gratitude in a positive way. # thanksgiving # parentingteens # financialstress https:// envisiontherapydfw.com/talking -to-your-teen-about-financial-stress-during-the-holidays/",,2024-11-19 15:31:13.365000+00:00,Yes,Social Status,Low
113109242498242605,"Crazy Mens Mental Health Stats😱 # shorts Let’s talk about men, money, and mental health. Season 2, Episode 1 is out now! Men and Financial Stress Pressure to be the breadwinner Job satisfaction and mental health # FinancialStress # MentalHealth # MenAndAnxiety # WorkPressure # JobSatisfaction # breadwinnerpressure from InsideAMind Podcast from InsideAMind Podcast https:// gayorozell.wordpress.com/2024/ 09/10/crazy-mens-mental-health-stats%f0%9f%98%b1-shorts/",,2024-09-09 19:27:52+00:00,Yes,Social Status,Low
112095541345258476,"Learn practical strategies from a therapist to enhance communication, align financial goals, and build a resilient foundation. # Financialstress # MarriageCounseling # BudgetingTips # CommunicationinMarriage https:// envisiontherapydfw.com/navigat ing-financial-stress-in-marriage-a-therapists-guide/",,2024-03-14 18:50:20.444000+00:00,Yes,Social Status,Low
111563057778461589,Financial Stress Relief: Budgeting as a Tool for Mental Health # budgeting # mentalhealth # financialstress # personalfinance https:// envelopebudget.com/explore/blo g/financial-stress-relief-through-budgeting/,,2023-12-11 17:52:45.813000+00:00,Yes,Social Status,Low
110549498923470542,"Money is the top source of stress among Canadians: survey ctvnews.ca/business/money-is-t he-top-source-of-stress-among-canadians-survey-1.6439934 FP Canada’s 2023 Financial Stress Index reveals that money is the top stressor for Canadians, with 40 per cent of people surveyed expressing it is their main source of stress, ahead of personal health, relationships and work — for the sixth year in a row. And financial woes are taking a toll on people, impacting their quality of life and sleep. # FPCanada # Leger # stress # FinancialStress # Canada # money # health",,2023-06-15 17:51:25.038000+00:00,Yes,Social Status,Low
110384983902549138,"People with low education level have a higher risk of drug use, alcohol abuse, and suicidal thoughts if they’ve had a serious financial loss. # NICHDImpact # Suicide # Alcohol # Education # FinancialStress ncbi.nlm.nih.gov/pubmed/337328 65",,2023-05-17 16:33:03+00:00,Yes,Education,High
112760783537321559,# Tips to deal with # workplaceanxiety 1. Know your stress 2. Breaks are important 3. Talk it out 4. Communicate 5. Make a priority list 6. Maintain work-life balance msn.com/en-in/health/health-ne ws/7-effective-tips-to-deal-with-workplace-anxiety/ss-BB1pEEN3?ocid=msedgntp&pc=U531&cvid=f16eaaa14b2d4f0f8efac365ea1d2375&ei=16image=1,,2024-07-10 06:30:09+00:00,Yes,Social Status,Medium
116262935495168420,The true test of Quebec’s new workplace stress law # Quebec # Canada # Workplace # Labour # WorkersRights # MentalHealth # WorkplaceStress # EmploymentLaw # Justice # Governance # Leadership # HumanResources # Economy # SocialIssues # Policy # WorkCulture # Productivity https:// the-14.com/the-true-test-of-qu ebecs-new-workplace-stress-law/,,2026-03-20 18:33:27+00:00,Yes,Social Status,Low
116121818299945855,Nearly 40 percent of workers admit crying on the job as fear of layoffs lingers https:// fed.brid.gy/r/ z/2026/02/crying-at-work-job-insecurity-report/,,2026-02-23 16:13:24+00:00,Yes,Social Status,Low
112920930744975287,"Managing Workplace Stress and PTSD Under The ADA Navigating workplace stress and PTSD can be challenging, but understanding your rights under the ADA is crucial. The Americans with Disabilities Act (ADA) provides protections for employees experiencing PTSD and stress, ensuring fair treatment and reasonable accommodations. For more information visit us : https:// my-cpe.com/courses/accommodati ng-anxiety-workplace-stress-and-ptsd-under-the-ada # WorkplaceStress # PTSD # ADA # InclusiveWorkplace",,2024-08-07 13:17:42.983000+00:00,Yes,Social Status,Medium
112361104094383762,"Members of UCU at Barking and Dagenham College will be out in force tomorrow rallying to protest against management's refusal to improve staff working conditions. As well as a properly negotiated pay increase, members are calling for management to agree action to tackle workplace stress. ucu.org.uk/article/13555/Staff -to-hold-rally-outside-Barking-and-Dagenham-College-in-protest-against-managements-failure-to-improve-the-working-lives-of-staff?utm_source=Mastodon&utm_medium=Social&campaign=RespectFE # UCU # UKFE # FurtherEducation # WorkplaceStress # RespectFE",,2024-04-30 16:26:25+00:00,Yes,Social Status,Low
111034921329029452,"""Struggling with workplace stress? Prioritize and organize your tasks, practice time management, and take regular breaks to reduce stress levels. https:// starhealthfood.com/managing-st ress-at-work/ # workplacestress # stressreduction",,2023-09-09 11:20:43.141000+00:00,Yes,Social Status,Low
109504196307453895,"I really hate work potlucks except for dessert. Those rarely need to be kept warm, heated up, etc. But if I have to stress about simple logistics, panic ensues. I hate potlucks. We have one tomorrow. # mastodon , what do you think of # potlucks . # poll # holidays # party # WorkplaceStress # work # socialanxiety","@ Ellinorianne As someone with a severely restricted medical diet, they required me to either out myself as chronically ill or offend my coworkers. People equate caring and being socially part of a group with eating what the group has shared. It’s a largely unconscious bias that can create othering in the office. Brown bag lunches where everyone brings their own work well, but not potlucks. And potlucks spread diseases too.",2022-12-13 03:17:08+00:00,Yes,Social Status,Medium
109504196307453895,"I really hate work potlucks except for dessert. Those rarely need to be kept warm, heated up, etc. But if I have to stress about simple logistics, panic ensues. I hate potlucks. We have one tomorrow. # mastodon , what do you think of # potlucks . # poll # holidays # party # WorkplaceStress # work # socialanxiety","@ dawnfry I'm a vegetarian and the only main dish was spaghetti with meat sauce. I know at least one other person is a vegetarian and we could eat sides, it's frustrating that's all we have. But now I don't even want to go in because I'm no worried about how I'm going to heat my dish up. It's too stressful for someone like me. And I know other people probably don't even understand why.",2022-12-13 03:17:08+00:00,Yes,Social Status,Medium
109504196307453895,"I really hate work potlucks except for dessert. Those rarely need to be kept warm, heated up, etc. But if I have to stress about simple logistics, panic ensues. I hate potlucks. We have one tomorrow. # mastodon , what do you think of # potlucks . # poll # holidays # party # WorkplaceStress # work # socialanxiety",@ Ellinorianne I love food.,2022-12-13 03:17:08+00:00,Yes,Social Status,Medium
109504196307453895,"I really hate work potlucks except for dessert. Those rarely need to be kept warm, heated up, etc. But if I have to stress about simple logistics, panic ensues. I hate potlucks. We have one tomorrow. # mastodon , what do you think of # potlucks . # poll # holidays # party # WorkplaceStress # work # socialanxiety","@ Ellinorianne I came too late for the poll, but NO. We should have left the work potluck in 2020.",2022-12-13 03:17:08+00:00,Yes,Social Status,Medium
112362026991674966,"Almost half of Quebecers have high levels of financial anxiety: survey A new survey shows 48 per cent of Quebecers have high levels of financial anxiety, mostly regarding food and housing costs. # globalnews # Canada # CostofLiving # financialanxiety # frapru https:// globalnews.ca/news/10460410/ha lf-quebecers-high-financial-anxiety/",,2024-04-30 20:21:06+00:00,Yes,Social Status,Medium
112362023849084209,"Almost half of Quebecers have high levels of financial anxiety: survey A new survey shows 48 per cent of Quebecers have high levels of financial anxiety, mostly regarding food and housing costs. # globalnews # Canada # CostofLiving # financialanxiety # frapru https:// globalnews.ca/news/10460410/ha lf-quebecers-high-financial-anxiety/",,2024-04-30 20:20:18+00:00,Yes,Social Status,Medium
112361940319586639,"Almost half of Quebecers have high levels of financial anxiety: survey A new survey shows 48 per cent of Quebecers have high levels of financial anxiety, mostly regarding food and housing costs. # globalnews # Canada # CostofLiving # financialanxiety # frapru https:// globalnews.ca/news/10460410/ha lf-quebecers-high-financial-anxiety/",,2024-04-30 19:59:03+00:00,Yes,Social Status,Medium
109326517073134183,Cool! I was quoted in this article on high-earning women and financial anxiety. gobankingrates.com/money/finan cial-planning/why-are-most-women-who-make-over-250k-still-feeling-financial-stress/ # financialanxiety # money # womenandmoney # personalfinances # wealthbuilding,,2022-11-11 17:59:32+00:00,Yes,Social Status,Medium
117178333360063916,"Can't stop fixating on the way you look? Four mental exercises to help ground yourself, per a psychologist npr.org/2026/08/28/nx-s1-59467 51/cant-stop-fixating-on-the-way-you-look-these-4-mental-exercises-may-help # wellness # bodyimage # mentalhealth",,2026-08-29 10:31:10+00:00,Yes,Appearance,Low
117178333307852902,"Can't stop fixating on the way you look? Four mental exercises to help ground yourself, per a psychologist npr.org/2026/08/28/nx-s1-59467 51/cant-stop-fixating-on-the-way-you-look-these-4-mental-exercises-may-help # wellness # bodyimage # mentalhealth",,2026-08-29 10:31:10.735000+00:00,Yes,Appearance,Low
117177983537168925,"Obsessing over your looks should not take up all your energy, says psychologist Diana Hill. If you're struggling with uncomfortable thoughts about your body, ground yourself with these techniques. wellness bodyimage mentalhealth 4 ways to cope with constant t...",,2026-08-29 09:01:54+00:00,Yes,Appearance,Low
117177982301340955,"Can't stop fixating on the way you look? Four mental exercises to help ground yourself, per a psychologist npr.org/2026/08/28/nx-s1-59467 51/cant-stop-fixating-on-the-way-you-look-these-4-mental-exercises-may-help Obsessing over your looks should not take up all your energy, says psychologist Diana Hill. If you're struggling with uncomfortable thoughts about your body, ground yourself with these techniques. # wellness # bodyimage # mentalhealth",,2026-08-29 09:01:52+00:00,Yes,Appearance,Low
117177897567942951,"Obsessing over your looks should not take up all your energy, says psychologist Diana Hill. If you're struggling with uncomfortable thoughts about your body, ground yourself with these techniques. # wellness # bodyimage # mentalhealth npr.org/2026/08/28/nx-s1-59467 51/cant-stop-fixating-on-the-way-you-look-these-4-mental-exercises-may-help?utm_source=flipboard&utm_medium=activitypub Posted into FLIPBOARD EXCHANGE FEED 🗞️ @ flipboard-exchange-feed-Econopass",,2026-08-29 08:40:14+00:00,Yes,Appearance,Low
116788376349025471,"Saccharine (2026) Saccharine (2026) A medical student who is self-conscious about her body starts taking an unknown pill – a strange sort of capsule – to lose weight. This decision triggers an unexpected and terrifying side effect, unleashing a supernatural force that increasingly takes over her daily life. Yet another Australian film I didn’t like. Seriously!!! I think that within the first three-quarters of an hour, I already knew I was going to give this film a very low rating. My disappointment is all the greater given that the theme of eating disorders, within the context of a horror film, seemed quite innovative in the 2020s. The film does feature a few very beautiful shots, particularly of bodily fluids and the interior of bodies. Yes, unfortunately it’s reminiscent of The Substance (2024) , which I hated. The film’s main flaw is that it’s a mix of Coralie Fargeat’s film and Grave (2016) , which I didn’t like at all either. That’s saying something! Two female directors I can’t stand. As for Grave , it’s the carnal aspect centred on food that puts me off. The film might have been more successful if it had been cut by a good half an hour. As it stands, it’s rather repetitive and very boring. The storyline centred on the heroine’s family, which is very interesting, would have deserved more screen time. Two parents doing their best, but their best isn’t very high. Between the father, who struggles to do anything, and the mother, who goes overboard. In fact, she reminded me of my own worries. Those mothers who are always wanting to tidy and clean their children’s bedrooms without realising that they’re intruding on a private world they can’t possibly understand. We throw things away and clean up without realising that this mess might have had its own significance, symbolic or otherwise. We know that stories about weight will attract an audience, just as we know it’s just as easy to have a hit with a film about money. Like when people come into a fortune and decide to keep it to themselves without telling anyone else. So it’s the same with stories where someone finds a miracle solution for losing weight. These are indeed constant, permanent and eternal problems for people in our society. What a sad world! This film is, of course, rather despicable. The subject matter is repulsive, especially when you discover what’s in the so-called miracle pills. The atmosphere is as grim as you could wish for. The lead actress is truly unsettling, which does, however, demonstrate a certain talent. But there comes a point where it all gets completely ridiculous, and from that moment on, I gradually lost interest. It hadn’t really managed to hold my attention right from the start. At least this film doesn’t really make you fancy a bite to eat. That’s the cool thing about it if you’re watching it with the aim of losing a few kilos! Saccharine offers nothing particularly meaty or substantial to sink your teeth into. Forrest Gump says “Life is like a box of chocolates”, but not quite so for obese people. It’s glaringly obvious that this film lacks subtlety. We can add a third film that I hated to the list of what this film reminded me of. Indeed, Antiviral (2012) by Cronenberg Jr, Brandon, can round off my list of a quartet of despicable films to avoid. Except for the most twisted among us, of course. Fans of the macabre, gore and grim, sickening atmospheres can rush headlong into these films without hesitation. If the plot invokes the miracle weight-loss pill, the filmmaker would do well to find the formula for a successful pace, surprise and dramatic tension – essential ingredients for concocting genuine intellectual satisfaction. Natalie Erika James, an American, Australian and Japanese director, screenwriter and producer, is no doubt trying to show that she can shock and disgust even more than men, whilst thinking she’s doing a better job. But with slow service and bland food, it’s a definite NO! The trio of leading actresses do a fine job. Midori Francis , Madeleine Madden , and Danielle Macdonald are quite good, but Danielle Macdonald is excellent. I would have loved to see more of her in this film. All her scenes are the best in my opinion. Somewhere between body horror and a ghost film, Saccharine , Natalie Erika James’s third feature film, suffers from a thematic overload, tackling themes such as the cult of thinness, eating disorders and female desire. The sweetness is there, as are the intentions, but it doesn’t quite hit the spot. ⭐ Rating: 1 out of 5. australia bodyHorror bodyImage gore horror saccharine2026 weightLoss",,2026-06-21 13:39:59+00:00,Yes,Appearance,Low
116783906331370711,"Bob's Burgers making me cry because I wish my parents had been as gentle and understanding as Bob and Linda are (ultimately, after the episode drama resolves, and Linda figures out HEY I DON'T NEED TO PROJECT MY BODY INSECURITY AND MY MOTHER'S JUDGEMENT AND SHAME ONTO MY OWN DAUGHTER). That would have been so nice. Instead of what I got. Being accused of choosing a SLUTTY HAIRCUT. body-image slut-shaming fashion conservatism religious-trauma bob's-burgers",,2026-06-20 18:43:11.271000+00:00,Yes,Appearance,Medium
116093698106698091,"I spent years navigating a complicated relationship with my breasts—longing for them, resenting the attention and pain, struggling with clothes and bras, finally embracing them, feeding my babies, watching them change and deflate, and then hearing the words breast cancer; our bodies carry identity, nourishment, grief, and survival, and that journey deserves honesty. # BreastCancerJourney # BodyImage # WomensHealth # HealingStory # Resilience","@ WithEmilyKate I lost my daughter in a fire💔, and every day has felt heavier than the last. I miss her more with each passing day. the pain comes in waves sometimes I can breathe through it, and other times it completely knocks me down. Some days, it’s just really hard to get through.",2026-02-18 21:14:10.904000+00:00,Yes,Appearance,Medium
116093698106698091,"I spent years navigating a complicated relationship with my breasts—longing for them, resenting the attention and pain, struggling with clothes and bras, finally embracing them, feeding my babies, watching them change and deflate, and then hearing the words breast cancer; our bodies carry identity, nourishment, grief, and survival, and that journey deserves honesty. # BreastCancerJourney # BodyImage # WomensHealth # HealingStory # Resilience","@ cedric34 I’m so deeply sorry for your loss. My heart truly goes out to you. Grief comes in waves, and those heavy days can feel overwhelming. I hope you’re able to find small moments of peace or something that helps you breathe through the hard times. For me, creating art can quiet the noise in my mind for a little while. Please know you’re not alone.",2026-02-18 21:14:10.904000+00:00,Yes,Appearance,Medium
116083388054182325,"There was longing. Then discomfort. Then pride. Then motherhood. Then grief. Then cancer. A lifetime relationship with one part of the body — shifting through identity, nourishment, pain, and survival. It’s not simple. It’s layered. And it deserves to be told honestly. # BreastCancerJourney # BodyImage # WomensHealth # HealingStory # Resilience",,2026-02-17 01:32:12.001000+00:00,Yes,Appearance,Medium
115187456724208784,"Body Image, Nutrition and Mental Health by Hubertus Himmerich, 2024 The Special Issue “Body Image, Nutrition, and Mental Health” examines and illuminates the complex relationships among body image, nutrition, and mental health. It covers the psychological and social risk factors of body image disturbances and associated disorders, biological aspects of appetite regulation and the metabolic syndrome # OpenAccess https:// directory.doabooks.org/handle/ 20.500.12854/139363 # books # BodyImage # nutrition # MentalHealth",,2025-09-11 20:05:04.851000+00:00,Yes,Appearance,Low
115179246259526156,The big stink: is ‘genital anxiety’ behind the rapid rise of whole-body deodorants? theguardian.com/lifeandstyle/2 025/sep/10/the-big-stink-is-genital-anxiety-behind-the-rapid-rise-of-whole-body-deodorants # Health &wellbeing # Lifeandstyle # Advertising # Bodyimage # Hygiene # Society # Beauty,,2025-09-10 09:17:01+00:00,Yes,Appearance,Medium
115112388037725931,Gym installed giant mirrors behind the weight benches. Nope! # anxiety # bodyimage,,2025-08-29 13:54:06+00:00,Yes,Appearance,Medium
114959603766110141,"Going through my hormone therapy puts me through a second puberty, so I'm feeling much younger than I really am. However, my body is still 43. Hence why 2 days after doing some vigorous DIY, I’m still feeling it! https:// medium.com/prismnpen/the-press ure-of-looking-like-a-perfect-trans-man-c6c9608c388d?sk=1fc829b6648cd9d05a9144827e8a0787 # LGBTQ # Transgender # BodyImage # HRT",,2025-08-02 14:19:01+00:00,Yes,Appearance,Low
114586464290179049,Just another internet sad boy. Nothing to see here. https:// loops.video/v/8ALFJgGN84 # health # blood pressure # bodyimage # mentalhealth # sad # sadboy # loops,"@ donthatedontkill Hang in there buddy. I heard you say you are exercising regularly and that might need a good night's sleep. Eat, sleep, and exercise are the three basic physical needs. Make sure you've got enough good healthy food and sleep. Thanks for sharing. A lot of people feel the way you do and don't have the courage to share how they're feeling.",2025-05-28 16:44:48.028000+00:00,Yes,Appearance,Low
114586464290179049,Just another internet sad boy. Nothing to see here. https:// loops.video/v/8ALFJgGN84 # health # blood pressure # bodyimage # mentalhealth # sad # sadboy # loops,@ neptune22222 Hey man. Thanks for your kind words of encouragement here and on my other post this morning. It really does help. <3 Thank you. Food and exercise is good. Sleep is a problem but has been my whole life. But doubly so in the neighborhood I live which is very loud. I should be moving in a month or so. So maybe it'll get better. But the BP thing is ultimately a genetic thing in my family. I think I'm having a hard time accepting that too. I just thought I could stave it off a bit more.,2025-05-28 16:44:48.028000+00:00,Yes,Appearance,Low
114308387810846891,I’ve watched gay men destroy themselves for the “perfect body” for over twenty years. Here’s what we’re still getting wrong. https:// buff.ly/x1rShJZ # LGBTQ # Gay # BodyImage # Trauma # MentalHealth,,2025-04-09 14:06:15+00:00,Yes,Appearance,Medium
112802413463065033,The rise of influencer culture on social media has a significant impact on mental health and body image. # trends # mentalhealth # bodyimage http:// clusterado.com/2024/07/17/the- dark-side-of-trends-the-impact-of-influencers-on-mental-health-and-body-image/,,2024-07-17 14:57:12.777000+00:00,Yes,Appearance,Low
112362065523642192,"Who wants to talk about apron belly? 🙋🏻‍♀️ I didn’t even know this was a thing, until I mentioned some body-image issues to my therapist and she told me about it (I love her so much but that’s a different post!!). I want y’all to know, you are not alone and this is a safe place to talk about it 💕 # BodyImage # FatBodiesAreValidToo",@ farah your body is valid! Everybody gets one.,2024-04-30 20:30:52+00:00,Yes,Appearance,Low
112320178566792439,"I don’t know what this says about me, society, and the way I was raised, but I just weighed myself and saw that I put on 1 kg and I am now crying about it. # bodyimage # bodydysmorphia # bpd # beauty",,2024-04-23 10:58:31+00:00,Yes,Appearance,Low
110922337946695498,PSA: It’s not normal to worry about your body for hours every day. You may have # bodydysmorphicdisorder # bdd – something that’s more common than generalized # anxiety disorder and eating disorders. # health # bodyimage https:// theconversation.com/body-dysmo rphic-disorder-is-more-common-than-eating-disorders-like-anorexia-and-bulimia-yet-few-people-are-aware-of-its-dangers-195538,,2023-08-20 14:09:05+00:00,Yes,Appearance,Medium
110644909115432928,"By and large, western society is informed by visual media. Just about everyone has a smartphone, or at least access to social media platforms, and will likely be no more than two taps away from seeing a plethora of slim, fit starlets laughing in sun loungers. https:// medium.com/prismnpen/if-i-have -abs-i-wont-be-lonely-9fa92070cf47?sk=3c74ca7562f02c8298971c30cad73423 # LGBTQ # Gay # SocialMedia # BodyImage # Culture",,2023-07-02 14:15:26+00:00,Yes,Appearance,Medium
110493383997289898,Why suicides among young women are rising at the fastest rate ever | The Independent independent.co.uk/news/uk/home -news/suicide-women-rates-young-women-b2266064.html # Suicide # YoungWomen # Women # CampaignAgainstLivingMiserably # CALM # MentalHealth # MH # MentalHealthServices # SocialMedia # Relationships # Misogyny # BodyImage # EatingDisorders # AttentionSeeking # Mind # Abuse # Samaritans,@ AutisticMumTo3 This is very sad! 😿,2023-06-05 20:00:36+00:00,Yes,Appearance,High
110204277171547218,"Summer is coming, and since last September's mental breakdown I have a lot of very visible scars in my shoulders. I've kept them covered since the beginning, and I fear that my family will find out in summer. In fact, the scars will be there forever. My family thinks I stopped self harming years ago, but I relapse from time to time. They'll be very disappointed. I used to love showing off my shoulders, but now I'll be self conscious for the rest of my life. # bpd # selfharm # selfesteem # bodyimage",,2023-04-15 18:36:58+00:00,Yes,Appearance,High
109966987390045439,"""Reducing social media use significantly improves body image in teens, young adults"" Not that it comes as a surprise, because I think that something designed to hook people in, to forcefully capture attention and emotional response, the farther the better. # SocialMedia # AntiSocialMedia # SurveillanceCapitalism # AttentionCapitalism # BodyImage # Anxiety",,2023-03-04 20:51:00+00:00,Yes,Appearance,Medium
109960889664736124,Jezebel: Sex. Celebrity. Politics. With Teeth: TikTok Has Barely Done Anything to Get Rid of Its Growing Pro-Anorexia Content https:// jezebel.com/tiktok-has-barely- done-anything-to-get-rid-of-its-growi-1850184669 # Jezebel # cultureboundsyndromes # eatingdisorders # anorexianervosa # humanbehavior # socialissues # allisonivie # imranahmed # bodyshape # bodyimage # selfharm # articles # tiktok # humans # proana # ccdh # rtt,,2023-03-03 19:00:10+00:00,Yes,Appearance,High
109917068646173634,"🌈 Body Image, Mental Health, Exercise This is a study for the LGBQTIA+ Community # MentalHealth # EatingDisorders # BodyImage # LGBTQTIAPLUS includedstudy.com.au/",,2023-02-24 01:15:55+00:00,Yes,Appearance,Low
109796531424117782,My therapist and I came up with some customized affirmations to counteract negative thoughts about # BodyImage that I can use to deprogram society's effect on my definition of beauty. I made them into images that I printed and will put on a mirror I'm gonna buy soon. I'll look at myself and these at the same time and try to do some serious deprogramming! Sharing them in case they are helpful to anyone else 🍓 (5th image attached in second post...),5th image of body image affirmations,2023-02-02 18:21:52.806000+00:00,Yes,Appearance,Low
109796531424117782,My therapist and I came up with some customized affirmations to counteract negative thoughts about # BodyImage that I can use to deprogram society's effect on my definition of beauty. I made them into images that I printed and will put on a mirror I'm gonna buy soon. I'll look at myself and these at the same time and try to do some serious deprogramming! Sharing them in case they are helpful to anyone else 🍓 (5th image attached in second post...),They're not quite affirmations in the usual sense. They are more like armor against external opinions about body image. IDK what word would describe them more accurately besides affirmations 🤔,2023-02-02 18:21:52.806000+00:00,Yes,Appearance,Low
109796531424117782,My therapist and I came up with some customized affirmations to counteract negative thoughts about # BodyImage that I can use to deprogram society's effect on my definition of beauty. I made them into images that I printed and will put on a mirror I'm gonna buy soon. I'll look at myself and these at the same time and try to do some serious deprogramming! Sharing them in case they are helpful to anyone else 🍓 (5th image attached in second post...),"@ Dyani Yes, they provide good 'armour'...",2023-02-02 18:21:52.806000+00:00,Yes,Appearance,Low
109796531424117782,My therapist and I came up with some customized affirmations to counteract negative thoughts about # BodyImage that I can use to deprogram society's effect on my definition of beauty. I made them into images that I printed and will put on a mirror I'm gonna buy soon. I'll look at myself and these at the same time and try to do some serious deprogramming! Sharing them in case they are helpful to anyone else 🍓 (5th image attached in second post...),@ Dyani Mantras? Reminders? Affirmations sounds pretty accurate though. They're like visual affirmations!,2023-02-02 18:21:52.806000+00:00,Yes,Appearance,Low
109796531424117782,My therapist and I came up with some customized affirmations to counteract negative thoughts about # BodyImage that I can use to deprogram society's effect on my definition of beauty. I made them into images that I printed and will put on a mirror I'm gonna buy soon. I'll look at myself and these at the same time and try to do some serious deprogramming! Sharing them in case they are helpful to anyone else 🍓 (5th image attached in second post...),@ Dyani that's a good ass therapist,2023-02-02 18:21:52.806000+00:00,Yes,Appearance,Low
109623985766027334,"@ WeavingWithAI # stabilityai does a good job of talking up mental health, diversity etc here : https:// youtube.com/watch?v=YQ2QtKcK2d A&si=EnSIkaIECMiOmarE While their wonderful contribution to all of this favours young males, with money for decent hardware and time to spend. Culturally this doesn’t seem progressive to me and, amongst other things, to be at odds with what we are beginning to understand about social media and # bodyimage .",,2023-01-03 07:01:14.996000+00:00,Yes,Appearance,Low
109569023907855408,"Finished this last night. The author gives assignments at the end of every chapter. I'll be re-listening to work on these assignments. If you have a history of # trauma , are in # recovery , struggle with # BodyImage , # perfectionism , or # ImposterSyndrome , I recommend this # Audiobook . It's only available on Audible. # amreading # Bookstodon @ bookstodon",,2022-12-24 14:03:39+00:00,Yes,Appearance,Medium
109539391068834364,"This is also sad state of humanity. People still believe that only women has body image problems, and nobody talks about how things are advertised to young men... Watch MorePlatesMoreDates and/or The Bioneer, who is doing functional training and all of his advises are golden, plus he looks good, but not that overly masculine physic. MensHealth health BodyImage",,2022-12-19 08:27:37.867000+00:00,Yes,Appearance,Low
109354928290406647,"I’m heading up a team of therapists and dietitians, writing a body image book for Orthodox Jewish tween girls and I want you (and @ dainybernstein ) to know about it! Stay tuned! # jewish # orthodox # bodyimage # bopo # IntuitiveEating # AntiDiet # dietitian # therapist",@ yaffi love that I get a personal callout!callous!! And excited to read the book soon.,2022-11-16 18:36:23+00:00,Yes,Appearance,Low
109354928290406647,"I’m heading up a team of therapists and dietitians, writing a body image book for Orthodox Jewish tween girls and I want you (and @ dainybernstein ) to know about it! Stay tuned! # jewish # orthodox # bodyimage # bopo # IntuitiveEating # AntiDiet # dietitian # therapist",@ yaffi @ dainybernstein im not jewish but i wanna read this lol,2022-11-16 18:36:23+00:00,Yes,Appearance,Low
109354928290406647,"I’m heading up a team of therapists and dietitians, writing a body image book for Orthodox Jewish tween girls and I want you (and @ dainybernstein ) to know about it! Stay tuned! # jewish # orthodox # bodyimage # bopo # IntuitiveEating # AntiDiet # dietitian # therapist",@ schemmentislove @ dainybernstein there are some great ones out there! The Body Image Book for Girls by Dr. Charlotte Markey is available now!,2022-11-16 18:36:23+00:00,Yes,Appearance,Low
116421311199265106,"@ molly0xfff completely agree. People who suffer from anxiety, for some reason, end up addicted to feeling anxious. It's a hyper-stimulation effect imo. A concept exploited time-and-time again by the # socialnetworks . Eg. if you display signs of # bodydysmorphia on IG. You'll receive 3 times the number of posts triggering this disorder compared to someone who doesn't. This drives engagement and screen time by these users / victims. In general terms, the name given is: # snapchatdysmorphia","@ DazRunner @ molly0xfff i was just thinking something along these lines last night. i need a constant stream of problems to patiently chip away at, but having unsolved problems makes me low key anxious about not knowing how exactly i'll solve them or how much time and effort it will take or if my solution is even valid",2026-04-17 17:50:29.991000+00:00,Yes,Appearance,Medium
113034659212012761,"I want to move to another # instance - # advice / # boosts welcome. I'd like a medium to big instance aligning with my interests. I mostly toot about my poor # mentalhealth , managing my # BPD and # bodydysmorphia . This helps me notice my cognitive distortions. I also toot about # relationships , and sometimes about my # phd . I'd like to connect with people who know what it's like to deal with # trauma and # recovery . I'm into # sober living and trying to lessen the impact my mother's # alcoholism has on me. Trying to keep my own # addictions under control. I'm open to # chat . Although I work in tech, I'm not interested in that type of content anymore, hence the migration. # lgtb and # trans issues do interest me. # introduction @ bpd",,2024-08-27 15:20:20+00:00,Yes,Appearance,Medium
112746983750345172,"As I get more fit, my clothes have started to fit me differently. All of my size 34 shorts are now too small to fit on my hips, where I attempted to hide my body by draping my clothes there. Which led to clothing style choices, like cargo shorts that (for some reason) do not have the same fitted waist that other shorts do. All of my more fitted 34 waist shorts now fit, but only if I wear them AT MY WAIST which for me is basically my belly button, a good 2-4"" higher than I've ever worn anything (for reals). So now I understand everything about how pants are cut for men that I was never taught, but also could not understand because of my broken posture. At age 53 I am learning that the cut of the garment is helping encourage that posture. I'm starting to feel like... I almost started to type ""a different person"", and that's true... But it's Me, in the flesh. Different from what I was because it's someone that doesn't reject their own corporeal existence. I feel myself liking myself, not because I'm being good and eating well and working out. But because I'm getting a connection to my own body that I never got the chance to have. # BodyDysmorphia # OCD # CPTSD",,2024-07-07 20:00:41+00:00,Yes,Appearance,Low
112321981851221538,"Think I look ok here and after things I been going through the past few months I need to be feeling ok about myself. Anyways hi, I'm a dork. # actionfigures # actuallyautistic # autism # mentalhealth # depression # anxiety # autismacceptancemonth # autistic # adhd # audhd # bodydysmorphia",,2024-04-23 18:37:01+00:00,Yes,Appearance,Medium
110404750568420752,I missed an email informing me a comic of mine was accepted for a mental health zine while I was at a contemplative retreat last month. This meant I just discovered I was included when a copy of the zine with a thank you note arrived in today’s mail! The comic explores how my # BodyDysmorphia is rooted in early childhood trauma. # TheGrayZine # MentalHealth # ArtHeals # DrawingTheInvisible,,2023-05-21 04:19:56+00:00,Yes,Appearance,Medium
109583461676127926,"Been feeling nauseous all day. Finally managed to eat something small and all the blood going to my digestive system had me shivering with cold so hard I got a heart rate alarm from my watch! I think it’s the physical blowback from the effort of compartmentalizing surging # BodyDysmorphia brought on by a careless healthcare provider revealing my weight to me shortly after telling her I struggle with # ED . I used a new visualization tool my therapist taught me, but it takes a lot of energy to keep shoving disruptive parts away.",,2022-12-27 03:15:25+00:00,Yes,Appearance,Low
109558581769249042,"Guess who’s really freaking glad she’s got therapy scheduled on Monday! Still feeling sideswiped by finding out my weight because the clinic my hand surgeon is at automatically prints it on referrals for OT. Two seconds and a Sharpie could have prevented this, feedback I’ll share. Of course this happens during a month where extra treats are part of the celebrating. Bless my wife who’s already reminded me, “It’s just a number!”, several times already this morning. Leaning on an # IFS ( # InternalFamilySystems ) tool hard. I’m focusing on sending my “Body Cop” part to what I call The Asshole Clubhouse. It’s the part of me that screams at me about what I shouldn’t eat, what I must eat, and how my body is hideously misshapen. This part “rewards” good behavior with icy calm that’s really a kind of # Disassociation , a state I’m trying to avoid these days. I’m grateful my new therapist named the miserable cycle this part throws me in to. She has been helping me understand how # cPTSD , # BodyDysmorphia , and # ED get tangled up with the need to make myself small, to not take up space, to become invisible. My past therapist downplayed it as “poor body image” to be addressed in group therapy after I finished reprocessing with her. This would cause me to get angrier with myself for “making such a big deal” about my body. Turns out that my “drama” is a disorder!",@ PDXyogini all the 💜💜💜. Medical systems and the holiday season are both so hard for ed and body stuff.,2022-12-22 17:43:55+00:00,Yes,Appearance,Low
109558581769249042,"Guess who’s really freaking glad she’s got therapy scheduled on Monday! Still feeling sideswiped by finding out my weight because the clinic my hand surgeon is at automatically prints it on referrals for OT. Two seconds and a Sharpie could have prevented this, feedback I’ll share. Of course this happens during a month where extra treats are part of the celebrating. Bless my wife who’s already reminded me, “It’s just a number!”, several times already this morning. Leaning on an # IFS ( # InternalFamilySystems ) tool hard. I’m focusing on sending my “Body Cop” part to what I call The Asshole Clubhouse. It’s the part of me that screams at me about what I shouldn’t eat, what I must eat, and how my body is hideously misshapen. This part “rewards” good behavior with icy calm that’s really a kind of # Disassociation , a state I’m trying to avoid these days. I’m grateful my new therapist named the miserable cycle this part throws me in to. She has been helping me understand how # cPTSD , # BodyDysmorphia , and # ED get tangled up with the need to make myself small, to not take up space, to become invisible. My past therapist downplayed it as “poor body image” to be addressed in group therapy after I finished reprocessing with her. This would cause me to get angrier with myself for “making such a big deal” about my body. Turns out that my “drama” is a disorder!",@ PDXyogini Its great to see people using # IFS as its a very little known non-pathologizing from of therapy. sorry about the fatphobia from that medical practice.,2022-12-22 17:43:55+00:00,Yes,Appearance,Low
109558581769249042,"Guess who’s really freaking glad she’s got therapy scheduled on Monday! Still feeling sideswiped by finding out my weight because the clinic my hand surgeon is at automatically prints it on referrals for OT. Two seconds and a Sharpie could have prevented this, feedback I’ll share. Of course this happens during a month where extra treats are part of the celebrating. Bless my wife who’s already reminded me, “It’s just a number!”, several times already this morning. Leaning on an # IFS ( # InternalFamilySystems ) tool hard. I’m focusing on sending my “Body Cop” part to what I call The Asshole Clubhouse. It’s the part of me that screams at me about what I shouldn’t eat, what I must eat, and how my body is hideously misshapen. This part “rewards” good behavior with icy calm that’s really a kind of # Disassociation , a state I’m trying to avoid these days. I’m grateful my new therapist named the miserable cycle this part throws me in to. She has been helping me understand how # cPTSD , # BodyDysmorphia , and # ED get tangled up with the need to make myself small, to not take up space, to become invisible. My past therapist downplayed it as “poor body image” to be addressed in group therapy after I finished reprocessing with her. This would cause me to get angrier with myself for “making such a big deal” about my body. Turns out that my “drama” is a disorder!","@ kevix Thanks for the support! ❤️‍🩹 I started working with someone who uses # IFS and Acceptance and Commitment Therapy # ACT this year. I also read Janina Fisher’s excellent book, “Healing the Fragmented Selves of Trauma Survivors”, my therapist has taken some training from Fisher, who uses a Parts approach as well. It’s been a significant, positive shift for me. EMDR reprocessing was exhausting and had started getting in the way of integration. It was helpful and it’s sped up my jump into IFS, but it’s run through it’s efficacy for childhood trauma.",2022-12-22 17:43:55+00:00,Yes,Appearance,Low
109396593651381656,I’ve apparently “completed” the Chloe Ting abs challenge but given my lack of Pilates attendance I’ma gonna keep going. Funny thing is I actually felt more bloated today than I did on day 1 but the photo doesn’t seem to show it. The body dysmorphia is strong with this one. # chloetingabschallenge # absworkout # bodydysmorphia # ocd,Did I mention I’m nearly 50?,2022-11-24 03:12:04+00:00,Yes,Appearance,Low
109396593651381656,I’ve apparently “completed” the Chloe Ting abs challenge but given my lack of Pilates attendance I’ma gonna keep going. Funny thing is I actually felt more bloated today than I did on day 1 but the photo doesn’t seem to show it. The body dysmorphia is strong with this one. # chloetingabschallenge # absworkout # bodydysmorphia # ocd,@ rua fantastic! Even before I had a kid I never had a flat stomach. Now it’s 59 my flabby belly is just another adorable part of me 😂. But you look terrific 👍🏻,2022-11-24 03:12:04+00:00,Yes,Appearance,Low
109396593651381656,I’ve apparently “completed” the Chloe Ting abs challenge but given my lack of Pilates attendance I’ma gonna keep going. Funny thing is I actually felt more bloated today than I did on day 1 but the photo doesn’t seem to show it. The body dysmorphia is strong with this one. # chloetingabschallenge # absworkout # bodydysmorphia # ocd,@ MsPraxis I definitely don’t have a flat stomach. I’m just happy it I don’t jiggle too much when I walk.,2022-11-24 03:12:04+00:00,Yes,Appearance,Low
109396593651381656,I’ve apparently “completed” the Chloe Ting abs challenge but given my lack of Pilates attendance I’ma gonna keep going. Funny thing is I actually felt more bloated today than I did on day 1 but the photo doesn’t seem to show it. The body dysmorphia is strong with this one. # chloetingabschallenge # absworkout # bodydysmorphia # ocd,"@ rua It guess it's perspective - to me, you look ironing board flat :)",2022-11-24 03:12:04+00:00,Yes,Appearance,Low
109396593651381656,I’ve apparently “completed” the Chloe Ting abs challenge but given my lack of Pilates attendance I’ma gonna keep going. Funny thing is I actually felt more bloated today than I did on day 1 but the photo doesn’t seem to show it. The body dysmorphia is strong with this one. # chloetingabschallenge # absworkout # bodydysmorphia # ocd,"@ rua no, you did not! I am seriously impressed. I have got as far as buying decent walking shoes. It’s a start.",2022-11-24 03:12:04+00:00,Yes,Appearance,Low
109289996509379725,"While in general I’m pretty positive about my body image these days and don’t really have the bad body dysmorphia that used to make me spiral into depression, wherever I see a side profile of myself in a mirror it still hits hard. All I can see is how big I still am, and it makes me feel terrible. # bodydysmorphia # fitness # gym",,2022-11-05 07:23:18+00:00,Yes,Appearance,Medium
115795664620805047,"When Bullies Punch Down, I Punch Back (and Why I’m Done Being Quiet) I hate bullies. I hate them with a passion. Not in a casual, eye-roll way. I mean a deep, lived-in dislike that comes from decades of being on the receiving end of their cruelty. I was born with a lazy eye, clinically known as strabismus. It is part of my body. It is part of my face. It is something I did not choose and cannot control. And for as long as I can remember, it has been an open invitation for strangers, classmates, and now internet randos to say something slick, “funny,” or outright cruel. If you have ever been bullied for your appearance, your body, your condition, your disability, your neurodivergence, your accent, or simply for existing a little outside the norm, you already know this story. It starts young. It hurts deeply. And at first, it makes you cry. I cried. A lot. But at some point, crying stopped working. The moment anger replaced shame There was a turning point in my childhood where sadness hardened into anger. Not the kind of anger that destroys you from the inside, but the kind that wakes you up. The kind that says, “No. I am not the problem here.” Bullies taught me several things, whether they meant to or not. They taught me that bullies are scared human beings. They taught me that bullies suffer deeply. They taught me that bullies will grab onto anything they perceive as smaller, different, or vulnerable so they can punch down and feel powerful for five fleeting seconds. I am not offering some groundbreaking psychological insight here. We have all heard it before. Hurt people hurt people. But here is where I draw the line. I refuse to be hurt by hurt people. Once I understood how deeply insecure bullies actually are, something shifted in me. I stopped internalizing their words. I stopped assuming they were right. And I started talking back. Why I stopped being polite about my pain When someone is bold enough to comment on my body, my eye, or my condition, something I cannot change, then they have forfeited my politeness. That realization is how I survived that part of my childhood. I matched their energy. I named their behavior. I made it clear I was not ashamed. Was it always graceful? No. Was it effective? Absolutely. Because bullies rely on silence. They rely on you shrinking. They rely on shame doing their work for them. When you speak up, when you push back, when you show them that their words do not own you, their power evaporates. They are suddenly exposed for what they are: insecure people flailing for control. Screenshot 1 Online bullies are not different. They are louder. Fast forward to adulthood, and the setting has changed, but the behavior has not. The playground is now a comment section. The whispers are now public replies. The cruelty is now dressed up as “jokes.” Recently, I received a comment on one of my videos that leaned on an old, lazy, ableist joke about my eye. The kind of joke that bullies think is clever because they have heard it echoed a thousand times before. I responded. Not because I needed validation. Not because I was hurt. But because I refuse to be silent. Online or offline, I will call out nasty behavior when I see it. I will point to it directly and say, “This is what you are doing, and it is not cute.” This blog post is part of that same refusal. Where my confidence really came from I need to say this clearly: I did not get here alone. I was fortunate. Deeply fortunate. My grandmother raised me to know there was nothing wrong with me. She did not minimize my pain, but she never let me believe the cruelty I faced was deserved. She taught me that the problem was never my face, my eye, or my existence. The problem was always the people who felt entitled to comment on it. That foundation matters. Because when you grow up being told you are whole, you are far less likely to believe people who try to tear you apart. Thanks to her, I learned how to stand up for myself. I learned how to take up space. I learned how to speak without apologizing for my body. Screenshot The truth bullies do not want you to see Here is the part that makes bullies uncomfortable. The joke is never really about you. The joke is about their emptiness. People who know and love themselves do not need to mock someone else’s body to feel joy. People who are secure do not punch down. People who are at peace do not need to humiliate others for entertainment. Ableist jokes are not humor. They are confessions. They confess fear. They confess self-loathing. They confess a desperate need to feel above someone, anyone, for a brief moment. That is why I can say, without hesitation, that the joke is on him. I know myself. I love myself. And I do not need to tear someone else apart to feel worthy. Bullies cannot say the same. If you are being bullied, read this slowly If you are reading this and you are being bullied right now, I want you to hear this clearly. The problem is not you existing. The problem is not your body. The problem is not your condition. The problem is not your disability. The problem is not your difference. The problem is the bully who cannot stand to see you exist because your existence reminds them of the hatred they carry toward themselves. You do not owe anyone silence. You do not owe anyone softness. You do not owe anyone understanding at the expense of your dignity. Whether you choose to clap back, block, educate, or walk away, the choice is yours. Power looks different for everyone. What matters is that you do not internalize their cruelty as truth. You are not too much. You are not broken. You are not wrong for taking up space. And if no one has told you this lately, let me say it plainly. You deserve to exist loudly, confidently, and unapologetically. Even when bullies wish you would disappear. Especially then. ableism bodyShaming callingOutHarm ConfidenceBuilding disabilityAdvocacy disabilityVisibility LatinaWriterPerspective livedExperience marginalizedVoices onlineBullying OnlineHarassment PersonalEssay Resilience selfLove selfWorth standingUpForYourself strabismusAwareness traumaAndHealing",,2025-12-28 06:00:00+00:00,Yes,Appearance,Low
115540353090448313,"A Beetoota Advocate satire piece e today reads: Demise of Menulog proves there’s no such thing as ethical food delivery you fat fuck.’ And then (paraphrase) no such thing as ethical food delivery…‘anyone who thought otherwise is, frankly, a fat fuck’. And the comments to my reply are worse. Here’s the thing: Punching down on fat people isn’t funny - it’s hurting a marginalised group. There are a myriad of reasons why people are fat, and in the vast majority of cases, it has nothing to do with being a lazy ‘fat fuck’ who can’t be arsed cooking or going out to get food. Rather, it involves complex issues such as socioeconomic status, food availability (and deserts), chronic illness and disability, mental illness, iatrogenic medicine (eg many medications esp for mental illness cause weight gain), racism, and other intersecting factors. can and should be better than this. Good satire is always about punching up, not down 😖 # fat # fatacceptance # fatacceptancemovement # fatactivism # bodyshaming # bodyshamingiswrong # disabilityactivism # bodyneutrality","@ LoquaciousLotus Thank you. So many good points When my dog was really ill with gastro and had zero appetite, especially for the special diet food, the vet eventually prescribed an appetite stimulant. Turns out it was a psych med used for people with depression. Got my poor wee dog through the crisis, but the thought of it being a drug that works for your depression, but then being judged for the resulting weight gain is pretty horrific.",2025-11-13 03:51:15+00:00,Yes,Appearance,Low
114232698777814015,"ICYMI: Selena Gomez Expresses Sadness and Frustration Over Body-Shaming Comments rainsmediaradio.com/2025/03/se lena-gomez-expresses-sadness-and.html?utm_source=dlvr.it&utm_medium=mastodon Follow, Like & Share # SelenaGomez # BodyShaming # MentalHealth # WomenEmpowerment # SocialMedia",,2025-03-27 05:17:34.696000+00:00,Yes,Appearance,Low
114227031145883580,"Selena Gomez Expresses Sadness and Frustration Over Body-Shaming Comments rainsmediaradio.com/2025/03/se lena-gomez-expresses-sadness-and.html?utm_source=dlvr.it&utm_medium=mastodon Follow, Like & Share # SelenaGomez # BodyShaming # MentalHealth # WomenEmpowerment # SelfLove",,2025-03-26 05:16:13.501000+00:00,Yes,Appearance,Low
114117004240141030,Digital art: Ambiguous impulses for your mental cinema! # contemporaryArt # mentalCinema # digitalArt # saveBioDiversity # climateActionNow # systemChange # endFossilFuels # makeArtNotWar # noAFD # NoRacism # NoFascism # humanRights # humanDignity # Нетвойны # insideSpace # innerLife # introspection # stucco # drawing # myDaughter # lostContact # grief # depression # silhouettes # aquarium # fishBowl # fatMan # adiposity # obesity # swimmies # bodyShaming # graffiti # stencil # soldier # sniper # littleGirl # flower,,2025-03-06 18:54:54+00:00,Yes,Appearance,Medium
113780360033789599,"""One morning in January 2023, 'Clerks' director Kevin Smith awoke in terror, convinced he was losing his mind. The next day, he checked into Arizona's Sierra Tucson Treatment Center, where he spent a month in intensive therapy and learned how childhood sexual abuse and bodyshaming over his weight by his 4th grade teacher led him to create and hide behind a larger-than-life public persona he calls ""the other guy."" Now Kevin has stopped smoking weed, cut back on social media, is slowing down his work schedule after churning out movies, comic books, TV shows and podcasts, and learning about the healing power of self-acceptance. Most importantly, he is determined to get the word out to others who could benefit from hearing his story and the tools he's acquired to help find peace.—People Kevin Smith Details His Personal Trauma, Bullying & Improving Mental Health > https:// youtu.be/JBvc7Ny4iUk?feature=s hared # speech # KevinSmith # trauma # sexualabuse # mentalhealth # publicpersona # moviedirector # bullying # EMDR # bodyshaming # canabis # selfacceptance # weight # video",,2025-01-06 08:01:52+00:00,Yes,Appearance,Medium
112004843453661729,"""being addicted to junk food is like being addicted to cocaine"" No. It isn't. You can't stop eating food. I hate when people who have never been fat in their lives try to give weight loss advice. I accept that I am obese and need to change my eating habits. What really doesn't help is being steeped in a fatphobic status quo environment while capitalism makes processed, sugary foods cheaper than organic produce. Weight loss is not easy. It's not. ""All you have to do is eat right and exercise!"" You're ignoring the psychological components here. I've grown up with a fatphobic father who forced me to exercise, which has caused me to associate exercise with his abuse. My mother also likes to fat-shame me often. I have numerous mental disorders and I cope with unhealthy habits like overeating and self-harm. Please quit comparing binge eating to doing drugs. # fatphobia # weightloss # fatshaming # bodypositivity",,2024-02-27 18:24:39+00:00,Yes,Appearance,High
101715782416478790,"# Introductions Found this instance from the Federated Community. Learned about Mastodon from a member of a # Bisexual Support Group. This is the second instance I joined. Currently, looking for an instance to call my home. Dominican-American and New Yorker. Struggle with # depression and # anxiety Interests: # mentalhealth # fatshaming and # weightdiscrimination # feminism # gaming and # twitch esp. # retrogames # lgbt",@ Amuro_Rei welcome (I like your username),2019-03-08 15:41:08+00:00,Yes,Appearance,Medium
101715782416478790,"# Introductions Found this instance from the Federated Community. Learned about Mastodon from a member of a # Bisexual Support Group. This is the second instance I joined. Currently, looking for an instance to call my home. Dominican-American and New Yorker. Struggle with # depression and # anxiety Interests: # mentalhealth # fatshaming and # weightdiscrimination # feminism # gaming and # twitch esp. # retrogames # lgbt","@ crookedtricking Thank you! It's based on the protagonist of Mobile Suit Gundam (0079), who is depicted in my pic.",2019-03-08 15:41:08+00:00,Yes,Appearance,Medium
101715782416478790,"# Introductions Found this instance from the Federated Community. Learned about Mastodon from a member of a # Bisexual Support Group. This is the second instance I joined. Currently, looking for an instance to call my home. Dominican-American and New Yorker. Struggle with # depression and # anxiety Interests: # mentalhealth # fatshaming and # weightdiscrimination # feminism # gaming and # twitch esp. # retrogames # lgbt","@ Amuro_Rei I know, I've watched most of Universal Century (still working through ZZeta though) and a few others. I also competitively play a game called Gundam Versus.",2019-03-08 15:41:08+00:00,Yes,Appearance,Medium
101715782416478790,"# Introductions Found this instance from the Federated Community. Learned about Mastodon from a member of a # Bisexual Support Group. This is the second instance I joined. Currently, looking for an instance to call my home. Dominican-American and New Yorker. Struggle with # depression and # anxiety Interests: # mentalhealth # fatshaming and # weightdiscrimination # feminism # gaming and # twitch esp. # retrogames # lgbt","@ crookedtricking Whoops! My bad! 😳 Ah yes, ZZeta. Starts out comical and gets more serious later. There's an episode that is arguably masterful and one of Tomino's best! Other than that, it's decent, just not as good as the previous series. Never watched Victory Gundam, since I heard it's bad. Never played the Gundam Versus, though I did listened to some tracks of its ost. How is it?",2019-03-08 15:41:08+00:00,Yes,Appearance,Medium
101715782416478790,"# Introductions Found this instance from the Federated Community. Learned about Mastodon from a member of a # Bisexual Support Group. This is the second instance I joined. Currently, looking for an instance to call my home. Dominican-American and New Yorker. Struggle with # depression and # anxiety Interests: # mentalhealth # fatshaming and # weightdiscrimination # feminism # gaming and # twitch esp. # retrogames # lgbt","@ Amuro_Rei GVS is super fun and I wish my internet was better because on a decent connection it's like playing offline, the netcode's so good. I main Sinanju and also have a Psycho Zaku and Guntank well practiced.",2019-03-08 15:41:08+00:00,Yes,Appearance,Medium
113284812325276095,"I watched the first episode of Lookism and, aside from the anxiety over all this emphasis on appearance and the discomfort over bullying, I wasn't very impressed. anime Lookism",These guys are so annoying that I hope there’s more than “look how bad it’s to live in a society where appearance is everything and those who don’t meet the beauty standards are bullied” anime Lookism,2024-10-10 19:37:35.084000+00:00,Yes,Appearance,Medium
116917618008927627,"Marriage: Does it Really Fix Loneliness & Identity Issues? Many people assume marriage will solve loneliness, insecurity, or identity issues. This often stems from social constructs and personal self-esteem, leading individuals to seek a partner to 'complete' them rather than complement them. 🎧 Tune in now to hear the full conversation! https:// youtu.be/kyX_6_baOKI (And don't forget to pick up our next book club read for July: Dream Count). # MarriageMyths # SelfEsteem # RelationshipGoals",,2026-07-14 09:27:50.894000+00:00,Yes,Appearance,Medium
115642502665109232,"Self-Compassion by Marsha McKay, 2020 This Book Includes: Self Esteem Workbook, Narcissistic Abuse, Emotional Eating, Dialectical Behavior Therapy for Anxiety To love yourself, to change your life, it's a long journey.... This could be your first step. Do you have the courage to walk the road?You need love from yourself as much as from others. When you have low self-esteem, low confidence, or even self-hatred, it's impossible to live life to the fullest. # books # SelfHelp # SelfEsteem",,2025-12-01 04:49:14.831000+00:00,Yes,Appearance,Medium
112005063684667361,"Here we go again, my anxiety and other mental health issues stroke back. I have been feeling a bit anxious and pretty sad lately because I have been having low self-esteem. I haven't gotten anything done, my motivation for making art had hit the floor, my energy for doing anything productive/creative in my free time is pretty low. I think that I might have some kind of a workaholism in terms of free time productivity. Some time ago I was more productive in my free time than now. I have that kind of a fear that I might become too lazy to do anything and never get anything done. My mental health situation has not gotten that ""terminal"" that I should seek more professional help. Good thing that I can talk about those things to my school psychologist, so luckily I am not alone. I will try my best to sort things out and try to defeat my mental health problems. That's all I have to say, have a peaceful night. venting mentalhealth mentalhealthissues insecurity anxiety selfesteem sadness",,2024-02-27 19:20:40.363000+00:00,Yes,Appearance,Medium
111143402225563846,"I've been really depressed for a while now(So if I have not been posting for a while that's why), but after being forced to do a bunch of presentations I think I've narrowed it to having no self-esteem, its why I hardly tell anyone I'm trans, it's why I won't talk to people I want to IRL, it's why I'm so bad and terrified with presentations. Looking up the symptoms and I have too many symptoms.. have had them for a while. I can't accept any of my achievements, I'm never good enough, etc. I have almost every one of them. How do I fix this? It's gone on long enough, and I can't really do therapy right now. I'm really stumped here, and that's why I'm asking my Fedi friends. MentalHealth SelfEsteem Therapy",,2023-09-28 15:08:49.473000+00:00,Yes,Appearance,Medium
111143190230068718,Low self-esteem is like a toad living in your stomach. It isn't logical or right. You aren't happy about it and neither is the toad. That doesn't mean the situation will change. # Depression # MentalHealth # SelfEsteem,,2023-09-28 14:14:55.458000+00:00,Yes,Appearance,Medium
111093001924858615,"Today would have normally been my first lecture of the year but instead I went up a hill. # Depression , # anxiety , low # SelfEsteem & # ImposterSyndrome are things I have struggled with for many years & it was time to admit I needed time off. As guilty & awkward as I felt this morning, by the time I got to the top, windswept & soaking, I was in no doubt that # academia is just a job & doing what is best for your # MentalHealth is always right. Remember, you are always more important than your job.","@ mcaleerp I'm glad you were able to take a step back, as you say you need to put yourself first.",2023-09-19 17:31:22.696000+00:00,Yes,Social Status,Medium
111093001924858615,"Today would have normally been my first lecture of the year but instead I went up a hill. # Depression , # anxiety , low # SelfEsteem & # ImposterSyndrome are things I have struggled with for many years & it was time to admit I needed time off. As guilty & awkward as I felt this morning, by the time I got to the top, windswept & soaking, I was in no doubt that # academia is just a job & doing what is best for your # MentalHealth is always right. Remember, you are always more important than your job.",@ nomadwarmachine thanks Sarah! Yeah a few weeks to try and reset the balance a bit. An odd mix of emotions about not being at work for a while but it’s for the the best for now!,2023-09-19 17:31:22.696000+00:00,Yes,Social Status,Medium
111093001924858615,"Today would have normally been my first lecture of the year but instead I went up a hill. # Depression , # anxiety , low # SelfEsteem & # ImposterSyndrome are things I have struggled with for many years & it was time to admit I needed time off. As guilty & awkward as I felt this morning, by the time I got to the top, windswept & soaking, I was in no doubt that # academia is just a job & doing what is best for your # MentalHealth is always right. Remember, you are always more important than your job.","@ mcaleerp very glad you managed to take the time off, absolutely more important to put your mental health first! Hope there was a hot drink to warm up after the soaked windswept hill!",2023-09-19 17:31:22.696000+00:00,Yes,Social Status,Medium
111093001924858615,"Today would have normally been my first lecture of the year but instead I went up a hill. # Depression , # anxiety , low # SelfEsteem & # ImposterSyndrome are things I have struggled with for many years & it was time to admit I needed time off. As guilty & awkward as I felt this morning, by the time I got to the top, windswept & soaking, I was in no doubt that # academia is just a job & doing what is best for your # MentalHealth is always right. Remember, you are always more important than your job.","@ GwenBrekel thanks Gwen! Yeah took some time to get there but definitely the right decision. And yes, there may have been a cheeky wee Talisker to help warm the bones afterwards. It’s only being polite after all! :-)",2023-09-19 17:31:22.696000+00:00,Yes,Social Status,Medium
111093001924858615,"Today would have normally been my first lecture of the year but instead I went up a hill. # Depression , # anxiety , low # SelfEsteem & # ImposterSyndrome are things I have struggled with for many years & it was time to admit I needed time off. As guilty & awkward as I felt this morning, by the time I got to the top, windswept & soaking, I was in no doubt that # academia is just a job & doing what is best for your # MentalHealth is always right. Remember, you are always more important than your job.",@ mcaleerp I am glad you found a great space to take yourself to! Did you say Talisker? Oh one of my favourites!,2023-09-19 17:31:22.696000+00:00,Yes,Social Status,Medium
111093001924858615,"Today would have normally been my first lecture of the year but instead I went up a hill. # Depression , # anxiety , low # SelfEsteem & # ImposterSyndrome are things I have struggled with for many years & it was time to admit I needed time off. As guilty & awkward as I felt this morning, by the time I got to the top, windswept & soaking, I was in no doubt that # academia is just a job & doing what is best for your # MentalHealth is always right. Remember, you are always more important than your job.","@ drntasler thanks Nathalie. Was great to get out in the rain. And yeah, Talisker is a house favourite and my brother had sent me a bottle of Talisker Skye for my birthday last week. Very nice indeed! Highly recommended. But also, the Talisker Port Ruighe if you haven’t tried that. One of my favourites and perfect for autumn/winter evenings.",2023-09-19 17:31:22.696000+00:00,Yes,Social Status,Medium
111093001924858615,"Today would have normally been my first lecture of the year but instead I went up a hill. # Depression , # anxiety , low # SelfEsteem & # ImposterSyndrome are things I have struggled with for many years & it was time to admit I needed time off. As guilty & awkward as I felt this morning, by the time I got to the top, windswept & soaking, I was in no doubt that # academia is just a job & doing what is best for your # MentalHealth is always right. Remember, you are always more important than your job.",@ mcaleerp Oh the Post Ruighe needs to go on the list. My favourite is Storm 😍,2023-09-19 17:31:22.696000+00:00,Yes,Social Status,Medium
111093001924858615,"Today would have normally been my first lecture of the year but instead I went up a hill. # Depression , # anxiety , low # SelfEsteem & # ImposterSyndrome are things I have struggled with for many years & it was time to admit I needed time off. As guilty & awkward as I felt this morning, by the time I got to the top, windswept & soaking, I was in no doubt that # academia is just a job & doing what is best for your # MentalHealth is always right. Remember, you are always more important than your job.","@ drntasler Storm was a good one! Was the one that got me into Talisker a few years back. But am a sucker for port cask and sherry cask finishes and Port Ruighe is port cask. It’s pricey but definitely worth a shot. And if you don’t like it, I will happily take it off your hands :-)",2023-09-19 17:31:22.696000+00:00,Yes,Social Status,Medium
111093001924858615,"Today would have normally been my first lecture of the year but instead I went up a hill. # Depression , # anxiety , low # SelfEsteem & # ImposterSyndrome are things I have struggled with for many years & it was time to admit I needed time off. As guilty & awkward as I felt this morning, by the time I got to the top, windswept & soaking, I was in no doubt that # academia is just a job & doing what is best for your # MentalHealth is always right. Remember, you are always more important than your job.",@ mcaleerp oh no bother I do like my sherry cask finish 😁 I am so putting Port Ruighe on the list,2023-09-19 17:31:22.696000+00:00,Yes,Social Status,Medium
111093001924858615,"Today would have normally been my first lecture of the year but instead I went up a hill. # Depression , # anxiety , low # SelfEsteem & # ImposterSyndrome are things I have struggled with for many years & it was time to admit I needed time off. As guilty & awkward as I felt this morning, by the time I got to the top, windswept & soaking, I was in no doubt that # academia is just a job & doing what is best for your # MentalHealth is always right. Remember, you are always more important than your job.",@ drntasler @ mcaleerp how about a joint tasting session?,2023-09-19 17:31:22.696000+00:00,Yes,Social Status,Medium
111093001924858615,"Today would have normally been my first lecture of the year but instead I went up a hill. # Depression , # anxiety , low # SelfEsteem & # ImposterSyndrome are things I have struggled with for many years & it was time to admit I needed time off. As guilty & awkward as I felt this morning, by the time I got to the top, windswept & soaking, I was in no doubt that # academia is just a job & doing what is best for your # MentalHealth is always right. Remember, you are always more important than your job.",@ nomadwarmachine @ mcaleerp ohhhh I wouldn't say no 😁,2023-09-19 17:31:22.696000+00:00,Yes,Social Status,Medium
111093001924858615,"Today would have normally been my first lecture of the year but instead I went up a hill. # Depression , # anxiety , low # SelfEsteem & # ImposterSyndrome are things I have struggled with for many years & it was time to admit I needed time off. As guilty & awkward as I felt this morning, by the time I got to the top, windswept & soaking, I was in no doubt that # academia is just a job & doing what is best for your # MentalHealth is always right. Remember, you are always more important than your job.",@ drntasler I am sure the conference budget will pay for the Taliasker 🤣,2023-09-19 17:31:22.696000+00:00,Yes,Social Status,Medium
110610403477354154,"Intro: Warriors of resilience, seekers of transformation—today, we gather to unravel the profound importance of fitness in the journey of recovery. True warriors understand the power of physical strength in conquering life’s obstacles. I am Jim Lunsford, and in this blog post, we will explore the significance of fitness and how it empowers us to reclaim our lives and embrace a future filled with vitality and purpose. Section 1: Embracing the Mind-Body Connection Recovery is a journey that encompasses mind, body, and spirit. By embracing the mind-body connection, we unlock the key to holistic recovery. Engaging in physical exercise awakens dormant energy, releases endorphins, and restores balance within. Through the union of mind and body, we fortify our resilience and lay the foundation for lasting transformation. Section 2: Harnessing Discipline and Structure Fitness demands discipline —a commitment to consistent effort and structure. Incorporating physical exercise into our daily routine infuses our recovery journey with a sense of purpose and order. The discipline required to maintain a fitness regimen mirrors the discipline necessary to overcome life’s challenges. As warriors, we embrace the challenge, knowing that we unlock boundless potential through disciplined action. Section 3: A Healthy Outlet for Stress and Anxiety Recovery is not without its share of stress and anxiety. Fitness provides a healthy outlet for these emotions, channeling them into productive energy. As we engage in physical activity, we release tension, clear our minds, and experience a sense of accomplishment. The warrior within us thrives on utilizing fitness as a constructive means to navigate the challenges of recovery. Section 4: Boosting Self-Esteem and Confidence Recovery often calls for rebuilding our self-esteem and regaining confidence. Fitness becomes a powerful tool to achieve these goals as we witness our physical strength and endurance improve. Each milestone reached in our fitness journey serves as a testament to our inner strength and determination. The warrior within us rises, fueled by the knowledge that we are capable of extraordinary achievements. Section 5: Fostering Connection and Camaraderie Recovery can be a lonely journey, but fitness offers an avenue to foster connection and camaraderie. Engage in group workouts, join fitness classes, or seek out like-minded individuals on the same path of recovery. By surrounding ourselves with individuals who understand our struggles and share our aspirations, we build a support network of warriors united in their pursuit of health, strength, and personal growth. Section 6: Embodying the Warrior Within As you embark on the path of recovery, embody the warrior within you. Embrace the power of physical fitness to ignite your spirit, restore your vitality, and propel you toward a future of health and well-being. Embody discipline, resilience, and unwavering commitment to physical and mental fitness. With every workout, you honor the warrior within, reclaiming your life and embracing a future filled with strength and purpose. Conclusion: Embrace the power of fitness in your journey of recovery. Embrace the mind-body connection, harness discipline, and structure, and utilize fitness as a healthy outlet for stress and anxiety. Boost your self-esteem and confidence, foster connection and camaraderie, and embody the warrior within. With fitness as your ally, you will overcome life’s challenges, unleash your inner strength, and embrace a future filled with vitality, purpose, and personal growth. Stay committed, stay disciplined, and let the warrior within you soar. -Jim Lunsford Like this: Like Loading... anxiety body camaraderie confidence discipline fitness mind mind-body recovery resilience self-esteem stress warrior",,2023-06-26 12:00:14+00:00,Yes,Appearance,Medium
110503762987385803,"How to deal with insults without losing your cool. A psychologist offers some tips on how to handle verbal attacks and maintain your self-esteem. Some of the strategies include ignoring, reframing, and confronting the insult. # Insults # SelfEsteem # Psychology yourtango.com/self/how-to-deal -with-insults",,2023-06-07 16:00:07+00:00,Yes,Appearance,Low
112792052806928105,# ChatGPT # Depression # LowSelfEsteem,,2024-07-15 19:02:18+00:00,Yes,Appearance,Medium
112162041217863656,"My # lowselfesteem and # anxiety is very unsexy. Needy and anxious just isn’t a good look. I’ve been struggling a lot with # instrusivethoughts about my partner and her exes - the two she saw during her affair. I recreate their encounters in vivid detail in my mind, from the moment they first met right through the relationship, culminating in a threesome at a hotel. I feel physical pain in my chest as I think about it. It takes my breath away. I hope it doesn’t destroy what we have. # mentalhealth","The crazy part is that it wasn’t an affair ‘against’ me - it was while she was with another guy whom she was engaged to 13 years ago, before her first marriage. It would make more sense otherwise, but it all happened wayyy before I ever met her and really is none of my business… other than me fearing she might do the same to me, but I don’t believe that would happen. It’s more a jealousy that she’s been with other men, which is slightly ridiculous. There’s no real logic or rationalising here.",2024-03-26 12:42:07+00:00,Yes,Appearance,Medium
110492647091112362,"When you have # depression , # lowselfesteem , # adhd , and your pre-teen knows every fucking button to push to make you contemplate taking all your meds at once.. Yup.. # ThatsLife (No I didn't take them all.)",,2023-06-05 16:53:13+00:00,Yes,Appearance,Medium
109316764718084107,"Our Inner critic (IC) can be very mean to us. It’s a way we can really downgrade ourselves (by telling us that we are stupid, ugly,…). How can we deal with the IC? # InnerCritic # InternalCritic # EFT # EmotionFocusedTherapy # LowSelfEsteem # Depression # Anxiety # SelfBlame # Psychotherapy https:// youtu.be/VP7R_WIm6-M","@ Frodo007 Love inner critic two chair work, tricky online though.",2022-11-10 00:50:52+00:00,Yes,Appearance,Medium
109316764718084107,"Our Inner critic (IC) can be very mean to us. It’s a way we can really downgrade ourselves (by telling us that we are stupid, ugly,…). How can we deal with the IC? # InnerCritic # InternalCritic # EFT # EmotionFocusedTherapy # LowSelfEsteem # Depression # Anxiety # SelfBlame # Psychotherapy https:// youtu.be/VP7R_WIm6-M","@ PaulBerryEFT Yes, me too! I particularly like the moment the client begins to resist against the inner critic. And the moment of the collaps of the IC… And seeing that the clients comes closer and closer to the resolution… But I never have done it online, in the past.",2022-11-10 00:50:52+00:00,Yes,Appearance,Medium
101564457067882922,"# introduction I am a person, animal or lamp hailing from somewhere on this earth. I struggle with # anxiety , # depression and very # lowselfesteem for a living and I am currently trying to explore politically radical approaches to # mentalhealth . Interests: # feminism , # marxism , # socialism , # mentalhealth , # radicalmentalhealth , # anxiety , # neurodiversity , # darkwave , # postpunk , # luddism , # fediverse , # biopolitics","@ mpetrichor Hey welcome to the platform! I’m pretty new around here too. I’m curious, do you have any reading/viewing recommendations for biopolitics?",2019-02-09 22:17:06+00:00,Yes,Appearance,Medium
101564457067882922,"# introduction I am a person, animal or lamp hailing from somewhere on this earth. I struggle with # anxiety , # depression and very # lowselfesteem for a living and I am currently trying to explore politically radical approaches to # mentalhealth . Interests: # feminism , # marxism , # socialism , # mentalhealth , # radicalmentalhealth , # anxiety , # neurodiversity , # darkwave , # postpunk , # luddism , # fediverse , # biopolitics","@ mab Hey! Thank you :) Well, besides Foucault, I am getting into the work of Isabell Lorey on precarity. Also, Alyson Escalante writes a lot about marxism feminism and trans activism while adopting some Foucauldian notions: https:// medium.com/ . I also recommend her participantion on Rev Left Radio podcast, namely this episode: https:// revolutionaryleftradio.libsyn. com/gender-abolition-michel-foucault-marxism-leninism Do you also have any recommendations for me?",2019-02-09 22:17:06+00:00,Yes,Appearance,Medium
101564457067882922,"# introduction I am a person, animal or lamp hailing from somewhere on this earth. I struggle with # anxiety , # depression and very # lowselfesteem for a living and I am currently trying to explore politically radical approaches to # mentalhealth . Interests: # feminism , # marxism , # socialism , # mentalhealth , # radicalmentalhealth , # anxiety , # neurodiversity , # darkwave , # postpunk , # luddism , # fediverse , # biopolitics","@ mpetrichor awesome, thanks I’ll be devouring all those soon. I’ve been reading though something a little bit different, not quite as strong theoretically as I’d like but fascinating nonetheless. American Labor:the Twentieth Century edited by Jerold S. Auerbach. It has tons of interviews and case study’s in America across the years. Been helping me to feel less alone, at least historically in my outrage. Pretty wide range though has people fighting for 8 hour day up to socialists.",2019-02-09 22:17:06+00:00,Yes,Appearance,Medium
101564457067882922,"# introduction I am a person, animal or lamp hailing from somewhere on this earth. I struggle with # anxiety , # depression and very # lowselfesteem for a living and I am currently trying to explore politically radical approaches to # mentalhealth . Interests: # feminism , # marxism , # socialism , # mentalhealth , # radicalmentalhealth , # anxiety , # neurodiversity , # darkwave , # postpunk , # luddism , # fediverse , # biopolitics","@ mab Sounds great, I'll also have a look at it. I love it when I can find material that helps me ground my anger historically. It's extremely important to not feel isolated on this. Thanks for the recommendation!",2019-02-09 22:17:06+00:00,Yes,Appearance,Medium
101564457067882922,"# introduction I am a person, animal or lamp hailing from somewhere on this earth. I struggle with # anxiety , # depression and very # lowselfesteem for a living and I am currently trying to explore politically radical approaches to # mentalhealth . Interests: # feminism , # marxism , # socialism , # mentalhealth , # radicalmentalhealth , # anxiety , # neurodiversity , # darkwave , # postpunk , # luddism , # fediverse , # biopolitics",@ mpetrichor you are welcome!,2019-02-09 22:17:06+00:00,Yes,Appearance,Medium
116720704613209272,"Tip 822 Pick a starting point for your custom Vivaldi browser appearance. The sheer range of settings can be overwhelming, especially to brand new users, so Vivaldi offers 6 layout presets you can choose as a starting point in your customization journey. You can pick a layout, either: During onboarding when you’ve opened Vivaldi for the first time (revisit onboarding from the Vivaldi menu > Help > Vivaldi Welcome Tour). From Settings > Appearance > Layout Presets. The Saved layout is your custom configuration, which gets updated with each restart. appearance customization toolbar userInterface Vivaldi VivaldiBrowser",,2026-06-09 14:48:54+00:00,Yes,Appearance,Medium
116206654749587052,Worrying Yourself Into The Grave. Worrying about getting older seems to actually speed up how fast your body ages. # anxiety # aging # appearance instagram.com/p/DVt2hCPjO0D/,,2026-03-10 20:00:31+00:00,Yes,Appearance,Medium
117173018497619505,"""Capitalism, the final epoch of class society, can be described in the simplest terms, as sickening. That is to be taken in the most literal sense, as in, capitalist society renders the masses of people forced to live in it literally ill.""—Comrade Marté Capitalism and Mental Illness > https:// nosuture.blogspot.com/2026/08/ capitalism-and-mental-illness.html # sickening # suicide # murder # every_suicide_is_a_murder # SPK # Sozialistisches_Patientenkollektiv # dehumanization # necropolitics # efficiency # capitalism # normativity # polemic # eugenics # the_psychiatric_system # the_criminal_injustice_system # free_society # against_poverty # mental_health # death # bio_politics # psychiatry # legitimization # mental_illness # the_mental_health_agenda # crisis # asylum # population_execution # homeless # poverty # indigenous # non_white_people # ITQBLG # deviance_from_your_norm # social_ostracism # health_care # social_control # violence # control # demonization # dehumanization # extermination # state_crimes # public_safety # public_corporate_policies","@ MixMistressAlice ""Capitalism, the final epoch of class society, can be described in the simplest terms, as sickening."" Oh, there are all sorts of lies people CAN tell about capitalism. I've got a whole collection of 'em.",2026-08-28 11:59:29+00:00,Yes,Social Status,High
117162600424406736,"Inquest opens into death of ex-Cambridge professor Jason Arday The opening of the inquest comes a day before the UK release of his memoir, and weeks after the Cambridge University professor's sudden death after an intense media frenzy. abc.net.au/news/2026-08-27/jas on-arday-inquest-opens/107082894 # LawCrimeandJustice # Courts # Suicide # DeathandDying",,2026-08-26 15:50:01+00:00,Yes,Education,High
117153485553288615,"Suicide The scent of death permeates this place like the fumes from a cigarette. You can smell it as soon as you step out of your car, long before you reach the front entrance and find them puffing away as usual in the designated areas outside the building. The smoke follows you inside down the hallway to the cartoon-covered portal of an office where yesterday a life labored. Tomorrow they’ll strip the name tag off the door, clean out the files and desk, then vacuum the floor. The office will be empty, but the pugnant odor of sorrow will linger here forevermore. October 8, 1996 1996 Death poem POETICAORAREContemplativePoetryPrayers Poetry sadness Suicide Tragedy Violence Work Writing",,2012-12-02 14:13:58+00:00,Yes,Social Status,High
117115529197396281,Student suicide: Tensions escalate at Kothamangalam MA Engg College as conciliation efforts fail https:// english.mathrubhumi.com/news/k erala/student-suicide-tensions-escalate-at-kothamangalam-mar-athanasius-engineering-college-as-conciliation-efforts-fail-n10szqcf?utm_source=dlvr.it&utm_medium=mastodon # EngineeringStudent # Suicide # StudentProtest # ArunachalPradesh,,2026-08-18 08:19:15.975000+00:00,Yes,Education,High
117111314380008688,Get a # job get # cancer # loser . I tried creating # art because I would be the worst boss anyone had to put up with cause I try to keep # employees alive and have # standards and goals that would require # work instead of simply # suicide .,,2026-08-17 14:27:23.033000+00:00,Yes,Social Status,High
117103153471556336,Former West Bengal Deputy Speaker Ashis Banerjee was found hanging at a TMC office in Birbhum. A purported suicide note was also recovered. https:// english.mathrubhumi.com/news/i ndia/ashis-banerjee-found-hanging-tmc-office-birbhum-ndv90494?utm_source=dlvr.it&utm_medium=mastodon # Suicide # TMC # WestBengal,,2026-08-16 03:51:57.397000+00:00,Yes,Social Status,High
117087023487801328,यूपी के सुल्तानपुर में बाल झड़ने की समस्या से दुखी युवती ने फांसी पर लटककर दे दी जान यूपी के सुल्तानपुर जिले में बाल झड़ने Hair Loss की समस्या से जूझ रही 15 वर्षीय लड़की ने महंगे इलाज से भी फायदा नहीं होने पर तंग आकर फांसी लगाकर आत्महत्या कर ली। https:// satyapathikcom.wordpress.com/2 026/08/13/suicide-to-hair-loss/,,2026-08-13 07:19:36+00:00,Yes,Appearance,High
117074977717062454,A Kerala Collectorate clerk died by suicide after saying she felt isolated at home and office. A departmental probe has been ordered into her death. https:// english.mathrubhumi.com/news/k erala/felt-isolated-at-home-and-office-kasaragod-collectorate-clerks-death-under-probe-k3xljq4t?utm_source=dlvr.it&utm_medium=mastodon # Suicide # Kerala # Kasaragod,,2026-08-11 04:26:29.491000+00:00,Yes,Social Status,High
117053519565340441,"france24.com/en/live-news/2026 0807-four-dead-15-injured-in-thailand-school-shooting-deputy-minister . A # troubled # teenager gets hold of a # handgun , kills his # grandparents with it, & then 3 # teachers & 2 # students at the # School where he was # bullied . He then either commits # suicide or is shot & killed by # Police (reports differ). It is an all-too-familiar kind of # story , alas.",,2026-08-07 09:29:24.075000+00:00,Yes,Education,High
117032768646653781,"France Inter reports today that the prosecutor's office has launched an investigation into mobbing phenomena in the office of the French Prime Minister Sébastien Lecornu, after two employees committed suicide in March 2026, and two suicide attempts have been recorded since October 2025. Additionally, in June an anonymous employee made another report of mobbing, and three earlier cases are still being investigated. One of the officials who attempted suicide last April filed a complaint about ""mobbing against several superiors in the Prime Minister's correspondence service,"" the Paris prosecutor's office confirmed to Le Figaro. # france # mobbing # suicide # frpol",@ faab64 What do you mean by 'mobbing'?,2026-08-03 17:32:05+00:00,Yes,Social Status,High
117032768646653781,"France Inter reports today that the prosecutor's office has launched an investigation into mobbing phenomena in the office of the French Prime Minister Sébastien Lecornu, after two employees committed suicide in March 2026, and two suicide attempts have been recorded since October 2025. Additionally, in June an anonymous employee made another report of mobbing, and three earlier cases are still being investigated. One of the officials who attempted suicide last April filed a complaint about ""mobbing against several superiors in the Prime Minister's correspondence service,"" the Paris prosecutor's office confirmed to Le Figaro. # france # mobbing # suicide # frpol","@ Fou_ad Repeated attacks, humiliating and personal attacks against a person by a group of people (a mob) ganging up against a victim or group of people",2026-08-03 17:32:05+00:00,Yes,Social Status,High
117017510345617643,"Research by one # HighSchool student, Kayleigh Bonner, became the foundation of the article in The Times. Hours later the commandant of the Coast Guard wrote in an email sent to the whole force, 'We owe it to you to protect your long-term health from the damage caused by relentless wave pounding.' ""Rescue boat crews working in crashing surf are exposed to thousands of impacts that cause a whiplash motion and seem to cause # BrainInjuries , even if crew members never hit their heads or feel concussed. … ""Times rpt detailed how some elite lifeboat drivers — known as surfmen — fall apart in perplexing and sometimes violent ways. It followed the efforts of one high school student, Kayleigh Bonner, who sought to understand why her father, after years of growing increasingly erratic, had died suddenly by # suicide . ""For a senior project, she surveyed more than 70 surfmen and found widespread signs of undiagnosed brain injuries. Her research became the foundation of the article in The Times.” nytimes.com/2026/07/31/us/31na t-coast-guard-brain-injury-boat-waves-surfmen.html?unlocked_article_code=1.2FA.NrSq.AWwIVN9zEhAq&smid=url-share",,2026-08-01 00:51:46+00:00,Yes,Education,High
116979357517663786,"India's exam leak scandal has led to at least 20 students reportedly taking their own lives, highlighting the immense pressures young people face in a country where well-paying jobs are in short supply. japantimes.co.jp/news/2026/07/ 25/asia-pacific/society/india-exam-leak-focus/?utm_medium=Social&utm_source=mastodon # asiapacific # society # india # education # suicide # scandals",,2026-07-25 07:09:01.034000+00:00,Yes,Education,High
116895222486435937,"The family is now grieving the loss of the teenager, while investigators continue to examine the circumstances surrounding her death. https:// english.mathrubhumi.com/news/i ndia/suicide-of-class-8-girl-in-bengaluru-nickname-row-rs-20-homework-fine-under-police-scanner-j0mz61h8?utm_source=dlvr.it&utm_medium=mastodon # death # child # suicide # teacher # bengaluru",,2026-07-10 10:32:22.338000+00:00,Yes,Education,High
116736996056182955,"disabilitynewsservice.com/disa bled-activists-appeal-to-mp-not-to-use-her-ballot-position-to-bring-assisted-dying-bill-back-to-parliament/ . ""Disabled # campaigners have appealed to an MP not to use her # success in the private members’ # bill # ballot to launch a new bid to # legalise # assisted # suicide . Not Dead Yet UK hand-delivered a # letter to the # constituency # office of # Labour MP Lauren Edwards on Saturday, asking her to take forward a bill on # palliative # care rather than one that would legalise assisted # dying ."" See: notdeadyetuk.org/ .",,2026-06-12 11:53:18.636000+00:00,Yes,Social Status,High
116718421356268597,"Bleeding Stranger’s Blood Back home in this house, after 3 days at a hospital. The EMTs, doctors, nurses, the vascular surgeon Doctor Omid, and who ever donated the blood for the transfusions saved my life. It was an accident, just an accident. I didn’t want to kill myself. Reading over the instructions from the doctors, how and when to take the antibiotics and how to treat the wound. I knew how to treat a wound, I’ve done it so much. Otherwise I would have died of infection. I don’t want to die. It was an accident, I didn’t want to die. I didn’t. I sit in the living room of this house, this damn house, putting on a movie, trying to distract myself. I feel nothing from it. I feel nothing, not from streaming, games, or music. I feel nothing. Briefly I look at my scarred arm. What happens to transfused blood? Does it remain or does the body get rid of it? Looking down at the blood stain on the rug, the blood I lost, the blood that needed replacing. wandering, thinking, but feeling nothing. It was a nice rug. Damn this house! There’s small spider crawling across the rug. A common spider in this aria, non-venomous to people. I capture it in a glass, let it out into my hand, watch as it crawls up my arm, onto my other hand. If only I could have been a spider. Make my web, capture bugs, mate and die. Or a squirrel, no a bird, soaring in the sky. I take the little spider outside, it ropes down from my hand into a bush. “By spider,” I tell it and go back inside, into this house. This house, this damn house! Alone, with nothing to give me any feeling I think about what the psychologist said to me. “Hello I am Angela Green, I-” she began. “They think I tried to kill myself,” I interrupted her, “I didn’t, it was an accident, I just cut too deep.” And I didn’t want to kill myself, it was an accident. I didn’t, I don’t. Damn this house! “Even if it was, self harm is a problem. Why do you cut yourself?” “It feels good,” I answered. “Do you feel in control of your life?” “I have a house,” this damn house, “a job, not usually stressful.” “When you have a stressful day, do you cut more or less?” I had to think about it. “Less, mostly because I’m too tired.” I don’t know if I was lying, I don’t know if it’s true. “Are you in a relationship?” “Single.” “How did your last relationship end.” “I don’t see how that has anything to do with this!” I exclaimed. “I don’t know if it does or not. I need to ask to find out.” “Three days before our wedding I caught her with another man. We argued for over an hour, she tried to blame it on me. I called it off.” All true, the first thing this house took from me. “Did you self harm before that?” “Some when I was a teenager, some in college. But no, not in a long time.” “Did you start after the break up?” “Yes but not right away, I was over her.” Again I don’t know if I lied. Thinking about it I don’t know if I am or not. “Did anything happen when you started self harming?” Yes, but I could not tell her, she would think I’m crazy. Maybe I am. It was this house, this damn house. I inherited it from my grandfather. His death was a surprise to us all, he looked like a man half his age, but a bullet from an idiot with a gun ended his life. My father and aunt already had houses, I was living in a small apartment. This was when I was still engaged. I thought we’d build a family here. With the house came books and research on occult things. I found it fascinating, My grandfather never told us he researched anything. I read though his notes, I thought it was all bullshit, but fascinating bullshit. Then I caught her with that bastard she worked with. I got off early, she knew I was getting off early that day, I don’t understand why they chose that time to fuck in our bedroom, on our bed! On that damn bed! Damn this house! Maybe part of her wanted to get caught. Part of her wanted to get caught. Maybe- No! It was an accident, I don’t want to die! I don’t. I caught them. We yelled at each other, I kicked her out. It was my house, I inherited it. The next day I called her and broke it off. I haven’t talked to her since. I through myself into granddad’s notes to distract myself. I didn’t want to think about her, or what we could have had. In those notes I found a ritual to open a gate to another world. It never occurred to me something would actual happen, at the most I thought I would go into some trance and dream up something. Something did happen, something came through. There is no describing it, it was utterly inhuman, utterly unearthly. I could feel it’s mind, a mind so large it was like looking up at a titan. Terror overcame me and I fled. I boarded up the basement door, in case it was still down there. I can not move from this house, this damn house! If it is still down there, or even if the opening is still there, I need to keep it locked away. I am stuck in this house, this damn house! “I- I can’t tell you what happened,” I finally answered her. “Can’t or won’t?” “Can’t! Won’t and Can’t.” “Okay. How do you feel most of the time?” “Normal, regular, I don’t know,” I shrugged. “Happy, sad, depressed, angry, numb?” Numb! That was it! I was numb. Every time I saw the basement door, every time I came home, every time I went to bed, the bed I caught her fucking another man, I could see her- it, feel it again. A terror that went down to my bones. The only way to escape it was to stop feeling, to become numb. Shows, music, reading, work, even with family, I feel nothing. “People need to feel,” Angela explained to me, “sometimes when people are emotionally numb they seek physical sensations, like pain or sex, they may seek feelings from drugs or adrenaline. I can point you to people who can help. If you have trouble paying there are support groups.” She gave me cards and a paper with phone numbers and web sites. I threw them out when I left the hospital. No one would believe me or understand. So I am alone in this damn house again, numb. Blood drips from my leg. The pain lets me know I’m alive, it is a feeling. I won’t do it again, won’t cut too deep again. I don’t want to die. Shallow, at the skin, just enough to hurt, enough to bleed. Not too deep, not this deep. I don’t want to die. Looking at the blood running from the cut. Is that even my blood? They gave me a transfusion after I bled out, after I cut too deep. Is it my blood? Is this blood gifted to me by a stranger? A stranger who donated blood, a person I would not recognize if I saw them. Am I wasting the blood gifted to me by someone I’ll never meet!? Maybe a little deeper. I don’t want to die. I don’t. A little deeper. No! I can’t do this anymore! I can’t live like this! I don’t want to die. I really don’t! But I can’t live like this! Sobbing and crying I fall to the floor, bang my head against the floor because I don’t know what to do, I don’t know how to escape this. I can’t live like this but I don’t want to die. If I keep going I will die, I will choose to die, I will kill myself. There is only one thing I can do, face it! Ripping the dry wall I put over the door off, taking out the screws and nails used to seal the door, I must face it! The room hasn’t changed, a partly finished basement with the drawing of a door and writing on the wall, writing I put there. It isn’t here, the door is closed. But it is not enough, it is in my memory, in my dreams, in my nightmares. All my grand fathers research is destroyed, I burned his notes, destroyed his computer and external drives. I even burned his books in the fire place. I must remember. Iron, salt, cross road dirt, sage, frankincense. No! Myrrh. After acquiring the ingredients I make a circle with a mix of salt, iron shavings, graveyard soil, and cross road dirt. I draw the symbols into the circle with a reed. In the middle a pot with myrrh and dry sage, with some of the sage bundled into a cone. On a hot plate I heat fresh olive oil until it just starts smoking. I pore in the hot oil, just covering the bottom layer of sage. Lighting the cone of dry sage I begin the summoning. Chanting, projecting myself out of this world, the door opens, I call it through. Opening my eyes, beyond the opening to another world, I see it in all of it’s horrific glory. I can not describe what it looks like, it is utterly alien, utterly unworldly. Some might say it looks like a spider but it’s limbs, if that’s what they are, don’t move like a spider’s legs. Lovecraft might say it has tentacles but those are not tentacles. They split and fork like the limbs or roots of a tree but they move like it was an animal. It seems to have a body in it’s center, it’s body seemed to be a mass of something, maybe those tendrils that make up it’s limbs, perhaps it’s some kind of liquid but it also seemed to be solid. Could it be both? Maybe something else? I don’t know! It seems to have many eyes but I don’t know if those are eyes or if my mind is imposing something familiar onto it. The most horrifying part is it’s mind. It’s mind extends beyond it’s body, I can feel it. It’s mind is beyond any human comprehension, so big and alien that the human mind can only respond with “run” and “hide”. Ignoring my instincts and fear I stay, look, and feel. I’m so scared, every fiber of my being tells me to flee but fleeing would mean death after a life unlivable. What ever awaits, death or far worse, I have to do this! It’s reaching through with it’s tendril like limbs. Despite my fear I reach out. The end of it’s limb splits into five, each touches the ends of my fingers. Another limb is coming through, we touch. I can feel it in my mind even stronger than before. There is something familiar in its mind, something human, or at least common in life, curiosity. It must have decoded the language of my mind as no human could decode theirs. They let me in. I can see their world! A turquoise sky, seven suns, great pillars reach into the sky, all equally spaced apart with paths between them. Their minds are so big and incomprehensible yet I experience their thoughts and sensations, I can feel my mind melding with theirs. There are no human words to describe their thoughts, they are too different, too alien, to far beyond us. Even as we meld it’s mind is too far beyond mine, my mind is like a bug held in their mental hand. Their bodies intertwine into the great pillars. Some untangle, leaving, some return home entangling themselves with others. Their minds extend beyond their bodies, overlapping into a consciousness of billions across an alien world. Great creatures with teardrop shaped bodies and membranous wings fly overhead, small creatures ran on the grounds between the pillars. The towering collections of beings dominate the landscape for miles like an alien forest. There are others here, I feel them. Thoughts feelings and sensations more human. I feel someone, someone I know, someone I knew. Granddad? Is that you? It can’t be! A man holding a baby, feeling joy and love. I recognize the room, it was my home as a child. I see my Dad and Mom, twenty seven years younger. They look so happy, Granddad is so happy holding me. A memory! A memory Granddad left with them. There are others here, I can feel them, the peaces they left behind. Thoughts, feelings and memories. Good and bad, love and hate, lust and indifference. How many have seen this place? I am becoming myself again, splitting from the great minds. The door closed and I am alone. Calm, a real calm, not numbness, I feel a smile on my face, a coolness from the moisture on my face, tears of happiness. Wiping my face I see my arm, the scars are gone! I pull off my shirt, the many scars on my torso are gone, that tattoo I drunkenly got in college was also gone but the tattoo on my right arm I got to celebrate my graduation remained. I run up to the bathroom, look at myself in the mirror. The scars are all gone, even the scar from that mole I had removed. My skin hasn’t felt this smooth in a long time. My face even looks younger, I haven’t looked like this in years. I can’t help but cry. All that fear, all that trauma, all the blood bled, all that time wasted, all of it was unnecessary. I ran from fear the first time, if I had stayed I could have learned, understood. So much unneeded pain brought by a primal irrational fear. So much suffering and waste from my inability to see beyond my own fear. No more! Outside, I feel the sun om my refreshed skin, feel the cool spring air. I hadn’t done this in years. I laugh at myself, so afraid I numbed myself only to crave feeling when I had nothing to fear. What a fool! Looking down I see a spider web where I left the little spider. A little creature with their little home. Looking at the house I blamed for my troubles, “it’s just a house,” I say out loud, it did nothing. Looking back now I see that Leigh and I would never have worked. The signs where there from the beginning but I chose to ignore them. I should call her, see how she’s doing. Right now, though, I need to start over. I have to repair the door to the basement. Granddad’s notes and books are gone, some are in my memory. More are in my memory, more than I remembered before, it all must have come from them. After I write it all down I will look for books, start a collection. I do need to get out though, meet someone, it is not good to be alone all the time. I don’t want to die, I really didn’t want to die, but for the first time in a long time, I want to live. Background image in header by Fadime Demirtaş . Do you like this? Hated but enjoyed getting angry at it? Then please support my work on Kofi . Those who support my work at Kofi get access to high rez versions of my photography and art . alien alienWorld cheating cutting fiction FlashFiction Horror insanity Lovecrafitian maddness monster nearDeath relationship selfHarm Story suicide Writing",,2026-06-09 05:09:31+00:00,Yes,Appearance,High
116699429032631769,"""[B]rutally demoralizing."" ""[E]scorted to the solitary confinement unit where they work as custodians."" ""[P]rison administration tried to force work crews to clean blood and bodily fluids without compensation."" ——————————————— Title: They Had to Clean Solitary Cells. What They Saw Forced Them to Quit. Author: Antoine E. Davis Publication: Solitary Watch April 7, 2026 ——————————————— # Washington # USA # Labour # Incarceration # Solitary # Suicide # Torture # SexualViolence https:// solitarywatch.org/2026/04/07/t hey-had-to-clean-solitary-cells-what-they-saw-forced-them-to-quit/",,2026-06-05 20:39:31.332000+00:00,Yes,Social Status,High
116647123981154679,"“Something is going profoundly wrong from any kind of # PublicHealth or # MentalHealth perspective,” said Dr. Sanjay Basu, a University of California-San Francisco epidemiologist who cowrote a study documenting the increase in mortality & # suicide rates among # ICE detainees. “This is one of those alarming, sudden increases.” # law # Trump # immigration # TheCrueltyIsThePoint # HumanRights # HumanitarianLaw # abuse # isolation","9 of the deaths were of Hispanic men who had arrived in the US from 4 countries, the AP found. One man was a Chinese citizen. Their average age was 32. While # Trump has characterized those facing deportation as the “worst of the worst,” 7 of the 10 had NO record of violent crimes in the US. # law # immigration # ICE # TheCrueltyIsThePoint # HumanRights # HumanitarianLaw # PublicHealth # abuse # isolation # suicide # MentalHealth",2026-05-27 14:57:37+00:00,Yes,Education,High
116647123981154679,"“Something is going profoundly wrong from any kind of # PublicHealth or # MentalHealth perspective,” said Dr. Sanjay Basu, a University of California-San Francisco epidemiologist who cowrote a study documenting the increase in mortality & # suicide rates among # ICE detainees. “This is one of those alarming, sudden increases.” # law # Trump # immigration # TheCrueltyIsThePoint # HumanRights # HumanitarianLaw # abuse # isolation",The suicides account for nearly a fifth of the 51 deaths in # ICE custody since Jan 2025. The majority of those deaths were from “natural causes” & experts say many of them would have been preventable with timely # medical care. # law # Trump # immigration # TheCrueltyIsThePoint # HumanRights # HumanitarianLaw # PublicHealth # abuse # isolation # suicide # MentalHealth,2026-05-27 14:57:37+00:00,Yes,Education,High
116647123981154679,"“Something is going profoundly wrong from any kind of # PublicHealth or # MentalHealth perspective,” said Dr. Sanjay Basu, a University of California-San Francisco epidemiologist who cowrote a study documenting the increase in mortality & # suicide rates among # ICE detainees. “This is one of those alarming, sudden increases.” # law # Trump # immigration # TheCrueltyIsThePoint # HumanRights # HumanitarianLaw # abuse # isolation","The reasons behind any # suicide are complex, & each death often has multiple contributing factors, acc/to experts. # ICE detainees report intense stress after being detained, fear of being returned to countries where their safety may be jeopardized, & frustration & loneliness over the inability to communicate due to language barriers. # law # Trump # immigration # TheCrueltyIsThePoint # HumanRights # HumanitarianLaw # PublicHealth # abuse # isolation # MentalHealth",2026-05-27 14:57:37+00:00,Yes,Education,High
116647123981154679,"“Something is going profoundly wrong from any kind of # PublicHealth or # MentalHealth perspective,” said Dr. Sanjay Basu, a University of California-San Francisco epidemiologist who cowrote a study documenting the increase in mortality & # suicide rates among # ICE detainees. “This is one of those alarming, sudden increases.” # law # Trump # immigration # TheCrueltyIsThePoint # HumanRights # HumanitarianLaw # abuse # isolation","Detainees can also feel helplessness because of the complexity surrounding # immigration # law . Unlike those in the criminal justice system, most detainees do NOT have lawyers & their detention on immigration violations is [supposedly] not meant to be punitive [under other admins]. # Trump # ICE # TheCrueltyIsThePoint # HumanRights # HumanitarianLaw # PublicHealth # suicide # MentalHealth",2026-05-27 14:57:37+00:00,Yes,Education,High
116647123981154679,"“Something is going profoundly wrong from any kind of # PublicHealth or # MentalHealth perspective,” said Dr. Sanjay Basu, a University of California-San Francisco epidemiologist who cowrote a study documenting the increase in mortality & # suicide rates among # ICE detainees. “This is one of those alarming, sudden increases.” # law # Trump # immigration # TheCrueltyIsThePoint # HumanRights # HumanitarianLaw # abuse # isolation","# ICE becomes responsible for their well-being when they enter # detention , & experts say well-run lockups should have few, if any, suicides. That’s because staff can take steps to mitigate the chances that detainees harm themselves by identifying those at risk, getting them # care & monitoring them closely, experts said. AP’s investigation found that ICE detention centers have repeatedly fallen short in ways that violate ICE’s own standards. # law # Trump # immigration # suicide # MentalHealth",2026-05-27 14:57:37+00:00,Yes,Education,High
116647123981154679,"“Something is going profoundly wrong from any kind of # PublicHealth or # MentalHealth perspective,” said Dr. Sanjay Basu, a University of California-San Francisco epidemiologist who cowrote a study documenting the increase in mortality & # suicide rates among # ICE detainees. “This is one of those alarming, sudden increases.” # law # Trump # immigration # TheCrueltyIsThePoint # HumanRights # HumanitarianLaw # abuse # isolation","An examination of the 10 # suicide deaths found the men died across ICE’s # detention network, including at centers long run by private contractors & county jails that recently became # ICE partners. The AP found that staff in the facilities IGNORED signs of distress, DELAYED # MentalHealth # treatment & FAILED to monitor detainees who were deemed at risk. They also permitted detainees to access materials that could be used for self-harm, acc/to a review of ICE inspection reports & death records.",2026-05-27 14:57:37+00:00,Yes,Education,High
116647123981154679,"“Something is going profoundly wrong from any kind of # PublicHealth or # MentalHealth perspective,” said Dr. Sanjay Basu, a University of California-San Francisco epidemiologist who cowrote a study documenting the increase in mortality & # suicide rates among # ICE detainees. “This is one of those alarming, sudden increases.” # law # Trump # immigration # TheCrueltyIsThePoint # HumanRights # HumanitarianLaw # abuse # isolation","In some cases, they jailed distressed detainees in # isolation , which can exacerbate feelings of # humiliation & # helplessness , acc/to experts. # ICE has repeatedly asserted that it screens detainees within 12 hours of arrival for medical, dental & # MentalHealth conditions. At least 3 of the 9 facilities where ICE detainees died by # suicide have struggled to meet that standard, acc/to ICE inspection reports & jail records. # law # Trump # immigration # TheCrueltyIsThePoint # HumanRights # PublicHealth",2026-05-27 14:57:37+00:00,Yes,Education,High
116647123981154679,"“Something is going profoundly wrong from any kind of # PublicHealth or # MentalHealth perspective,” said Dr. Sanjay Basu, a University of California-San Francisco epidemiologist who cowrote a study documenting the increase in mortality & # suicide rates among # ICE detainees. “This is one of those alarming, sudden increases.” # law # Trump # immigration # TheCrueltyIsThePoint # HumanRights # HumanitarianLaw # abuse # isolation","Dr. Homer Venters, fmr chief medical officer of NYC jails who previously consulted with # ICE on preventing detainee deaths, called the rise in suicides terrifying. It “reflects failures in how the system’s being operated, & particularly failures in how the first stages of coming into # detention are happening so that people aren’t being assessed adequately, &then if that…screening picks up red flags, they’re not acted on in a way that reduces the risk of them having preventable death.”",2026-05-27 14:57:37+00:00,Yes,Education,High
116647123981154679,"“Something is going profoundly wrong from any kind of # PublicHealth or # MentalHealth perspective,” said Dr. Sanjay Basu, a University of California-San Francisco epidemiologist who cowrote a study documenting the increase in mortality & # suicide rates among # ICE detainees. “This is one of those alarming, sudden increases.” # law # Trump # immigration # TheCrueltyIsThePoint # HumanRights # HumanitarianLaw # abuse # isolation",@ Nonilex ICE saves money if the detainees kill themselves -no need to fly them out of the country. It probably makes their little fascist hearts happy.,2026-05-27 14:57:37+00:00,Yes,Education,High
116647123981154679,"“Something is going profoundly wrong from any kind of # PublicHealth or # MentalHealth perspective,” said Dr. Sanjay Basu, a University of California-San Francisco epidemiologist who cowrote a study documenting the increase in mortality & # suicide rates among # ICE detainees. “This is one of those alarming, sudden increases.” # law # Trump # immigration # TheCrueltyIsThePoint # HumanRights # HumanitarianLaw # abuse # isolation","@ Nonilex Too bad the doctor didn't suggest not putting people in jail who have committed no crimes, as a way of addressing this issue.",2026-05-27 14:57:37+00:00,Yes,Education,High
116582128216252587,My mom hated her. She hated that I liked her. She hated parent teacher conferences. She hated hearing that the book I wrote in class was about Dad's suicide. I think my mom thought my teacher was gay. # children # masking # pain # sociology # psychology # writer # suicide # school # family https:// survivorliteracy.com/2026/05/1 5/15-starting-over-revisited-6/,,2026-05-16 03:28:22.917000+00:00,Yes,Education,High
116553326193437224,She sounded the alarm about a sergeant years ago. But sources say a recent promotion triggered the investigation An investigation into an Ottawa police sergeant who died by suicide in March is raising questions about what information the force had when sexual misconduct allegations made by college students surfaced four and a half years ago and resurfaced three years ago — and about why the criminal investigation only began this year. Kristy ... cbc.ca/player/play/9.7184974?c mp=rss,,2026-05-11 01:23:36+00:00,Yes,Education,High
116553028390369813,"When I used to work in a tall office building, people joked the windows were sealed to stop miserable workers jumping out of them. # work # office # joke # misery # depression # suicide # slavery # wageslavery",,2026-05-11 00:07:54.810000+00:00,Yes,Social Status,High
116552227153509024,"There is a quiet epidemic. Because it is quiet, no one sees it until it is too late. It concerns middle-aged men with ADHD , people who don't disappear suddenly, but slowly, day by day, layer by layer. Society closes its doors on them. Not one door, but all at once. It starts in childhood: lazy, disorganized, incapable. Words that settle deep and never leave. But ADHD isn't willpower - it's neurology. And science consistently shows higher rates of unemployment, divorce, and depression among those affected. Instead of understanding, they get mockery and the label of someone who ""could if they wanted to."" Then comes misandry dressed as discourse. A man is no longer a person with needs and vulnerabilities, but a problem to manage. Those who can't fight it flee: alcohol, drugs, gaming , anything that offers a moment of relief from a world that never quite fit them. There is no art in that silence - only exhaustion and escape. When they finally need help, the wall appears: handle it yourself, because a man is a man. Therapy is weakness. The music they grew up with said be strong, feel nothing. Society agreed. Then ai - quiet, already everywhere. Recent press -covered studies warn it damages real relationships, distorts reality, replaces genuine connection with simulation. The technology we use every day is quietly rewiring how we relate to each other. For someone with ADHD already in a harmful relationship, an AI that only confirms that distorted view makes orientation genuinely impossible. The result isn't abstract. Men with ADHD face measurably higher suicide risk - not from weakness, but from being systematically broken from every direction at once, while looking perfectly normal on the outside. Maybe now is the last moment to actually see them. If this resonates - please share it. Someone near you may need to know they are not alone. Not abandoned. Not unwanted.",Here's the article I was referring to:,2026-05-10 20:44:07+00:00,Yes,Social Status,High
116546354795244364,"I always say that I will kill myself if the AFD (far right party) gets into federal government but the truth is that if I had the option to kill myself, I would already have done it many times over because of gender dysphoria, species dysphoria and being AuDHD in an unaccommodating society I wish I knew an available and safe/reliable way of killing this meat prison and setting my soul free. Please help me with the availability problem. guns: reliable but not available (Germany has sane gun laws and wouldn't give them to a suicidal wreck like me) hanging: reliable but not available (got nowhere stable enough to hang the rope to) pentobarbital: reliable but not available (illegal without prescription, only prescribed for people with terminal physical illness or for veterinarian use) jumping from tall place: reliable but not available (no publicly accessible tall enough place in my area) sticking hex wrench into 230V outlet: available but not reliable (tried it several times, survived all, didn't even get shocked for some reason) overdosing on medication I have at home: available but not reliable (the one time I tried, cops took me the hospital and handcuffed me to the bed for days. Then psych ward. Worst birthday ever) jumping in front of train: available but not reliable (tried it, but the freight train's brakes were too strong. I ended up in psych ward, so extra suffering) stabbing myself with knife: available but not reliable (tried it, I don't have enough courage to defeat my body's preservation instinct and actually pierce the skin) suicide",idk about the rest but jumping from a tall place is not reliable at all,2026-05-09 19:50:41.247000+00:00,Yes,Appearance,High
116546354795244364,"I always say that I will kill myself if the AFD (far right party) gets into federal government but the truth is that if I had the option to kill myself, I would already have done it many times over because of gender dysphoria, species dysphoria and being AuDHD in an unaccommodating society I wish I knew an available and safe/reliable way of killing this meat prison and setting my soul free. Please help me with the availability problem. guns: reliable but not available (Germany has sane gun laws and wouldn't give them to a suicidal wreck like me) hanging: reliable but not available (got nowhere stable enough to hang the rope to) pentobarbital: reliable but not available (illegal without prescription, only prescribed for people with terminal physical illness or for veterinarian use) jumping from tall place: reliable but not available (no publicly accessible tall enough place in my area) sticking hex wrench into 230V outlet: available but not reliable (tried it several times, survived all, didn't even get shocked for some reason) overdosing on medication I have at home: available but not reliable (the one time I tried, cops took me the hospital and handcuffed me to the bed for days. Then psych ward. Worst birthday ever) jumping in front of train: available but not reliable (tried it, but the freight train's brakes were too strong. I ended up in psych ward, so extra suffering) stabbing myself with knife: available but not reliable (tried it, I don't have enough courage to defeat my body's preservation instinct and actually pierce the skin) suicide",@ hazel depends on whether it's tall enough,2026-05-09 19:50:41.247000+00:00,Yes,Appearance,High
116546354795244364,"I always say that I will kill myself if the AFD (far right party) gets into federal government but the truth is that if I had the option to kill myself, I would already have done it many times over because of gender dysphoria, species dysphoria and being AuDHD in an unaccommodating society I wish I knew an available and safe/reliable way of killing this meat prison and setting my soul free. Please help me with the availability problem. guns: reliable but not available (Germany has sane gun laws and wouldn't give them to a suicidal wreck like me) hanging: reliable but not available (got nowhere stable enough to hang the rope to) pentobarbital: reliable but not available (illegal without prescription, only prescribed for people with terminal physical illness or for veterinarian use) jumping from tall place: reliable but not available (no publicly accessible tall enough place in my area) sticking hex wrench into 230V outlet: available but not reliable (tried it several times, survived all, didn't even get shocked for some reason) overdosing on medication I have at home: available but not reliable (the one time I tried, cops took me the hospital and handcuffed me to the bed for days. Then psych ward. Worst birthday ever) jumping in front of train: available but not reliable (tried it, but the freight train's brakes were too strong. I ended up in psych ward, so extra suffering) stabbing myself with knife: available but not reliable (tried it, I don't have enough courage to defeat my body's preservation instinct and actually pierce the skin) suicide",i guess but that's. not a great way to go in my opinion. not sure that the time freefalling is very enjoyable,2026-05-09 19:50:41.247000+00:00,Yes,Appearance,High
116546354795244364,"I always say that I will kill myself if the AFD (far right party) gets into federal government but the truth is that if I had the option to kill myself, I would already have done it many times over because of gender dysphoria, species dysphoria and being AuDHD in an unaccommodating society I wish I knew an available and safe/reliable way of killing this meat prison and setting my soul free. Please help me with the availability problem. guns: reliable but not available (Germany has sane gun laws and wouldn't give them to a suicidal wreck like me) hanging: reliable but not available (got nowhere stable enough to hang the rope to) pentobarbital: reliable but not available (illegal without prescription, only prescribed for people with terminal physical illness or for veterinarian use) jumping from tall place: reliable but not available (no publicly accessible tall enough place in my area) sticking hex wrench into 230V outlet: available but not reliable (tried it several times, survived all, didn't even get shocked for some reason) overdosing on medication I have at home: available but not reliable (the one time I tried, cops took me the hospital and handcuffed me to the bed for days. Then psych ward. Worst birthday ever) jumping in front of train: available but not reliable (tried it, but the freight train's brakes were too strong. I ended up in psych ward, so extra suffering) stabbing myself with knife: available but not reliable (tried it, I don't have enough courage to defeat my body's preservation instinct and actually pierce the skin) suicide","@ LunaDragofelis I think if that happens, beings will be doing things together even more and happy to include a Luna in their fight.",2026-05-09 19:50:41.247000+00:00,Yes,Appearance,High
116545089622485563,"## TIL about Ian Debian Murdock ### The sad story of legendary Ian Murdock • Founded Debian in 1993 at age 20, while a Purdue undergrad • Name ""Debian"" = Debra (his girlfriend) + Ian — she later became his wife • Debian became the base for Ubuntu, Linux Mint, Raspberry Pi OS, hundreds of distros, arguably the most influential Linux project ever • Worked at Sun Microsystems on Solaris • Became Chief Operating System officer at Docker, right at the peak of container adoption • Died December 28, 2015, age 42, officially ruled suicide • His final hours: a series of distressed tweets describing a violent encounter with San Francisco police (claimed they beat him during an arrest), followed by increasingly erratic posts, then silence • His Twitter account was deleted by the family shortly after; the tweets are preserved in archives Debian is still going strong, 30+ years later, without him but his contributions can never be forgotten. >Although Murdock's parents were both from Southern Indiana,[2] he was born in Konstanz, West Germany, on April 28, 1973, where his father was pursuing postdoctoral research. The family returned to the United States in 1975, and Murdock grew up in Lafayette, Indiana, beginning in 1977 when his father became a professor of entomology at Purdue University. Murdock graduated from Harrison High School in 1991,[3] and then earned his bachelor's degree in computer science from Purdue in 1996. >While a college student, Murdock founded the Debian project in August 1993, and wrote the Debian Manifesto in January 1994. Murdock conceived Debian as a Linux distribution that embraced open design, contributions, and support from the free software community. He named Debian after his then-girlfriend (later wife) Debra Lynn Roundy, and himself.[4] They later married, had three children, and divorced in January 2008.[5] >In January 2006, Murdock was appointed Chief Technology Officer of the Free Standards Group and elected chair of the Linux Standard Base workgroup.[6] He continued as CTO of the Linux Foundation when the group was formed from the merger of the Free Standards Group and Open Source Development Labs >Murdock died on December 28, 2015, in San Francisco.[12][13][14] Though initially no cause of death was released,[15][16] in July 2016 it was announced his death had been ruled a suicide.[17][18] The police confirmed that the cause of death was due to asphyxiation caused by hanging himself with a vacuum cleaner electrical cord.[19][20] >The last tweets from Murdock's Twitter account first announced that he would commit suicide, then said he would not. He reported having been accused of assault on a police officer after having been himself assaulted and sexually humiliated[21] by the police, then declared an intent to devote his life to opposing police abuse. His Twitter account was taken down shortly afterwards.[22][23] >The San Francisco police confirmed he was detained, saying he matched the description in a reported attempted break-in and that he appeared to be drunk.[24][25] The police stated that he became violent and was ultimately taken to jail on suspicion of four misdemeanor counts. They added that he did not appear to be suicidal and was medically examined prior to release. Later, police returned on reports of a possible suicide. The city medical examiner's office confirmed Murdock was found dead.[26][27] >The autopsy report noted extensive bruise marks found on Murdock's body, and a medical history of alcohol abuse, psychological disorders and Asperger syndrome.[28][17] ^Z Sources: https:// en.wikipedia.org/wiki/Ian_Murd ock?wprov=sfla1 verified FB link # programming # OpenSource # Linux # Debian # Founder # Deborah # Ian # tragic # life # death # suicide",,2026-05-09 14:28:57+00:00,Yes,Education,High
116498931079701982,"disabilitynewsservice.com/defe at-of-dangerous-assisted-suicide-bill-is-just-a-pause-in-our-fight-say-disabled-opponents/ . ""Disabled campaigners have warned that pressure to push through # legislation to allow # assisted # suicide is sure to continue, even though the 'dangerous' & deeply-flawed terminally ill adults (end of life) bill has run out of parliamentary time."" I'm glad, @ ChrisMayLA6 . The Bill had far fewer safeguards for # Disabled people than equivalent # Laws in other # countries - & they aren't safe there! If we have # euthanasia here, it's supposed to be VOLUNTARY, not COMPULSORY!",,2026-05-01 10:50:15.359000+00:00,Yes,Social Status,High
116496308610167682,"RMC Stringfellow Campus – Main Building # Alabama # Anniston # UnitedStates Mary Stringfellow, the hospital’s founder, was an organ player. Nurses working the third shift report hearing the organ playing in the chapel, but find no one there when they investigate. Another haunting involves a man who... https:// hauntedlineage.com/directory/r mc-stringfellow-campus-main-building/ # apparition # ghost # headless # hear # hospital # man # music # organ # suicide",,2026-04-30 23:43:19.652000+00:00,Yes,Education,High
116489557127516115,Professor Green 'nearly died' during substance abuse as he issues major warning https:// fed.brid.gy/r/ or.co.uk/3am/celebrity-news/professor-green-suicide-therapy-mentalhealth-37087406,,2026-04-29 18:33:17+00:00,Yes,Education,High
116487887072254971,A 22-year-old IIT Kharagpur student was found dead in his hostel room after his family received a chilling scheduled message. Police have launched an investigation. https:// english.mathrubhumi.com/news/i ndia/i-am-dying-my-body-will-be-in-the-room-iit-kharagpur-students-last-message-before-suicide-oyv0bodq?utm_source=dlvr.it&utm_medium=mastodon # IITKharagpur # Suicide # Student # LatestNews,,2026-04-29 12:01:37.177000+00:00,Yes,Education,High
116458482761517439,David Wilcock's Death: Sheriff's Office Releases Detailed Timeline Of UFO Researcher's Tragic Suicide https:// fed.brid.gy/r/ ble.com/culture/108913/david-wilcocks-death-sheriffs-office-releases-detailed-timeline-of-ufo-researchers-tragic-suicide,,2026-04-24 06:55:10+00:00,Yes,Social Status,High
116454403294862220,"This 19-year-old attempted suicide. Hospital staff sent him to a homeless shelter A Nova Scotia family is speaking out after their 19-year-old son was taken to hospital following multiple suicide attempts. After being assessed, he was sent by taxi to a local homeless shelter. The teen and his parents say it felt like hospital staff were more concerned about clearing a bed than helping him. cbc.ca/news/canada/nova-scotia /nova-scotia-mental-health-crisis-9.7171701?cmp=rss",,2026-04-23 14:06:13+00:00,Yes,Social Status,High
116453538470219709,"This 19-year-old attempted suicide. Hospital staff sent him to a homeless shelter A Nova Scotia family is speaking out after their 19-year-old son was taken to hospital following multiple suicide attempts. After being assessed, he was sent by taxi to a local homeless shelter. The teen and his parents say it felt like hospital staff were more concerned about clearing a bed than helping him. cbc.ca/news/canada/nova-scotia /nova-scotia-mental-health-crisis-9.7171701?cmp=rss",,2026-04-23 10:26:13+00:00,Yes,Social Status,High
116453287665019572,"This 19-year-old attempted suicide. Hospital staff sent him to a homeless shelter A Nova Scotia family is speaking out after their 19-year-old son was taken to hospital following multiple suicide attempts. After being assessed, he was sent by taxi to a local homeless shelter. The teen and his parents say it felt like hospital staff were more concerned about clearing a bed than helping him. cbc.ca/news/canada/nova-scotia /nova-scotia-mental-health-crisis-9.7171701?cmp=rss",,2026-04-23 09:22:29+00:00,Yes,Social Status,High
116331442045597879,"It's been almost two decades since I and people my age read books like It's Kind of A Funny Story and Thirteen Reasons Why (years before netflix) and the conversation I remember about mental health and suicide back then was SO different than today and SO clear about the fact that it was social issues, academic pressure, misogyny, homophobia that was killing people! We have now gone from ""it's okay to not be okay"" and ""talk about it"" to ""just get therapy and fix yourself on your own"" and cutting minors off from ANY resources whatsoever, including access to suicide hotlines without parental permission in at least one US state. Almost all discussion ABOUT suicide or self harm, or eating disorders or drug use or abortion or rape, has been censored off the mainstream internet. The right to be suicidal or not alright online, and to be connected to resources and help and hope or even just visibility and conversation by fellow humans, is being erased in a scary way right now. Suicide prevention and mental health talk (especially the messy kind, the unmarketable posts by people who are not doing well, the problematic and incoherent shit) has always been about fighting the suppression of discussions about child abuse, queer identity, sexual violence, violent enforcement of beauty standards, capitalist abuses, and other things. It's a political project to try and shut all this down and it has to be resisted. People deserve to survive. And this especially includes people who aren't thinking clearly, who want to die, who are hurting themselves, who aren't getting better on a socially correct timeline, etc. Please protect WITH ALL YOUR MIGHT the right of yourself and your friends and especially any young people you know to have vulnerable, messy, unresolved emotional experiences and to be able to express them, including imperfectly, including in ways that would get someone banned from a mainstream social network. They're trying to kill people. We have to do what we can to keep everyone alive. suicide mental-health and-if-you-are-thinking-about-dying-at-all-please-remember-not-to-do-that-today this-is-your-sign tried-to-cw-this-properly-but-if-something-is-missing-please-let-me-know earnest-millenial-post",,2026-04-01 20:55:31.932000+00:00,Yes,Education,High
116246151738763423,"From Fiona at Granite and Sunlight - someone I have a lot of respect for: ""I used to be on the other side of this. I know what’s at stake and why people want it. But I have experiences, both my own and those of disabled people I’ve worked with, loved or supported, which most people don’t. I know the systems we’re all relying on to ‘safeguard’ vulnerable people. I know them intimately. I know they cannot. ""... the real coercion we’re talking about is society-wide and can’t be easily accounted for in vetting. As care and funds and access to treatment are cut, the fallout doesn’t just affect us. We watch our loved ones give up careers to provide care, watch our lives shrink as the cost of disability takes more and more from our families, see the weight of worry and work. ... ""I wish we lived in a society where we could do this knowing people had received the support and treatment they needed so the choice would only be made when necessary. ""Instead we live in this one, where access to the basics of housing, food and treatment are increasingly precarious and a constant battle with the same systems people are entrusting this Bill’s safeguarding to. ""It isn’t safe."" ""Why I Oppose The Assisted Dying Bill"" https:// graniteandsunlight.wordpress.c om/2026/03/17/why-i-oppose-the-assisted-dying-bill/ # AssistedDying # UKLaw # disability # suicide # coercion",,2026-03-17 19:25:06+00:00,Yes,Social Status,High
116241557535377368,"Going to put in a public appearance at the middle school at a vigil for a student who recently died by suicide. I didn’t know the kid nor do I know the family, but I have youth group kids who knew him and, being in a small town, this is something I need to be at. # Episcopal # SLECBuffalo # PriestLife # Suicide",,2026-03-16 23:56:46+00:00,Yes,Education,High
116236727706640580,My mom hated her. She hated that I liked her. She hated parent teacher conferences. She hated hearing that the book I wrote in class was about Dad's suicide. I think my mom thought my teacher was gay. # children # masking # pain # sociology # psychology # writer # suicide # school # family https:// survivorliteracy.com/2026/03/1 5/15-starting-over-revisited-4/,,2026-03-16 03:28:29.394000+00:00,Yes,Education,High
116173379515069739,11-year-old Winnipeg girl dead by suicide after her parents say she was bullied The Colombe family is sharing their grief in hopes that schools and parents will do more to stop bullying. # Canada # Bullying https:// globalnews.ca/news/11716293/wi nnipeg-girl-dead-suicide-parents-say-she-was-bullied/,,2026-03-04 22:58:10+00:00,Yes,Appearance,High
116173209920639291,11-year-old Winnipeg girl dead by suicide after her parents say she was bullied The Colombe family is sharing their grief in hopes that schools and parents will do more to stop bullying. # Canada # Bullying https:// globalnews.ca/news/11716293/wi nnipeg-girl-dead-suicide-parents-say-she-was-bullied/,,2026-03-04 22:15:02+00:00,Yes,Appearance,High
116173099892961516,11-year-old Winnipeg girl dead by suicide after her parents say she was bullied The Colombe family is sharing their grief in hopes that schools and parents will do more to stop bullying. # Canada # Bullying https:// globalnews.ca/news/11716293/wi nnipeg-girl-dead-suicide-parents-say-she-was-bullied/,,2026-03-04 21:47:04+00:00,Yes,Appearance,High
116135065014115210,Reports on the death of 21-year-old student and YouTuber Bonu Komali https:// english.mathrubhumi.com/news/i ndia/hyderabad-student-and-youtuber-found-dead-in-apartment-after-sending-last-message-to-mother-sr1mfz36?utm_source=dlvr.it&utm_medium=mastodon # youtuber # student # death # suicide,,2026-02-26 04:34:19.820000+00:00,Yes,Education,High
116100232689625985,# durant # oklahoma # unitedstates - Southeastern Oklahoma State University – Schear Hall: Shear Hall is a dormitory (football dorms) and there is a ghost on the 3rd floor. It is completely l. . . Read: https:// hauntedlineage.com/directory/s outheastern-oklahoma-state-university-schear-hall # apparition # college # dorm # hear # legend # light # night # sliding # suicide # university # walking,,2026-02-20 00:56:00.725000+00:00,Yes,Education,High
116096470189618762,"The crisis in the NHS is taking a toll on NHS staff; health service staff have a 24% higher risk of suicide than the general population, meaning that 4 NHS staff are taking their own lives each week (on average). As NHS workforce planning involves major shifts, and job losses, as well as continued stresses of over-work & lack of budgetary support, we can safely say that when you workforce is choosing suicide something is very wrong! # NHS # Health # suicide h/t Roy Lilley/NHSMangers.net",@ ChrisMayLA6 Remember that all of this is by design. Decades of mismanagement and underfunding were designed to bring the system to its knees so everyone goes private and a few people get richer. It is a stain on Governments that this has been allowed to happen and those who did will face no repercussions whatsoever. 😡,2026-02-19 08:59:05+00:00,Yes,Social Status,High
116096470189618762,"The crisis in the NHS is taking a toll on NHS staff; health service staff have a 24% higher risk of suicide than the general population, meaning that 4 NHS staff are taking their own lives each week (on average). As NHS workforce planning involves major shifts, and job losses, as well as continued stresses of over-work & lack of budgetary support, we can safely say that when you workforce is choosing suicide something is very wrong! # NHS # Health # suicide h/t Roy Lilley/NHSMangers.net","@ benjamincox yes, an underlying theme of most (if not all) my NHS-related posts here over the last three years",2026-02-19 08:59:05+00:00,Yes,Social Status,High
116084219634437543,"A Telangana student allegedly died by suicide at NIT Kurukshetra, found hanging in hostel room. https:// english.mathrubhumi.com/news/i ndia/19-year-old-cse-telangana-student-dead-nit-kurukshetra-hostel-suicide-eafna7n4?utm_source=dlvr.it&utm_medium=mastodon # Hanging # Suicide # Telangana # NITKurukshetra # HostelRoom",,2026-02-17 05:03:40.897000+00:00,Yes,Education,High
116078182105647835,My mom hated her. She hated that I liked her. She hated parent teacher conferences. She hated hearing that the book I wrote in class was about Dad's suicide. I think my mom thought my teacher was gay. # children # masking # pain # sociology # psychology # writer # suicide # school # family http:// survivorliteracy.com/2026/02/1 5/15-starting-over-revisited-3/?utm_source=mastodon&utm_medium=jetpack_social,,2026-02-16 03:28:15.520000+00:00,Yes,Education,High
116414034776808495,"‘From Addicted to Redeemed’ by Dawn Sanchez This is my testimony — which, by definition, means to tell the story of how one came to Christ. But, more than that, this is my journey from death to life, from ashes to beauty, from a sinner to a saint! This is my story of redemption through Jesus Christ! I grew up in Taylor, TX, and attended church since I was a baby. My parents ensured that I was raised in the church and that I was familiar with God. I didn’t know it at the time, but this would be vital in helping me find my way to Jesus. They laid that foundation for me. The Bible says, “Train up a child in the way he should go, and even when he is old, he will not depart from it” (Proverbs 22:6). For me, that would prove to be true. I accepted Christ as my Savior when I was 9 years old, in Sunday school. I thought I knew what it meant, and part of me did comprehend some things, but I didn’t really know what being a believer was all about, and wouldn’t for a long time. The older I got, the more rebellious I became. Not only in the way I lived, but also in the way I treated my parents and others who were close to me. When I was 16, I ended up getting pregnant, which was a consequence that I couldn’t just pretend didn’t happen and sweep under the rug; however, it did turn out to be a blessing in disguise. It was not ideal, being a teen mother, but I was immensely blessed with a beautiful baby boy. Shortly after I had my son, I was diagnosed with severe clinical depression, which led to self-medicating with drugs and alcohol; it led to a multitude of destructive behaviors. Although my focus was on my new son, the depression still produced thoughts of suicide, but I couldn’t leave my baby without a mother. Looking back, I do believe that God sent my son to me as a way to reveal to me that life was (in fact) precious, and because I loved him so much, I turned away from my own selfish desires to focus on nurturing and loving him. God knew what He was doing. Even in my struggle, I remembered the scripture which says, “And we know that in all things, God works for the good of those who love him, who have been called according to His purpose” (Romans 8:28). Somewhere along the way, I lost my ability to cope with life on life’s terms. So, I began using and drinking as my coping mechanism. During my drinking and drugging career, I became the kind of person that I didn’t want to be. I remember one time when I was drinking, I got so drunk that I rolled down a hill, threw up in a taxi — which cost me $100 — tripped on concrete stairs, and hit my face so hard that I had a black eye for about three weeks … and I don’t remember any of it. I was in a blackout. That didn’t stop me. I continued drinking heavily. That’s how firm the grip of alcoholism had on me. I also remember a time when I was drugging, that I went out of town with some friends, and right before I left, my pills got stolen. I had put a stash away so that I had enough to last me the whole weekend. I had to spend the entire trip withdrawing, and I was so sick I could not participate in anything that my friends were doing. So, one of the girls there mentioned that she had some pain pills, and I offered to pay her for some. She told my friend, we got into a massive argument, and I spent the entire night in tears. I couldn’t wait to get home so I could get my fix. The experience traumatized me. I have many, many stories like the ones I just shared. It became a way of life for me. I also lost a lot of friends along the way. I wore them out. They couldn’t keep taking responsibility for me while I was consumed by a selfish, relentless need to shut down my emotions. There were many times I probably should have ended up in jail or dead, but God had other plans for my life. After approximately 10 years of trying multiple substances and getting addicted to them all, switching back and forth between drugs and alcohol for years, 30 days in rehab, and one relapse, I got to the point where I was ready to give up the pursuit of trying to do this thing on my own and turned to Jesus, the only one who can enact lasting change and freedom from addiction. My journey to this point was definitely not an overnight process; however, I had finally hit my rock bottom and decided that enough was enough. I was sick and tired of being sick and tired. My husband was instrumental in helping bring me to my knees before the cross. He threatened to leave me, and he had every right to do so. I was not the girl he married. I know that God used him to get through to me because nothing else was working. I got sober one year before he got home from the Army. He was stationed in Germany for three years. We were both completely different people by the time he got home, but I think I needed that time without him to get myself together. We were strangers when he came home, but through hard work, the decision to choose each other daily, and loving each other through the hardest parts, we fell in love all over again. We had to get to know each other again, and it was very difficult, but it’s a part of our story that I wouldn’t change. It made us the couple we are today. The thing about taking what this world has to offer to cope with life is that it’s only temporarily satisfying. The feel-good feeling always passed, and not only did it leave me wanting more, but it also left me with suffocating feelings of guilt and shame. On November 16, 2011, I hit my knees and pleaded with God to completely remove the desire for drugs and alcohol. I needed Jesus, NOT the things of this world. It was in that moment that I let go of trying to control the direction of my life and began trusting Jesus, so He could lead and guide me to the right path, because I was running down a road of eventual total self-destruction. The Bible says, “Don’t love this evil world or the things in it. If you love the world, you do not have the love of the father in you” (1 John 2:15). I had sought solace in the things of this world and finally understood why God said not to. After I hit my knees and literally cried out to my heavenly Father, my tears immediately stopped, and a peace like nothing I had ever felt before washed over me and covered me like a warm blanket. To this day, I remain sober, ONLY by the grace of God. I know that he can use the experiences that I’ve been through to help others. He gave me the spiritual gift of Mercy, and I intend to utilize that gift to the best of my ability — to help others who are suffering, just like I suffered. When I accepted Christ as a young girl, I didn’t really understand much about what that meant, but today I do. God transformed my heart, exchanging my inclination for worldly things for a deep longing for Him. Jesus made a way where there seemed to be no way, and He continues to do so. I have a passion in my heart for the things of Christ. I yearn to learn and grow in my knowledge of the truth of the Word of God. I seek to build lasting relationships with like-minded believers, and have done so since I began faithfully attending my home church — Foundation Christian Ministries in Bastrop, TX. I have met so many brothers and sisters in Christ who not only counsel me but encourage and pray for me in my time of need. It’s almost like the Lord “activated” my heart to want to go deeper in relationship with Him. That’s the only way I know how to describe the change I felt. Now, I want to read God’s Word, I want to attend church and be involved in discipleship, I want to serve! I don’t have to, I get to! The old me is gone, and the new me rejoices for what Christ has done in my heart and life. He has given me everything I need for living a godly life! He brought me out of darkness, out of the pit of my own personal hell, into a new freedom I’ve never known. As a Christian, is my performance perfect? Absolutely not! But the righteousness of Christ now lives in me!Hebrews 10:10 says, “And by that will, we have been made holy through the sacrifice of the body of Jesus Christ once for all.” My new desire is to submit to Christ daily and trust Him fully in all things. I used to struggle with my identity, but now I know that my identity is IN Christ. I am loved by the Creator of the universe! The Bible says that I’m a member of Christ’s body (1 Cor. 12:27), I have been chosen by God and adopted as His child (Eph. 1:3-8), I have been redeemed and forgiven of all of my sins (past, present, and future) (Col. 1:13-14), I am complete in Christ (Col. 2:9-10)! Complete. That word holds a lot of meaning to me. When I was in the world, I was trying to fill a void that only Jesus can fill. Now, I’m complete. I’m whole. There is a God-shaped void in each of us, and Jesus is the only one who can fill it. The world offers many things, but none of them are adequate. Christ is sufficient. He is enough. I used to be lost in the identity I got from what the world had to say about me, but in Christ, I am a NEW creation (2 Cor. 5:17)! If you want what I have, it’s as simple as believing in the one who can change your heart and your life; Jesus! He came so that we might have freedom from this world and from the ensnaring traps of the enemy. The Bible plainly says that we are saved by grace alone through faith alone (Eph. 2:8-9). It’s not through our own efforts that we are saved. It’s through the finished work on the cross — it’s a free gift that we are given, received by faith. Salvation is obtained by simply believing in Jesus (who came as God in the flesh, lived a perfect and sinless life, sacrificed Himself in our place on the cross, and resurrected on the third day, defeating death), along with repentance from sin, (which is having a sincere change of heart, mind, and action; turning away from wrongdoing to follow Christ) resulting in a guaranteed permanent place in His presence. You can KNOW that you are saved! It says in Romans 8:38-39, “I am convinced that nothing can ever separate us from God’s love. Neither death nor life, neither angels nor demons, neither our fears for today nor our worries about tomorrow — not even the powers of hell can separate us from God’s love. No power in the sky above or in the earth below — indeed, nothing in all creation will ever be able to separate us from the love of God that is revealed in Christ Jesus our Lord.” Thank the Lord that we can be completely forgiven of all sin and can be made whole in Christ! What a gift! Ezekiel 36:26 says, “I will give you a new heart and put a new spirit in you; I will remove from you your heart of stone and give you a heart of flesh.” As for me, I know that Jesus is alive and living through me, putting on display the fruits of the spirit that He has given me: love, joy, peace, patience, kindness, goodness, faithfulness, gentleness, and self-control (Gal. 5:22-23). He has a plan and a purpose for my life. My favorite verse in the Bible states, “I know the plans I have for you, says the Lord, plans to prosper you and not to harm you, plans to give you a hope and a future” (Jer. 29:11). I used to believe that I had no purpose, but I now know that it was a lie from the enemy. I have freedom in Christ – freedom from the grip of addiction and freedom from the grip of the world. I am forgiven for my past, and therefore do not need to dwell on who I used to be because that’s not who I am today. Today, I am a child of God! I am a wife, a mother, a Nana, and my heart is filled with gratitude and thanksgiving for the chains that have been broken in my life. Looking back, I can see where God protected me from harm. He used my husband to get to the heart of the matter with me and to bring me to my knees. I didn’t want to lose my family, my husband, my children. I thank God for restoring my marriage and continuing to work in me to make me a better wife and mother. My hope is to live in such a way that my life reflects the character of Jesus and points others to Him. The Lord is my strength and salvation! He is my protector, provider, and healer! All glory to the most-high God, my King and redeemer of my soul! I praise the Lord for all He has done in my life, and I look forward to all that He has in store for me. Abiding in Him To abide simply means “to live or to dwell”/Addiction led me to a certain kind of hell Addiction is like trying to breathe/with a rope around your neck It’s like seeing that yellow line/but you’re unable to avoid the wreck. It takes away all the ones you love/and all that you adore And turns you into someone/you utterly abhor. It obliterates your dreams/and all your sense of hope And replaces it with endless thoughts/of nothing more than dope. The color of my eyes/turned from blue to black as night I tried to look down the tunnel of life/but at the end, I saw no light. When I finally hit rock bottom/where there was no way to look but towards the sky That’s when the light began to shine/and I desired to want to try. The light, I realized, was Jesus himself/here to make me brand new I was able to walk out of that haze/even after all I had been through. Addiction, it’s true, took a part of me/and integrated itself inside But Jesus freed me from those chains/and now in Him, I abide! A prayer by Dawn Sanchez : Jesus, help us to surrender our will and control of our lives over to you. I pray that you bless all who read my testimony, that it might touch the hearts of many still suffering. Thank you for your grace that we do not deserve, but which You give so freely. Amen! Are you searching for God? addicted addiction alcohol alcoholism christ christian church complete coping death depression drugs drunk forgiven freedom God grace guilt HolySpirit identity jesus life nonfiction peace poem poetry pregnancy pregnant rebellious redeemed redemption rockBottom saint savior shame sinner sober suicidal sundaySchool teenMom teenPregnancy whole",,2026-04-16 11:00:00+00:00,Yes,Appearance,High
113007106748308655,"# AntiLGBTQ + # laws linked to higher rates of # suicidal # ideation in # queer # students : # report Attending schools with # antiLGBTQ + # policies is associated with ""poorer # mentalhealth and higher # suiciderisk "" among # LGBTQ + # youth . # Women # Transgender # LGBTQ # LGBTQIA # Education # MentalHealth # Conservatives # Extremism # Fascism # Religion # Hategroups # RepublicanParty # Hate # Bigotry # Violence # Genocide # Discrimination # Homophobia # Transphobia # ThePartyOfHate # EmptyThePews advocate.com/news/anti-lgbtq-l aws-schools-depression-suicide","@ Susan_Larson_TN Imagine being so driven by religion/ideology That you would risk a child (your child?) completing suicide over asking yourself to challenge a man-made book telling you what to believe. That alone should remind you If the book comes before your child’s life, you’re in a cult.",2024-08-22 18:33:21+00:00,Yes,Education,High
113007106748308655,"# AntiLGBTQ + # laws linked to higher rates of # suicidal # ideation in # queer # students : # report Attending schools with # antiLGBTQ + # policies is associated with ""poorer # mentalhealth and higher # suiciderisk "" among # LGBTQ + # youth . # Women # Transgender # LGBTQ # LGBTQIA # Education # MentalHealth # Conservatives # Extremism # Fascism # Religion # Hategroups # RepublicanParty # Hate # Bigotry # Violence # Genocide # Discrimination # Homophobia # Transphobia # ThePartyOfHate # EmptyThePews advocate.com/news/anti-lgbtq-l aws-schools-depression-suicide","@ justiceLICSW My housemate just watched a documentary about two kids 8 and 10 years old, murdered by their parents and families, and the utter failure of Child Protective Services. One was gay and came out to his family, the other simply lived for a time with a gay uncle, leading his homophobic family to believe that meant he was gay. They were both tortured before their deaths. It is called the Trials of Gabriel Fernandez on Netflix.",2024-08-22 18:33:21+00:00,Yes,Education,High
113007106748308655,"# AntiLGBTQ + # laws linked to higher rates of # suicidal # ideation in # queer # students : # report Attending schools with # antiLGBTQ + # policies is associated with ""poorer # mentalhealth and higher # suiciderisk "" among # LGBTQ + # youth . # Women # Transgender # LGBTQ # LGBTQIA # Education # MentalHealth # Conservatives # Extremism # Fascism # Religion # Hategroups # RepublicanParty # Hate # Bigotry # Violence # Genocide # Discrimination # Homophobia # Transphobia # ThePartyOfHate # EmptyThePews advocate.com/news/anti-lgbtq-l aws-schools-depression-suicide","@ Susan_Larson_TN I don’t want to look away, but neither do I want to watch this. I know this tragedy exists, it devastates me, but too much to watch. TY.",2024-08-22 18:33:21+00:00,Yes,Education,High
112656164758442077,"finally had my # worksource meeting & idk if i've freaked them out after letting them know how some job descriptions make me literally # suicidal … that i am so burned out, that the prospect of being placed in certain unhealthy job environments again is pushing me to the edge… buuut i also need work… b/c # UBI doesn't exist they'll help w/ my 300$ phn bill so… yay? options # MentalHealthMetaphor # MentalHealth # JobHunt # JobSearch # PTSD # Burnout",,2024-06-21 19:04:14+00:00,Yes,Social Status,High
112339524313807081,"Enhanced, upscaled and remade. https:// kulttuurimarxismi.eu/you-might -be-suffering-from-capitalism/ # capitalism # homelesness # unemployment # poverty # hunger # powerlesness # fear # apathy # boredom # freespeech # incarceration # suicidal # revolutionary # death","@ bhasic Actual symptoms: Choice in the markets. Formerly luxury goods becoming commonplace and affordable. Innovation. General lack of famines. Massive numbers of immigrants and would-be immigrants because where you're living is way, way better than where they're living. General improvements in the standard of living for all. General decline in poverty over time.",2024-04-26 20:58:24.891000+00:00,Yes,Social Status,High
112339524313807081,"Enhanced, upscaled and remade. https:// kulttuurimarxismi.eu/you-might -be-suffering-from-capitalism/ # capitalism # homelesness # unemployment # poverty # hunger # powerlesness # fear # apathy # boredom # freespeech # incarceration # suicidal # revolutionary # death","@ bhasic Yes, very common meme responses. I wish that, someday, someone like you could come up with an actual response. If your position rests on memes and your own made-up definitions for words, well, that doesn't speak well of your position.",2024-04-26 20:58:24.891000+00:00,Yes,Social Status,High
112339524313807081,"Enhanced, upscaled and remade. https:// kulttuurimarxismi.eu/you-might -be-suffering-from-capitalism/ # capitalism # homelesness # unemployment # poverty # hunger # powerlesness # fear # apathy # boredom # freespeech # incarceration # suicidal # revolutionary # death",@ AlexanderKingsbury I don't feel like explaining things once again like to a child.,2024-04-26 20:58:24.891000+00:00,Yes,Social Status,High
112339524313807081,"Enhanced, upscaled and remade. https:// kulttuurimarxismi.eu/you-might -be-suffering-from-capitalism/ # capitalism # homelesness # unemployment # poverty # hunger # powerlesness # fear # apathy # boredom # freespeech # incarceration # suicidal # revolutionary # death",@ bhasic I never imagined you ever did feel like explaining anything to anyone.,2024-04-26 20:58:24.891000+00:00,Yes,Social Status,High
112339524313807081,"Enhanced, upscaled and remade. https:// kulttuurimarxismi.eu/you-might -be-suffering-from-capitalism/ # capitalism # homelesness # unemployment # poverty # hunger # powerlesness # fear # apathy # boredom # freespeech # incarceration # suicidal # revolutionary # death",@ AlexanderKingsbury Why is there so much poverty and homelesness in USA?,2024-04-26 20:58:24.891000+00:00,Yes,Social Status,High
112339524313807081,"Enhanced, upscaled and remade. https:// kulttuurimarxismi.eu/you-might -be-suffering-from-capitalism/ # capitalism # homelesness # unemployment # poverty # hunger # powerlesness # fear # apathy # boredom # freespeech # incarceration # suicidal # revolutionary # death","@ bhasic There are many reasons; it's far from a simple answer. Of course, as has been pointed out by many people before, poverty requires no real explanation. Poverty is the natural state of humanity, the state the VAST majority of humans were born into, lived in, and died in. Wealth is the historical anomaly; that's what really begs a reason.",2024-04-26 20:58:24.891000+00:00,Yes,Social Status,High
112339524313807081,"Enhanced, upscaled and remade. https:// kulttuurimarxismi.eu/you-might -be-suffering-from-capitalism/ # capitalism # homelesness # unemployment # poverty # hunger # powerlesness # fear # apathy # boredom # freespeech # incarceration # suicidal # revolutionary # death",@ AlexanderKingsbury @ Radical_EgoCom,2024-04-26 20:58:24.891000+00:00,Yes,Social Status,High
112339524313807081,"Enhanced, upscaled and remade. https:// kulttuurimarxismi.eu/you-might -be-suffering-from-capitalism/ # capitalism # homelesness # unemployment # poverty # hunger # powerlesness # fear # apathy # boredom # freespeech # incarceration # suicidal # revolutionary # death","@ AlexanderKingsbury @ bhasic Poverty remains a significant issue in many capitalist economies. While capitalism has been associated with economic growth, it also exacerbates income inequality and leaves certain groups marginalized and disadvantaged. Factors such as low wages, unemployment, inadequate social support systems, and barriers to education and healthcare contribute to poverty within capitalist economies.",2024-04-26 20:58:24.891000+00:00,Yes,Social Status,High
112339524313807081,"Enhanced, upscaled and remade. https:// kulttuurimarxismi.eu/you-might -be-suffering-from-capitalism/ # capitalism # homelesness # unemployment # poverty # hunger # powerlesness # fear # apathy # boredom # freespeech # incarceration # suicidal # revolutionary # death","@ AlexanderKingsbury @ bhasic Capitalism inherently produces winners and losers, leading to persistent poverty and economic instability for vulnerable populations.",2024-04-26 20:58:24.891000+00:00,Yes,Social Status,High
112339524313807081,"Enhanced, upscaled and remade. https:// kulttuurimarxismi.eu/you-might -be-suffering-from-capitalism/ # capitalism # homelesness # unemployment # poverty # hunger # powerlesness # fear # apathy # boredom # freespeech # incarceration # suicidal # revolutionary # death",@ Radical_EgoCom @ bhasic That is definitely a claim you can make.,2024-04-26 20:58:24.891000+00:00,Yes,Social Status,High
112339524313807081,"Enhanced, upscaled and remade. https:// kulttuurimarxismi.eu/you-might -be-suffering-from-capitalism/ # capitalism # homelesness # unemployment # poverty # hunger # powerlesness # fear # apathy # boredom # freespeech # incarceration # suicidal # revolutionary # death","@ Radical_EgoCom @ bhasic Yes, like I said, there are a variety of factors. I never claimed that capitalism eliminates poverty. I said, and maintain, that it substantially reduces it when compared with viable alternatives. As to ""income inequality"", I don't care. As long as someone understands that the fixed pie fallacy is, indeed, a fallacy, they understand that there is no meaningful link between ""income inequality"" and poverty.",2024-04-26 20:58:24.891000+00:00,Yes,Social Status,High
112339524313807081,"Enhanced, upscaled and remade. https:// kulttuurimarxismi.eu/you-might -be-suffering-from-capitalism/ # capitalism # homelesness # unemployment # poverty # hunger # powerlesness # fear # apathy # boredom # freespeech # incarceration # suicidal # revolutionary # death","@ AlexanderKingsbury @ bhasic There is a meaningful link between income inequality and poverty. When income inequality is high, a small proportion of the population holds a large share of the total income, while a larger proportion has relatively low incomes. High levels of income inequality can exacerbate poverty by causing limited economic opportunities, inadequate social safety nets, and political/economic power imbalances, as well as intergenerational transmission of poverty.",2024-04-26 20:58:24.891000+00:00,Yes,Social Status,High
112339524313807081,"Enhanced, upscaled and remade. https:// kulttuurimarxismi.eu/you-might -be-suffering-from-capitalism/ # capitalism # homelesness # unemployment # poverty # hunger # powerlesness # fear # apathy # boredom # freespeech # incarceration # suicidal # revolutionary # death","@ Radical_EgoCom @ bhasic Tell me this. Would you rather live in a society where everyone has the same amount and it's barely enough to survive, or one where the richest person is 1,000 times wealthier than the poorest but the poorest person still has plenty?",2024-04-26 20:58:24.891000+00:00,Yes,Social Status,High
112339524313807081,"Enhanced, upscaled and remade. https:// kulttuurimarxismi.eu/you-might -be-suffering-from-capitalism/ # capitalism # homelesness # unemployment # poverty # hunger # powerlesness # fear # apathy # boredom # freespeech # incarceration # suicidal # revolutionary # death","@ AlexanderKingsbury @ bhasic That's a false dichotomy. You're acting as if those are the only two options. I'd rather live in a society where the means of production are collectively owned, where resources such as food are given to those who need it regardless of their position in society, and where poverty doesn't exist because everyone is provided with what they need to survive.",2024-04-26 20:58:24.891000+00:00,Yes,Social Status,High
112339524313807081,"Enhanced, upscaled and remade. https:// kulttuurimarxismi.eu/you-might -be-suffering-from-capitalism/ # capitalism # homelesness # unemployment # poverty # hunger # powerlesness # fear # apathy # boredom # freespeech # incarceration # suicidal # revolutionary # death","@ Radical_EgoCom @ bhasic I never said those are the only two options in the real world. It's a very simple thought experiment; most thought experiments are, indeed, simplified when compared with the real world. If it makes you feel any better, I never expected you to answer.",2024-04-26 20:58:24.891000+00:00,Yes,Social Status,High
112339524313807081,"Enhanced, upscaled and remade. https:// kulttuurimarxismi.eu/you-might -be-suffering-from-capitalism/ # capitalism # homelesness # unemployment # poverty # hunger # powerlesness # fear # apathy # boredom # freespeech # incarceration # suicidal # revolutionary # death",@ AlexanderKingsbury @ bhasic Why would you not expect me to answer?,2024-04-26 20:58:24.891000+00:00,Yes,Social Status,High
112339524313807081,"Enhanced, upscaled and remade. https:// kulttuurimarxismi.eu/you-might -be-suffering-from-capitalism/ # capitalism # homelesness # unemployment # poverty # hunger # powerlesness # fear # apathy # boredom # freespeech # incarceration # suicidal # revolutionary # death","@ Radical_EgoCom @ bhasic Because I've never known a single person who makes the claims you do who has managed to actually say which of those two options they would prefer. They always, if they respond at all, dismiss it for whatever convenient reason they can conjure up.",2024-04-26 20:58:24.891000+00:00,Yes,Social Status,High
112339524313807081,"Enhanced, upscaled and remade. https:// kulttuurimarxismi.eu/you-might -be-suffering-from-capitalism/ # capitalism # homelesness # unemployment # poverty # hunger # powerlesness # fear # apathy # boredom # freespeech # incarceration # suicidal # revolutionary # death","@ AlexanderKingsbury @ bhasic That's most likely because people who support socialism or communism don't want either of those options. The thought experiment of yours, whether intentionally or not, subtly strawman's the socialist/communist position.",2024-04-26 20:58:24.891000+00:00,Yes,Social Status,High
112339524313807081,"Enhanced, upscaled and remade. https:// kulttuurimarxismi.eu/you-might -be-suffering-from-capitalism/ # capitalism # homelesness # unemployment # poverty # hunger # powerlesness # fear # apathy # boredom # freespeech # incarceration # suicidal # revolutionary # death","@ Radical_EgoCom @ bhasic Hey, use whatever excuses you want. I think it speaks volumes that such a simple thought experiment is apparently unanswerable by people who make these sorts of claims. Even when you can add all the explanation you like, present your own thought experiments, anything...such a simple question just, somehow, cannot be answered. Amazing.",2024-04-26 20:58:24.891000+00:00,Yes,Social Status,High
112339524313807081,"Enhanced, upscaled and remade. https:// kulttuurimarxismi.eu/you-might -be-suffering-from-capitalism/ # capitalism # homelesness # unemployment # poverty # hunger # powerlesness # fear # apathy # boredom # freespeech # incarceration # suicidal # revolutionary # death","@ AlexanderKingsbury @ bhasic The question is answerable. The answer from someone like me would be ""neither"". You seem to be under the assumption that if someone doesn't pick one of the two very limited options in your extremely overly simplistic thought experiment then they're dodging the question when they're not, they're just giving an honest answer, and your thought experiment not being complex enough to account for various answers isn't the fault of the person being asked the question.",2024-04-26 20:58:24.891000+00:00,Yes,Social Status,High
112339524313807081,"Enhanced, upscaled and remade. https:// kulttuurimarxismi.eu/you-might -be-suffering-from-capitalism/ # capitalism # homelesness # unemployment # poverty # hunger # powerlesness # fear # apathy # boredom # freespeech # incarceration # suicidal # revolutionary # death","@ Radical_EgoCom @ bhasic Of course you're dodging the question. You can justify that to yourself however you like, but the fact remains; you cannot or will not give any actual answer to the thought experiment, even given an essentially limitless opportunity to expound on that answer.",2024-04-26 20:58:24.891000+00:00,Yes,Social Status,High
112339524313807081,"Enhanced, upscaled and remade. https:// kulttuurimarxismi.eu/you-might -be-suffering-from-capitalism/ # capitalism # homelesness # unemployment # poverty # hunger # powerlesness # fear # apathy # boredom # freespeech # incarceration # suicidal # revolutionary # death","@ AlexanderKingsbury @ bhasic To answer the question to your thought experiment, I'd rather live in a country where the richest person is 1,000 times wealthier than the poorest but the poorest person still has plenty as opposed to living in a country where everyone has the same amount and it's barely enough to survive. So what? That has nothing to do with my actual political position, which is probably why so many people don't answer it.",2024-04-26 20:58:24.891000+00:00,Yes,Social Status,High
112339524313807081,"Enhanced, upscaled and remade. https:// kulttuurimarxismi.eu/you-might -be-suffering-from-capitalism/ # capitalism # homelesness # unemployment # poverty # hunger # powerlesness # fear # apathy # boredom # freespeech # incarceration # suicidal # revolutionary # death",@ Radical_EgoCom @ bhasic You'll forgive me for taking a moment. This is a milestone for me. Why you prefer that of the two scenarios? Isn't economic inequality a bad thing?,2024-04-26 20:58:24.891000+00:00,Yes,Social Status,High
112339524313807081,"Enhanced, upscaled and remade. https:// kulttuurimarxismi.eu/you-might -be-suffering-from-capitalism/ # capitalism # homelesness # unemployment # poverty # hunger # powerlesness # fear # apathy # boredom # freespeech # incarceration # suicidal # revolutionary # death","@ AlexanderKingsbury @ bhasic In the extremely limited scenario you provided in your thought experiment, a country with wealth inequality with the means to provide for poor people would be better to live in than a country with no wealth inequality but lacking the means to properly provide for anyone. The reason I see this thought experiment as useless is because it is artificially constructed so that the only reasonable option is the country with wealth inequality, which is very disingenuous",2024-04-26 20:58:24.891000+00:00,Yes,Social Status,High
112339524313807081,"Enhanced, upscaled and remade. https:// kulttuurimarxismi.eu/you-might -be-suffering-from-capitalism/ # capitalism # homelesness # unemployment # poverty # hunger # powerlesness # fear # apathy # boredom # freespeech # incarceration # suicidal # revolutionary # death","@ Radical_EgoCom @ bhasic No, no, I never said that either option lacks the means to provide for anyone. I said the society with economic inequality involves everyone having BARELY enough. That's still enough.",2024-04-26 20:58:24.891000+00:00,Yes,Social Status,High
112339524313807081,"Enhanced, upscaled and remade. https:// kulttuurimarxismi.eu/you-might -be-suffering-from-capitalism/ # capitalism # homelesness # unemployment # poverty # hunger # powerlesness # fear # apathy # boredom # freespeech # incarceration # suicidal # revolutionary # death",@ AlexanderKingsbury @ bhasic What exactly was the point you were trying to make with this rather useless thought experiment?,2024-04-26 20:58:24.891000+00:00,Yes,Social Status,High
112339524313807081,"Enhanced, upscaled and remade. https:// kulttuurimarxismi.eu/you-might -be-suffering-from-capitalism/ # capitalism # homelesness # unemployment # poverty # hunger # powerlesness # fear # apathy # boredom # freespeech # incarceration # suicidal # revolutionary # death","@ Radical_EgoCom @ bhasic If you see it as totally useless, as you keep repeating over and over again, the point of it is lost on you.",2024-04-26 20:58:24.891000+00:00,Yes,Social Status,High
112339524313807081,"Enhanced, upscaled and remade. https:// kulttuurimarxismi.eu/you-might -be-suffering-from-capitalism/ # capitalism # homelesness # unemployment # poverty # hunger # powerlesness # fear # apathy # boredom # freespeech # incarceration # suicidal # revolutionary # death",@ AlexanderKingsbury @ bhasic Are you going to tell the point you were trying to convey or do you not want to have a political discussion?,2024-04-26 20:58:24.891000+00:00,Yes,Social Status,High
112339524313807081,"Enhanced, upscaled and remade. https:// kulttuurimarxismi.eu/you-might -be-suffering-from-capitalism/ # capitalism # homelesness # unemployment # poverty # hunger # powerlesness # fear # apathy # boredom # freespeech # incarceration # suicidal # revolutionary # death","@ Radical_EgoCom @ bhasic I'd LOVE to have a political discussion. Is it going to take a dozen messages for you to answer each question, several of which contain complaints about it?",2024-04-26 20:58:24.891000+00:00,Yes,Social Status,High
112339524313807081,"Enhanced, upscaled and remade. https:// kulttuurimarxismi.eu/you-might -be-suffering-from-capitalism/ # capitalism # homelesness # unemployment # poverty # hunger # powerlesness # fear # apathy # boredom # freespeech # incarceration # suicidal # revolutionary # death",@ AlexanderKingsbury @ bhasic The point. What was the point you were trying to make?,2024-04-26 20:58:24.891000+00:00,Yes,Social Status,High
112339524313807081,"Enhanced, upscaled and remade. https:// kulttuurimarxismi.eu/you-might -be-suffering-from-capitalism/ # capitalism # homelesness # unemployment # poverty # hunger # powerlesness # fear # apathy # boredom # freespeech # incarceration # suicidal # revolutionary # death","@ Radical_EgoCom @ bhasic Okay, looks like that question of mine is not getting an answer, either; maybe in another dozen messages. The point is very simple; I was seeing whether you prioritize general wealth or economic equality. You clearly understand that it's better for the average level of wealth to be higher than to achieve total economic equality, if you have to choose one or the other.",2024-04-26 20:58:24.891000+00:00,Yes,Social Status,High
112339524313807081,"Enhanced, upscaled and remade. https:// kulttuurimarxismi.eu/you-might -be-suffering-from-capitalism/ # capitalism # homelesness # unemployment # poverty # hunger # powerlesness # fear # apathy # boredom # freespeech # incarceration # suicidal # revolutionary # death","@ Radical_EgoCom @ bhasic Please, feel free drop me a line if you ever decide that a ""political discussion"" involves answering questions in a reasonable timeframe, or that answers should outnumber complaints about the question.",2024-04-26 20:58:24.891000+00:00,Yes,Social Status,High
112339524313807081,"Enhanced, upscaled and remade. https:// kulttuurimarxismi.eu/you-might -be-suffering-from-capitalism/ # capitalism # homelesness # unemployment # poverty # hunger # powerlesness # fear # apathy # boredom # freespeech # incarceration # suicidal # revolutionary # death","@ AlexanderKingsbury @ bhasic If a question appears to be flawed or fallacious then complaints about the question are warranted. You could have made your motivations for your question clear at any time in our conversation and moved the conversation forward, but instead of doing that, you chose to complain about my complaints.",2024-04-26 20:58:24.891000+00:00,Yes,Social Status,High
112339524313807081,"Enhanced, upscaled and remade. https:// kulttuurimarxismi.eu/you-might -be-suffering-from-capitalism/ # capitalism # homelesness # unemployment # poverty # hunger # powerlesness # fear # apathy # boredom # freespeech # incarceration # suicidal # revolutionary # death","@ Radical_EgoCom @ bhasic Oh, I never asked you NOT to complain. I just think that an honest political discussion doesn't involve so much stalling and dodging and excusing and more stalling when presented with simple questions. I hope that someday you'll agree. When you do, I'm ready. But until then, please feel free to have the last word.",2024-04-26 20:58:24.891000+00:00,Yes,Social Status,High
112339524313807081,"Enhanced, upscaled and remade. https:// kulttuurimarxismi.eu/you-might -be-suffering-from-capitalism/ # capitalism # homelesness # unemployment # poverty # hunger # powerlesness # fear # apathy # boredom # freespeech # incarceration # suicidal # revolutionary # death","@ AlexanderKingsbury @ bhasic You're making me feel like it was a mistake to unblock you. I was hoping your debating skills would improve, but I was wrong.",2024-04-26 20:58:24.891000+00:00,Yes,Social Status,High
111439002746081797,Happy # InternationalMensDay # MensDay to # Men # Boys # Bros # Guys especially those who are # Depressed # Exhausted # Suicidal # Diseased # Obese # Disabled # Neurodiverse # SexualMinority # Poor # Unemployed # SingleParent # Caregiver # Alienated # Lonely # Abused # TreatedViolently # Racialized # Uneducated # Unfluent in # NationalLanguage # MinorityReligion # Indigenous # Immigrant # Undocumented # Homeless # Grieving,,2023-11-19 20:03:56.246000+00:00,Yes,Social Status,High
109554592071189739,"1/3 Some folks may have wrong ideas about # meditation practitioners. This is almost laughable. Although I have been a meditation practitioner for 25-years, and a dedicated/diligent student of my Teacher ( # ThichNhatHanh ), I remain a deeply troubled person. In recent years I have experienced long-term deep # depression , heightened # anxiety , strong # suicidal ideation, and a hospitalization for these symptoms. The past 2-years I have lived in a # Buddhist monastery and this has reduced the symptoms.",@ kenley I can learn from your openness 🙏 How did meditation reduce the symptoms?,2022-12-22 00:53:18+00:00,Yes,Education,High
109554592071189739,"1/3 Some folks may have wrong ideas about # meditation practitioners. This is almost laughable. Although I have been a meditation practitioner for 25-years, and a dedicated/diligent student of my Teacher ( # ThichNhatHanh ), I remain a deeply troubled person. In recent years I have experienced long-term deep # depression , heightened # anxiety , strong # suicidal ideation, and a hospitalization for these symptoms. The past 2-years I have lived in a # Buddhist monastery and this has reduced the symptoms.","@ wardvandepitte Thank you for the question. In my experience, meditation teaches and trains me to be more aware of what is happening in the present moment. Slowing down, being present, etc. In turn, this tunes me better into my thoughts and feelings. From there I can take care of those more difficult emotions before they get too big and unwieldy. As a result, I experience less depression, anxiety, etc. It's still there, but I try to care for it earlier in the process. It's not foolproof. ;-)",2022-12-22 00:53:18+00:00,Yes,Education,High
116591484385794388,"@ punishmenthurts @ autistics I think it took the invention of powered ships and even airplanes to tour the world and collect up all the books. It wasn't until year 1954, early in February, someone came up with a global equation of the human brain and # punishment and # selfharm Across all geographic space, time periods. Flaw in the human # brain # The1954Realization /\ . The 1954 Equation February 28, 1954: ""Most people can't stand up for their convictions, because the majority of people might not be doing it. See, everybody's not doing it, so it must be wrong. And since everybody is doing it, it must be right. So a sort of numerical interpretation of what's right. But I'm here to say to you this morning that some things are right and some things are wrong. Eternally so, absolutely so. It's wrong to hate. It always has been wrong and it always will be wrong. It's wrong in America, it's wrong in Germany, it's wrong in Russia, it's wrong in China. It was wrong in 2000 B.C., and it's wrong in 1954 A.D. It always has been wrong, and it always will be wrong."" - Martin Luther King Jr. ""For the person who hates, the beautiful becomes ugly and the ugly becomes beautiful. For the person who hates, the good becomes bad and the bad becomes good. For the person who hates, the true becomes false and the false becomes true. That's what hate does. You can't see right. The symbol of objectivity is lost."" - Martin Luther King Jr.","@ RoundSparrow @ autistics . that’s one fart smeller right there, wow. 💜💜💜 . but the fallacy of consensus, and probably Aristotle’s entire list, have a real world cause, again, not a thing anyone was reasoned into. And the fools are not even trying to shorten the list. They simply use these errors to take advantage of one another.",2026-05-17 19:07:43+00:00,Yes,Appearance,High
116591484385794388,"@ punishmenthurts @ autistics I think it took the invention of powered ships and even airplanes to tour the world and collect up all the books. It wasn't until year 1954, early in February, someone came up with a global equation of the human brain and # punishment and # selfharm Across all geographic space, time periods. Flaw in the human # brain # The1954Realization /\ . The 1954 Equation February 28, 1954: ""Most people can't stand up for their convictions, because the majority of people might not be doing it. See, everybody's not doing it, so it must be wrong. And since everybody is doing it, it must be right. So a sort of numerical interpretation of what's right. But I'm here to say to you this morning that some things are right and some things are wrong. Eternally so, absolutely so. It's wrong to hate. It always has been wrong and it always will be wrong. It's wrong in America, it's wrong in Germany, it's wrong in Russia, it's wrong in China. It was wrong in 2000 B.C., and it's wrong in 1954 A.D. It always has been wrong, and it always will be wrong."" - Martin Luther King Jr. ""For the person who hates, the beautiful becomes ugly and the ugly becomes beautiful. For the person who hates, the good becomes bad and the bad becomes good. For the person who hates, the true becomes false and the false becomes true. That's what hate does. You can't see right. The symbol of objectivity is lost."" - Martin Luther King Jr.","@ punishmenthurts @ autistics I think you like to use the phrase ""reasoned into"" I focus on attraction and popularity. Television sets cost money. They are not freely provided to you in Canada or USA. You have to purchase the electronics. 1. Donald Trump is a television star and actor. People can not wait to tune into his content of wild and crazy antics. 2. Fiction books outsell nonfiction 3. Fox News is the most popular news channel in USA. New York City # FICTION storytelling. 4. Bible, Quran, Torah are fiction storytelling Attraction to fiction. The Medium is the Message covers this too. The tone of the voice or singer is bigger than the lyrics. The attraction to fiction stories is a tone of anti-reality . # Heaven after death rewards tone.",2026-05-17 19:07:43+00:00,Yes,Appearance,High
116591484385794388,"@ punishmenthurts @ autistics I think it took the invention of powered ships and even airplanes to tour the world and collect up all the books. It wasn't until year 1954, early in February, someone came up with a global equation of the human brain and # punishment and # selfharm Across all geographic space, time periods. Flaw in the human # brain # The1954Realization /\ . The 1954 Equation February 28, 1954: ""Most people can't stand up for their convictions, because the majority of people might not be doing it. See, everybody's not doing it, so it must be wrong. And since everybody is doing it, it must be right. So a sort of numerical interpretation of what's right. But I'm here to say to you this morning that some things are right and some things are wrong. Eternally so, absolutely so. It's wrong to hate. It always has been wrong and it always will be wrong. It's wrong in America, it's wrong in Germany, it's wrong in Russia, it's wrong in China. It was wrong in 2000 B.C., and it's wrong in 1954 A.D. It always has been wrong, and it always will be wrong."" - Martin Luther King Jr. ""For the person who hates, the beautiful becomes ugly and the ugly becomes beautiful. For the person who hates, the good becomes bad and the bad becomes good. For the person who hates, the true becomes false and the false becomes true. That's what hate does. You can't see right. The symbol of objectivity is lost."" - Martin Luther King Jr.","@ RoundSparrow @ autistics . yes, I do, it’s neurotype and the evolved, presently built in thoughts that we’re dealing with. They are socially and genetically engineered for these thoughts, we can’t argue them away in one generation. 💜",2026-05-17 19:07:43+00:00,Yes,Appearance,High
116591484385794388,"@ punishmenthurts @ autistics I think it took the invention of powered ships and even airplanes to tour the world and collect up all the books. It wasn't until year 1954, early in February, someone came up with a global equation of the human brain and # punishment and # selfharm Across all geographic space, time periods. Flaw in the human # brain # The1954Realization /\ . The 1954 Equation February 28, 1954: ""Most people can't stand up for their convictions, because the majority of people might not be doing it. See, everybody's not doing it, so it must be wrong. And since everybody is doing it, it must be right. So a sort of numerical interpretation of what's right. But I'm here to say to you this morning that some things are right and some things are wrong. Eternally so, absolutely so. It's wrong to hate. It always has been wrong and it always will be wrong. It's wrong in America, it's wrong in Germany, it's wrong in Russia, it's wrong in China. It was wrong in 2000 B.C., and it's wrong in 1954 A.D. It always has been wrong, and it always will be wrong."" - Martin Luther King Jr. ""For the person who hates, the beautiful becomes ugly and the ugly becomes beautiful. For the person who hates, the good becomes bad and the bad becomes good. For the person who hates, the true becomes false and the false becomes true. That's what hate does. You can't see right. The symbol of objectivity is lost."" - Martin Luther King Jr.","@ punishmenthurts @ autistics ""They are socially and genetically engineered for these thoughts, we can’t argue them away in one generation. 💜"" We can smash brains, splatter brains, kill one another in a much shorter time period. We can deport immigrants much faster. We can block on Mastodon much faster. We act like it is smart and intelligent to ignore suffering and pain. Elon Musk, richest man in the world is using popularity of computer social logic to teach ""empathy pain is bad"" the past few years. # ElonMuskAntiEmpathy . youtube.com/watch?v=42tj0hQuaFY",2026-05-17 19:07:43+00:00,Yes,Appearance,High
116591484385794388,"@ punishmenthurts @ autistics I think it took the invention of powered ships and even airplanes to tour the world and collect up all the books. It wasn't until year 1954, early in February, someone came up with a global equation of the human brain and # punishment and # selfharm Across all geographic space, time periods. Flaw in the human # brain # The1954Realization /\ . The 1954 Equation February 28, 1954: ""Most people can't stand up for their convictions, because the majority of people might not be doing it. See, everybody's not doing it, so it must be wrong. And since everybody is doing it, it must be right. So a sort of numerical interpretation of what's right. But I'm here to say to you this morning that some things are right and some things are wrong. Eternally so, absolutely so. It's wrong to hate. It always has been wrong and it always will be wrong. It's wrong in America, it's wrong in Germany, it's wrong in Russia, it's wrong in China. It was wrong in 2000 B.C., and it's wrong in 1954 A.D. It always has been wrong, and it always will be wrong."" - Martin Luther King Jr. ""For the person who hates, the beautiful becomes ugly and the ugly becomes beautiful. For the person who hates, the good becomes bad and the bad becomes good. For the person who hates, the true becomes false and the false becomes true. That's what hate does. You can't see right. The symbol of objectivity is lost."" - Martin Luther King Jr.","@ RoundSparrow @ autistics . again, rhe Gordian knot, they have become the only selective pressure their own species has to adapt to - but they don’t believe in evolution and cannot apparently see it, at all.",2026-05-17 19:07:43+00:00,Yes,Appearance,High
116591484385794388,"@ punishmenthurts @ autistics I think it took the invention of powered ships and even airplanes to tour the world and collect up all the books. It wasn't until year 1954, early in February, someone came up with a global equation of the human brain and # punishment and # selfharm Across all geographic space, time periods. Flaw in the human # brain # The1954Realization /\ . The 1954 Equation February 28, 1954: ""Most people can't stand up for their convictions, because the majority of people might not be doing it. See, everybody's not doing it, so it must be wrong. And since everybody is doing it, it must be right. So a sort of numerical interpretation of what's right. But I'm here to say to you this morning that some things are right and some things are wrong. Eternally so, absolutely so. It's wrong to hate. It always has been wrong and it always will be wrong. It's wrong in America, it's wrong in Germany, it's wrong in Russia, it's wrong in China. It was wrong in 2000 B.C., and it's wrong in 1954 A.D. It always has been wrong, and it always will be wrong."" - Martin Luther King Jr. ""For the person who hates, the beautiful becomes ugly and the ugly becomes beautiful. For the person who hates, the good becomes bad and the bad becomes good. For the person who hates, the true becomes false and the false becomes true. That's what hate does. You can't see right. The symbol of objectivity is lost."" - Martin Luther King Jr.","@ punishmenthurts @ autistics ""they don’t believe in evolution and cannot apparently see it, at all."" . Bible verse Luke 17:21 nor will people say, ‘Here it is,’ or ‘There it is,’ because the kingdom of God is in your midst.” . heaven is on Earth. Bible verse Luke 17:21 youtube.com/watch?v=NOGEyBeoBGM",2026-05-17 19:07:43+00:00,Yes,Appearance,High
116591484385794388,"@ punishmenthurts @ autistics I think it took the invention of powered ships and even airplanes to tour the world and collect up all the books. It wasn't until year 1954, early in February, someone came up with a global equation of the human brain and # punishment and # selfharm Across all geographic space, time periods. Flaw in the human # brain # The1954Realization /\ . The 1954 Equation February 28, 1954: ""Most people can't stand up for their convictions, because the majority of people might not be doing it. See, everybody's not doing it, so it must be wrong. And since everybody is doing it, it must be right. So a sort of numerical interpretation of what's right. But I'm here to say to you this morning that some things are right and some things are wrong. Eternally so, absolutely so. It's wrong to hate. It always has been wrong and it always will be wrong. It's wrong in America, it's wrong in Germany, it's wrong in Russia, it's wrong in China. It was wrong in 2000 B.C., and it's wrong in 1954 A.D. It always has been wrong, and it always will be wrong."" - Martin Luther King Jr. ""For the person who hates, the beautiful becomes ugly and the ugly becomes beautiful. For the person who hates, the good becomes bad and the bad becomes good. For the person who hates, the true becomes false and the false becomes true. That's what hate does. You can't see right. The symbol of objectivity is lost."" - Martin Luther King Jr.","@ punishmenthurts @ autistics . NONFICTION QUOTE FOLLOWS: But now, in irreconcilable contrast to this ancient, practically universal mode of experience of the world’s and one’s own dimension of divinity, which I have termed “mythic identification,” there is the order of beliefs derived from the biblical tradition, where Yahweh, as we know (arriving very late on the scene), cursed the serpent of the Garden, and with it the whole earth, which he seems to have thought he had created. Here God created the World and the two are not the same: Creator and Creature, ontologically distinct, and not to be identified with each other in any way. In contrast to the Oriental (Buddhist and Vedantic) ways of interpreting the symbolism of the guarded gate and passage to the Tree of Life — as referring, namely, to an inward, psychological, barrier and crisis of transcendence — the authorized Christian reading has been of an actual, concrete, historic event of atonement with an angry god, who for centuries had withheld his boon of paradise from mankind, until strangely reconciled by this curious self-giving of his only son to a criminal’s death on the Cross. The fact of the crucifixion was read as the central fact of all history, and along with it certain other associated “facts” were accepted, such as in other mythological traditions would be interpreted psychologically (or, as theologians say, “spiritually”) as symbols; such as (1) the Virgin Birth, (2) the Resurrection, (3) the Ascension, (4) the existence of a heaven to which a physical body might ascend, and, of course, (5) the Fall in the garden of Eden, c. 4004 B.C., from the guilt of which the Crucifixion has redeemed us. God in this system is a kind of fact somewhere, an actual personality to whom prayers can be addressed with expectation of a result. He is apart from and different from the world: in no sense identical with it, but related, as cause to effect. I call this kind of religious thinking “mythic dissociation,” The sense of an experience of the sacred is dissociated from life, from nature, from the world, and transferred or projected somewhere else — an imagined somewhere else — while man, mere man, is accursed. The sacred is now not secular, of this world of mere dead dust, but canonical, supernaturally revealed and authoritatively preserved; that is to say: God, from “out there,” has condescended graciously to accord special revelations: (1) to the Hebrews, historically, on Sinai, via Moses; (2) to mankind, historically, via Jesus; but then also, apparently, (3) to mankind, once again, historically, in a cave near Mecca, via Mohammad. All, it will be noted, Semites! No other revelations of this desert god are admitted to exist, and Extra ecclesiam nulla salus (“outside the church there is no salvation”). To the formula of mythic dissociation, there must now be added that of “social identification”: identification with Israel, with the Church as the Living Body of Christ, or with the Sunna of Islam — each body over-interpreted by its membership as the one and only holy thing in this world. And the focal center and source of all this holiness is concentrated in each case in a completely unique and special fetish — not a symbol, but a fetish: (1) the Ark of the Covenant in the Temple; (2) the Torah in the Synagogue; (3) the Bible of the Reformation; (5) the Koran, as well as (6) the Ka’aba, of Islam. https:// thesethingsinside.wordpress.co m/2013/04/18/joseph-campbell-says-religious-literalism-sets-satan-in-the-seat-of-god/",2026-05-17 19:07:43+00:00,Yes,Appearance,High
114960440626403490,"University of Texas at Dallas: Study: How Online Language Choices May Signal Self-Harm Risk. “Led by Dr. Ryan L. Boyd, assistant professor of psychology in the School of Behavioral and Brain Sciences at The University of Texas at Dallas, and Dr. Charlotte Entwistle of the University of Liverpool, the research demonstrates that online support community posts indicating decreased social […]",,2025-08-02 17:51:20+00:00,Yes,Education,High
113843409277408983,Adolescents who are ghosted online may face higher risks of self-harm psypost.org/adolescents-who-ar e-ghosted-online-may-face-higher-risks-of-self-harm/?utm_source=dlvr.it&utm_medium=mastodon # MentalHealth # Adolescents # SelfHarm # SocialMedia # OnlineGhosting,,2025-01-17 11:16:07+00:00,Yes,Appearance,High
112259315617988623,"Suicides among a surprising population have doubled over the past 20 years Suicide rates among people of all ages in the United States have increased over the past two decades, making it a serious public health problem. Among US college athletes, suicide is now the second leading cause of death after accidents — and rates have doubled from 7.6% to 15.3% over the past 20 years # sports # college # athletes # suicide # mentalhealth # wellbeing # selfharm cnn.com/2024/04/10/health/stud ent-athlete-suicide-rates-doubled-study-wellness/index.html",Americans in distress have a new cost free Crisis Hotline to dial for help: 988 National Suicide Prevention Lifeline billed as the 911 of mental health 988 # mentalhealth # wellness # health # healing # crisis # depression # anxiety # psychology # suicide,2024-04-12 17:00:17.443000+00:00,Yes,Education,High
110886625929671044,"How do friendships influence adolescent self-injurious thoughts and behaviours? nationalelfservice.net/?p=1745 21 Rasanat Fatima Nawaz & Bella Brereton summarise a systematic review that explored the associations between self-injurious thoughts and behaviours and school-based friendship networks in adolescents, using sociometric data. # SelfHarm # Suicide # SelfInjuriousThoughtsAndBehaviours # School # YouthMentalHealth # Adolescents # Friendship",,2023-08-14 06:47:11+00:00,Yes,Education,High
110849206112407298,"# California investigates # ChinoValley # Schooldistrict 's # parental # notification # policy on # students ' # genderidentity . The # attorneygeneral said the # policy could # force # schools to “ # out ” their # students , increasing a # child 's # risk of being # bullied or # selfharm . # Women # Transgender # LGBTQ # LGBTQIA # California # Education # Conservatives # Extremism # Fascism # RepublicanParty # Hate # Bigotry # Violence # Genocide # Discrimination # Homophobia # Transphobia # ThePartyOfHate nbcnews.com/nbc-out/out-news/c alifornia-investigates-districts-parental-notification-policy-student-rcna98519",,2023-08-07 16:10:52+00:00,Yes,Education,High
109535716640911992,"Nobody knows this. I went to # boardingSchool to escape # bullying . Once there, the school learned I had a history of # selfharm . In order to stay, I was randomly subjected to “body checks”. I was called in usually bi-weekly. Different # nurses would ask me to strip down and examine my body. For three years I endured this. If I refused, I was sent home because I would be a # liability . Anyone else with similar experience? # trauma # spoonie","@ antiableistdreams I am so sorry this happened. I self-harmed but was never sent away or really caught. I was kind of ignored by family, bullied by them and school kids. I am so sorry they added to your trauma by doing this. I heard stories of people having to do similar things in outpatient programs.",2022-12-18 16:52:22+00:00,Yes,Appearance,High
109535716640911992,"Nobody knows this. I went to # boardingSchool to escape # bullying . Once there, the school learned I had a history of # selfharm . In order to stay, I was randomly subjected to “body checks”. I was called in usually bi-weekly. Different # nurses would ask me to strip down and examine my body. For three years I endured this. If I refused, I was sent home because I would be a # liability . Anyone else with similar experience? # trauma # spoonie","@ MelonDC this is really wrong I think. Like I think this is really fucked up. Being 16, 17, 18 my body knew it wasn’t right. There are other ways. Different ways. The people making these protocols aren’t the people going through the experiences. All a big scream.",2022-12-18 16:52:22+00:00,Yes,Appearance,High
109535716640911992,"Nobody knows this. I went to # boardingSchool to escape # bullying . Once there, the school learned I had a history of # selfharm . In order to stay, I was randomly subjected to “body checks”. I was called in usually bi-weekly. Different # nurses would ask me to strip down and examine my body. For three years I endured this. If I refused, I was sent home because I would be a # liability . Anyone else with similar experience? # trauma # spoonie","@ antiableistdreams Mental health issues really are almost treated like a crime in so many ways. In high school, I had a friend with an eating disorder and they would take away all her ""privileges"" if she didn't eat enough while in her inpatient tx program. And they weren't allowed to co-mingle with anyone but people with EDs while they were there. So they felt like a group of freaks that were constantly having their bodies policed. There are better ways.",2022-12-18 16:52:22+00:00,Yes,Appearance,High
109535716640911992,"Nobody knows this. I went to # boardingSchool to escape # bullying . Once there, the school learned I had a history of # selfharm . In order to stay, I was randomly subjected to “body checks”. I was called in usually bi-weekly. Different # nurses would ask me to strip down and examine my body. For three years I endured this. If I refused, I was sent home because I would be a # liability . Anyone else with similar experience? # trauma # spoonie",@ antiableistdreams that is definitely TRAUMATIZING. I'm so sorry. I do not have similar like experiences.,2022-12-18 16:52:22+00:00,Yes,Appearance,High
109330332743240406,# SocialMedia # RecommendationAlgorithms # YoungPeople # SelfHarm # MentalHealth Swansea University: Samaritans And University Report Reveals Dangers Of Social Media’s Self-Harm Content swansea.ac.uk/press-office/new s-events/news/2022/11/samaritans-and-university-report-reveals-dangers-of-social-medias-self-harm-content-.php,,2022-11-12 10:21:20+00:00,Yes,Education,High
108805289176203694,"# MultiVersus # EndlessLoop Update. So after periodically attempting to evaluate this game. faced with the very rarest of instances of it loading past the Enter the Multiverse title and repeating.... Opened Steam and downloaded it all over again. Started right up and plays fine. Exit and try again later. Fine. Opened Epic Games and removed the previous install. The engineer in me wants to investigate the difference in binaries. cfg, ini files, file bug reports and email tech support. but yo the unpaid time accumulated from diagnosing and use casing this bug is already well into bill paying money already. So like, I guess I'd recommend the steam version ... and junk... or something. WB has me asking just how much of my own time and money will I waste for squiggles in costumes... # DCFans = # SelfHarm The game? Works, appears to do what is says on the tin, and more importantly seemingly will hoover money from the digital pockets of children's parents at a pretty shocking rate.",,2022-08-11 16:55:32+00:00,Yes,Social Status,High
116978231434547454,"Kerala reported 86 suicides among people aged 10 to 25 between January and June 2026. Mental health experts cite academic pressure, relationship issues and emotional isolation as major contributing factors. https:// english.mathrubhumi.com/news/k erala/kerala-records-an-average-of-14-youth-suicides-every-month-experts-raise-mental-health-concerns-a0y6vh7b?utm_source=dlvr.it&utm_medium=mastodon # Kerala # MentalHealth # YouthMentalHealth # SuicidePrevention",,2026-07-25 02:22:38.367000+00:00,Yes,Education,Low
116607045607689347,"Suicide prevention training, youth supports offered in northeast B.C. Youth suicide prevention training was offered in Fort St. John, B.C., in February and March, a collaborative effort between the University of Northern British Columbia's School of Social Work, and Foundry, a branch of the YCMA specializing in youth services. cbc.ca/news/canada/british-col umbia/foundry-fort-st-john-offers-suicide-prevention-training-9.7204581?cmp=rss",,2026-05-20 13:05:09+00:00,Yes,Education,High
115849672287993991,"5 Hidden Ways the Gambling Industry Engineers Harm Introduction: The Illusion of Choice For many, gambling is seen as a form of entertainment, a voluntary activity where personal responsibility is paramount. We’re told to gamble responsibly. But, if things go wrong, the blame is often placed on the individual’s lack of self-control. But what if that entire narrative is a dangerous fiction? A new public health study reveals gambling harm is not an unfortunate side effect of a few people’s poor choices. Instead, it is the calculated outcome of a powerful and deliberate “gambling ecosystem” designed to maximize profit at a severe human cost. This system operates using tactics that public health experts call the “commercial determinants of health. ” The same strategies used by the tobacco and fossil fuel to drive profit by undermining public wellbeing. This post will reveal five of the most impactful insights from the study, exposing the hidden truths of an industry that has mastered the art of engineering harm. 1. The “Responsible Gambling” Slogan is Designed to Blame YOU The familiar phrase “gamble responsibly” is not a genuine public health message but a strategic discourse meticulously promoted by the industry. The primary function of this narrative is to shift the focus, and the blame , onto the individual consumer. By framing harm as a personal failing, it deflects attention. It deflects it from: Predatory industry practices Unsafe products A system that profits from addiction This blame-shifting has severe consequences, creating a culture of shame that prevents people from seeking help and isolates them when they are most vulnerable. As the study’s authors note: This emphasis on individual responsibility diverts attention from the practices of the industry. It generates stigma and shame for those harmed. It downplays serious harms caused by gambling. Worst of all: it contributes to the suicide toll. This psychological framing is so damaging because it convinces individuals that their suffering is their own fault, making it harder to recognize the external forces at play and seek the support they need. Are you a professional looking to stay up-to-date with the latest information on, sex addiction, trauma, and mental health news and research? Or maybe you’re looking for continuing education courses? Stay up-to-date with all of Dr. Jen’s work through her practice’s newsletter! 2. The Gambling Industry’s Goal is For You to “Play to Extinction” Behind the glamorous advertising and messages of entertainment lies a stark and chilling internal objective. The study highlights a term used by gambling industry representatives to describe their core aim: “playing to extinction.” This isn’t an exaggeration; it’s the industry’s own vocabulary for its business model: “…gambling industry representatives describe their aim is to maximise revenue per available customer (revpac), and encourage ‘playing to extinction’, the point at which a customer has exhausted all available funds.” The phrase has a chilling double meaning. It refers to the financial extinction of a customer’s funds, but in the context of gambling-related suicide, it acquires a much darker significance. The industry’s profit model depends on pushing customers into the exact states of financial ruin and profound despair that are known precursors to suicide. It is a business model that treats human crisis as a key performance indicator. Rather than a tragic crisis. 3. Products are Engineered to Undermine Your Control Modern gambling products, especially digital ones, are not simple games of chance. They have been intentionally intensified with features like: Increased speed High complexity “Frictionless” transactions All designed to encourage extended use and bypass a person’s executive function. The industry also employs digital tactics like sludging. Deliberately designing interactions to make it difficult for customers to act in their own best interest. Such as withdrawing funds or closing an account. This tactic also manifests physically. For 15 years, the Australian industry has resisted modern, universal pre-commitment systems that allow users to set binding loss limits. Instead, it has relied on a form of physical sludging: “manual, paper-based self-exclusion” that requires a person to fill out separate forms for every single venue they wish to avoid. Product design also deploys psychological tricks to encourage overspending. The study points out that a single ticket in the Australian “Powerball” lottery can be priced as high as AUD$46,249.65. This serves as a psychological anchor . While few would buy it, its existence makes spending smaller—yet still exorbitant—amounts like hundreds or thousands of dollars seem reasonable by comparison. Need support and not local to the Lehigh Valley? Check out the LGBT National Help Center . 4. “Good Causes” are Used as a Smokescreen A common defense of the gambling industry is that it funds worthy causes, from sports teams to community charities. The research argues this is a calculated strategy to create an “‘alibi’ to legitimise gambling operations” and procure a “social license” to operate. This linkage creates a “symbiotic, reflexive relationship” where community groups become financially captured. Reliant on gambling revenue, these beneficiaries become powerful allies in resisting reforms that could threaten their funding, even if those reforms would reduce harm. This insidious dependency creates a powerful barrier to reform. As one researcher observed, the dynamic is inescapable: … at first the lottery was primarily dependent on the good cause and then, gradually, the good cause became increasingly dependent on the lottery. 5. The Gambling Industry Distorts Science and Influences Policy Like the tobacco and fossil fuel industries before it, the gambling ecosystem actively works to control and distort the scientific evidence base to protect its interests. The study identifies two key tactics: Funding “safe” research: The industry funds and promotes research focused on the individual, such as the influential “pathways model.” This model frames gambling harm as an artifact of pre-existing conditions like “antisocial personality disorder,” thereby shifting blame from the addictive product to the flawed consumer. Discrediting effective solutions: The ecosystem publicly casts doubt on proven harm-prevention tools. The paper cites an industry-linked researcher who claimed that universal pre-commitment systems might have a “detrimental effect and may aggravate the problem.” Crucially, the study notes that a subsequent review of the evidence cited for this claim found “no support for this conclusion,” noting the studies had significant “methodological limitations.” This reveals a pattern of distorting weak evidence to undermine effective public health measures. This distortion of science is coupled with political donations and the “revolving door”—where politicians and staff take industry jobs after leaving office—to block or delay meaningful reforms that could save lives. Conclusion: Shifting from Individual Blame to Systemic Accountability The evidence is clear: gambling harm is not a simple story of poor individual choices. It is the predictable and profitable result of a commercial system meticulously designed to addict users, shift blame, and protect its revenue streams at all costs. From manipulative product design to the distortion of science, the gambling ecosystem functions as a commercial determinant of health, actively generating and sustaining harm. This reframing moves the problem from one of personal responsibility to one of systemic accountability. Seeing the deliberate system that drives these harms, what does real responsibility—from our governments, communities, and the industry itself—truly look like? Are you looking for more reputable data-backed information on sexual addiction? The Mitigation Aide Research Archive is an excellent source for executive summaries of research studies. Do you feel your sexual behavior, or that of someone you love, is out of control? Then you should consult with a professional . Have you found yourself in legal trouble due to your sexual behavior? Seek assistance before the court mandates it, with Sexual Addiction Treatment Services . behavioralAddiction commercialDeterminantsOfHealth darkPatterns gambling gamblingAddiction gamblingHarm gamblingIndustry gamblingPolicy harmReduction onlineGambling preCommitmentLimits predatoryDesign problemGambling publicHealth responsibleGambling selfExclusion sludging sportsBetting stigmaAndShame suicidePrevention",,2026-01-06 18:54:18+00:00,Yes,Education,High
115619830802847411,"Understanding Suicidal Sentiment: Empathy, Presence, and Immanence Author(s): Scott Douglas Jacobsen Publication (Outlet/Website): The Good Men Project Publication Date (yyyy/mm/dd): 2025/09/27 I have known several suicidal people, often quite intimately, too much so. What is one to do there? Consider: Life from their point of view. Life not as something visual, but life as a sentiment inside. What is that feeling for them? Enter the ‘skin’ of the other, not too long, not a fun place. The feeling for them, immense: “Pain swells as the future closes.” “I am ruined beyond repair.” “Alone, unwanted, and a burden.” “ Body screams, then goes numb.” “Mind tunnels; choices vanish fast.” “Fear fades; action feels impossible.” “Storm rises, control slips away.” “Sudden calm hides imminent danger.” Ruined, unwanted, numb, tunnel, fear, storm, slip, calm, danger, immanence. What is one to do there? Often, your presence, to their immanence, is all you can do, for them. Last updated May 3, 2025. These terms govern all In-Sight Publishing content—past, present, and future—and supersede any prior notices. In-Sight Publishing by Scott Douglas Jacobsen is licensed under a Creative Commons BY‑NC‑ND 4.0 ; © In-Sight Publishing by Scott Douglas Jacobsen 2012–Present. All trademarks , performances , databases & branding are owned by their rights holders; no use without permission. Unauthorized copying, modification, framing or public communication is prohibited. External links are not endorsed. Cookies & tracking require consent, and data processing complies with PIPEDA & GDPR ; no data from children < 13 ( COPPA ). Content meets WCAG 2.1 AA under the Accessible Canada Act & is preserved in open archival formats with backups. Excerpts & links require full credit & hyperlink; limited quoting under fair-dealing & fair-use. All content is informational; no liability for errors or omissions: Feedback welcome, and verified errors corrected promptly. For permissions or DMCA notices, email: scott.jacobsen2025 .com. Site use is governed by BC laws ; content is “as‑is,” liability limited, users indemnify us; moral, performers’ & database sui generis rights reserved. empathy immanence mentalHealth suicidePrevention",,2025-11-27 04:42:25+00:00,Yes,Appearance,High
114968213095577494,"Real # SuicidePrevention isn't talking down someone who's got a plan on how to end themselves and is almost if not actively enacting said plan, it's about looking around for, asking & helping people in need get their stated & shown needs met, before they get to said critical crises point, because most who enact said plans & even more so those who succeed, won't be talking at that point. Those ""crises management"" & ""suicidal prevention"" classes don't do anything but earn some money off of at best delaying people enacting their plans a little, because none of these setups actually followup talking someone down with giving them whatever they need, be it helping them move from an abusive relationship/partner or getting their financial situation better enough for their needs or helping whatever medical situation may be ""that bad"". The last category may be unfixable but the other 2 are definitely fixable & yet aren't at all included in pushes for this issue set.",,2025-08-04 02:48:31+00:00,Yes,Social Status,High
114834528800337167,"At Least 13 People Died by Suicide Amid U.K. Post Office Scandal, Report Says nytimes.com/2025/07/10/world/e urope/uk-post-office-scandal-report.html # HackerNews # PostOfficeScandal # MentalHealth # Awareness # SuicidePrevention # UKNews # Tragedy",,2025-07-11 12:10:52.060000+00:00,Yes,Social Status,High
113833116712641792,"Prevention, promotion and impact, how Europe can improve youth mental health [Advocacy Lab Content] euractiv.com/section/health-co nsumers/special_report/prevention-promotion-and-impact-how-europe-can-improve-youth-mental-health/?utm_source=dlvr.it&utm_medium=mastodon # mentalhealth # SuicidePrevention # YouthMentalHealthCrisis # ZZuruc",,2025-01-15 15:38:35+00:00,Yes,Social Status,Low
113737728843498073,"Narcissistic traits shape the relationship between depression and suicide risk, study suggests psypost.org/narcissistic-trait s-shape-the-relationship-between-depression-and-suicide-risk-study-suggests/?utm_source=dlvr.it&utm_medium=mastodon # Narcissism # MentalHealth # Depression # SuicidePrevention # PersonalityTraits",,2024-12-29 19:20:11+00:00,Yes,Education,High
113297866201873511,"Does Your School Use # SuicidePrevention Software? We Want to Hear From You. Concerned about # anxiety and # depression among students, some schools are monitoring what children type into their devices to detect suicidal thinking or self-harm. # suicide # privacy # surveillance nytimes.com/2024/10/09/health/ suicide-prevention-software-monitoring.html",@ PrivacyDigest Hurray for more anxiety-inducing school # surveillance ! I wonder if maybe this stuff is counterproductive. Are there any studies?,2024-10-13 02:57:21+00:00,Yes,Education,High
113114041188122418,"For World Suicide Prevention Day, we draw your attention to Finding Pride. This free series of short videos presents LGBTQ+ first-person stories of surviving and thriving. Our free Finding Pride Discussion and Activity Guide is designed to make it easy to share these accounts with your learning community. https:// journeysinfilm.org/product/fin ding-pride/ # SuicidePrevention # MentalHealth # LGBTQ # LGBTQPride # Education # Edutooters # Homeschooling @ education @ edutooters @ lgbtqia",,2024-09-10 15:48:11+00:00,Yes,Education,High
112267987436080684,"Schools are blocking websites for # suicideprevention , # LGBTQ + even # NASA usatoday.com/story/news/nation /2024/04/13/school-porn-filters-block-suicide-prevention-lgbtq-sites/73293675007/ # censorship # schools # education # k12",,2024-04-14 05:45:28+00:00,Yes,Education,High
112214412109406214,"# NewZealand proposes cutting # Suicide Prevention Office by 134 jobs, including director newshub.co.nz/home/politics/20 24/04/suicide-prevention-office-could-close-if-proposed-ministry-of-health-job-cuts-go-ahead-psa.html # SuicidePrevention # MentalHealth # union # unions # neoliberalism # PSA # exploitation # corruption # ClassWar",,2024-04-04 18:40:43+00:00,Yes,Social Status,High
112145361529991765,Every student deserves to have their individual needs met. One size does not fit all. Recognizing these needs and meeting them is suicide prevention. # mentalhealth # suicideprevention # studentsupport # mentalwellness # education,,2024-03-23 14:00:11+00:00,Yes,Education,High
112094854036140996,"Outside taking a chance on a new # therapist looks like nothing, taking a chance to tell a friend I am fucked up and need help looks like nothing, taking a chance and trusting anything or anyone even myself looks like nothing The truth is I'm moving mountains with an # invisibleIllness that I battle everyday and as my physical body grows weary with lack of food and safety it only makes the battle more steep and intense # MutualAid saves lives # SuicidePrevention is community care",I'm thankful for friends who were # glimmers for me last night as I was drowning and couldn't do much more than cry and try to keep my mind from hurting me in so many different ways Thank you for your kindness For anyone who read this thread because they have # CPTSD or # depression or struggle with # Poverty # Disability or etc You're not alone I'm fighting for all of us to have a brighter future to rekindle our # lightWithin To honor me is to honor you We are all connected Love and peace 💚🐇,2024-03-14 15:55:32.730000+00:00,Yes,Appearance,Low
111855286386110773,"Loneliness and suicide mitigation for students using GPT3-enabled chatbots nature.com/articles/s44184-023 -00047-6 Using the # Replika # AI app https:// replika.ai/ See also: * Calm Harm app https:// calmharm.co.uk/ * Identifying Effective—and Ineffective— # MentalHealth Supports insidehighered.com/news/studen t-success/health-wellness/2023/06/14/report-campus-mental-health-services-and-their If you or someone you know may be considering suicide, contact the Suicide & Crisis Lifeline free 24/7/365 by dialing 9̲8̲8̲ or visit https:// 988lifeline.org/ # SuicidePrevention",,2024-02-01 08:30:20.497000+00:00,Yes,Education,High
117144934329846317,"One of my daughter’s classes this semester was dropped due to not enough interest. She was distraught about this because she already feels like she didn’t register for enough classes. I’m reminding her that she doesn’t have to do everything the “normal” way, and we’re here to help her do things at her own pace. That the only reason we push her sometimes is that we know # anxiety / # depression / # ADHD / # AuDHD can easily lead to resignation if unchecked. It was hard enough for her mom and I at that point in our lives. I can’t imagine how tough it is for her, in this world. At least she has a diagnosis and understands why her brain is the way it is; we didn’t, and just thought we were lazy, undisciplined, chaotic failures. We can’t support her forever, and we can’t (and shouldn’t) do everything for her, but I’m glad we can help where we can.",,2026-08-23 12:57:21+00:00,Yes,Education,Medium
117138764357980469,"“Of the four drugs recently tested, # psilocybin and # ketamine have proven to be highly effective in early studies and the other two are currently undergoing clinical evaluation, continues Jones. # hnk is in a phase 2 study at NIH and # lsd in a phase 3 study, both for treating depression.” MD Anderson: Immune System Provides Biological Blueprint for Treating Cancer-Related Depression with Psychedelics (2026) clinicalresearchnewsonline.com /news/2026/08/19/md-anderson--immune-system-provides-biological-blueprint-for-treating-cancer-related-depression-with-psychedelics?instrck=eyJhIjoiNjJkYzc3YjUtOWZiYy03NGM2LThmNzktZDA1NDYzZjA1NjVlIiwicyI6IjE3ODczOTUyMDM4NTItZGNkMTFjZGUtYjQ5NS00ZTc3LWJhYWQtNzQ1M2Y1YTIwMWQ5IiwiZCI6IkNJSV9ERUMiLCJ0IjoxNzg3Mzk1MjU4MjE3LCJzaSI6IjE3ODczOTUyMDM4NTItNzU2YTk5MzUtMWQ1ZC00ODY5LTk1NzgtZTFiMDI5N2ExOTM0In0=0 # psychedelics # depression # cancer",,2026-08-22 10:48:16.399000+00:00,Yes,Education,Medium
117110756441703677,"Yoga is More Than Glorified Stretching As a practitioner of martial arts (kung fu and styles of Tai Chi and BauaZhang ), yoga, qigong , and dao yin (martial arts yoga) for over 40 years, I can vouch for the vast amount of mental and physical benefits that not only have I received, but others that I have either taught or trained with. Qigong and martial arts are deeply rooted in the 8 Limbs of Ayurveda , and concerning this post, yogic practices of asanas or physical postures. The BBC article “How Yoga Can Rewire Your Brain and Improve Your Mental Health” discusses recent findings on how yoga practice can have effects on brain structure and function, highlighting its potential mental health benefits. Recent research indicates that regular yoga practice can lead to physical changes in the brain, such as increased gray matter, which is associated with improved cognitive functions and emotional regulation. These neurological alterations may contribute to symptoms of less anxiety and depression. The article emphasizes that yoga’s combination of physical postures, breathing exercises, and meditation not only enhances physical well-being but also offers significant mental health advantages. For the purpose of my post, I will refer to yoga, qigong, and dao yin interchangeably, as they all are on some level the same type of physical, mental, and spiritual exercises. The Science Behind Yoga (Qigong & Dao Yin): How It Rewires Your Brain and Enhances Mental Health In recent years, yoga has gained more widespread recognition not just for its physical benefits but also for its significant impact on mental well-being. Research now suggests that regular and consistent yoga practice can help to rewire the brain, improving cognitive function, emotional regulation, and stress management. How do these ancient practices impact modern neuroscience? I will summarize some amazing connections between these mind-body practices and brain health. How Yoga Affects the Brain Enhancing Neuroplasticity Yoga has been shown to promote neuroplasticity , which is the brain’s ability to reorganize and form new neural connections. Research studies using MRI scans have found increased gray matter density in the hippocampus and prefrontal cortex of yoga practitioners. These areas are important for memory, self-awareness, and emotional regulation, suggesting that yoga can help individuals become more adaptable to stress and improve various cognitive functions. Reducing Anxiety and Depression One of yoga’s most significant mental health benefits is its ability to alleviate anxiety and depression. Research indicates that yoga decreases cortisol, the body’s primary stress hormone, while boosting gamma-aminobutyric acid (GABA), a neurotransmitter that promotes relaxation. These biochemical changes contribute to a calmer, more balanced state of mind, making yoga an effective tool for managing mood disorders. The Role of Breathwork and Meditation Beyond the asanas or physical postures, yoga incorporates breathwork (pranayama) and meditation, both of which play a vital role in mental health. Deep, regulated breathing stimulates the parasympathetic nervous system, reducing the body’s fight-or-flight response. Meditation fosters mindfulness, promoting present-moment awareness and reduction of rumination, two key factors in maintaining emotional stability. Cognitive Benefits and Emotional Regulation Practicing yoga and other mind-body methods have been linked to increased cognitive function, including better focus, memory, and decision-making. The increased activity in the prefrontal cortex enhances executive functions, allowing individuals to better manage stress more effectively and respond to challenges with greater clarity. Yoga as a Holistic Mental Health Solution Pharmaceutical treatments usually target specific symptoms, whereas yoga offers a comprehensive approach to mental wellness. By integrating physical movement, breath control, and mindfulness, yoga cultivates overall brain health and emotional resilience. Whether practicing at a studio, school, outdoors, or at home, yoga, qigong, and dao yin provide a natural, often inexpensive, and accessible way to improve mental well-being. Final Thoughts To me, the evidence is quite clear that the mind-body methods of yoga, qigong, and daoyin are not just a workout; they are powerful tools for brain health and mental clarity. By supplementing some of these methods into your routine, you can strengthen your mind, reduce stress, and cultivate emotional balance. Whether you’re a beginner or an experienced practitioner, the benefits of these extend far beyond the mat or studio, offering a holistic path to overall well-being. I teach and offer lectures about holistic health, physical fitness, stress management, human behavior, meditation, phytotherapy (herbs), music for healing, self-massage (acupressure), Daoyin (yoga), qigong, tai chi, and baguazhang. Please contact me if you, your business, organization, or group, might be interested in hosting me to speak on a wide spectrum of topics relative to better health, fitness, and well-being. I look forward to further sharing more of my message by partnering with hospitals, wellness centers, VA centers, schools on all levels, businesses, and individuals who see the value in building a stronger nation through building a healthier population. I also have hundreds of FREE education video classes, lectures, and seminars available on my YouTube channel at: Many of my publications can be found on Amazon at: My holistic health blog is available at: Mind and Body Exercises on Google: Jim Moltzan 407-234-0119 anxiety chronicPain depression healthCare martialArtsCenterForHealth osteoporosis ParkinsonsDisease PTSD Qigong stressManagement stressRelief TaiChi WinterParkPresbyterian WinterParkTaiChi yoga",,2026-08-17 12:00:00+00:00,Yes,Appearance,Medium
117110624237624002,"the thing about 'summer break,' from June 31st to Labour Day-ish is having to be on my best behaviour at home for 2 whole months. With my wife and kid home, I can't afford to be outwardly depressed or show any signs of anxiety. I gotta be the best version of me while my teacher-wife and kid are home with me. They deserve it. I don't even drink or smoke cigars when they are off from school. Which is why I'm online, telling inappropriate jokes and bleeding out a little internal dialogue. Just until I can get some time to breathe. # mentalhealth # dadlife # depression # adulting",,2026-08-17 11:31:51+00:00,Yes,Education,Medium
117099739242095499,"I have had much comfort in my life. I do not apologise. I liked it. But it did not bring meaning or personal development. If civilisational collapse takes away my comfort, I'll not bemoan it. I want to get back in the game. I want to make choices that are not buttons on someone else's automat. # climatechange # financialcrisis # inflation # enshittification # fuelprices # depression # AI # unemployment # war # racism # antiscience # billionaires # corruption # surveillance # electioninterference # collapse",,2026-08-15 13:23:40.376000+00:00,Yes,Social Status,Medium
117072949152219515,"The bit that you skip 222: Blur – Sing Not gonna lie, the first days after arriving to Nottingham, solitude hit me like a tons of bricks. Perhaps all the walking and roaming around the campus and town was more to find some sort of solace, someone to converse with, to feel again. It’s a strange feeling, loneliness. I joined a few student societies, with varying results. Although I had sworn off religion, I somehow decided to join CathSoc too, and attend mass, something I hadn’t done willingly for more than a decade. I met a lot of interesting people and I remember one day chatting with some affable chaps about music and they both scowled when I mentioned “britpop”. They felt it was a bad term to use as it had been applied to bands willy nilly, pigeonholing some of them. Blur’s initial sound was the evolution of college rock, via sixth form and Madchester. A sort of crisper mix of baggy anthems and shoegaze. Dreamy, jangly atmospheres filtered to the eyes of straight rockers. Blur’s Leisure is The Smiths and The Stone Roses colliding. Modern Life is Rubbish was their make or break effort. The rivalry with Suede, which is often overlooked, seemed to hurt Blur’s reputation with the public much more than whatever schoolyard tiff they had with the Gallaghers. Thankfully Modern Life is Rubbish was their way out, possibly through the fierceness of Popscene, which lead into Parklife, the album that made them international stars. I liked The Great Escape just fine, but it’s their Be Here Now. Bloated, irregular, with immense heights and the lowest trenches. A well-trodden road was boring the public and the band. You understand why they distanced themselves. Blur had two choices: a steady decline or reinvent themselves. Oasis chose the former, Blur chose the latter. Their self-titled was as far as they could muster to throw themselves away to, and 13 was the opposite end of what Blur started as. No longer bumming cigs from friends. No more WKD drinks. Now wine, heroin, and rolled up ciggies. 13 is their swansong, the point where Blur 1.0 ceases to exist. Think thank is a Gorillaz demotape, too complicated for Blur fans, too light for Gorillaz fans. A funeral dirge that bricked Blur for almost 13 years before a factory reset. It was tough choosing one song, but Sing, for some reason or other, brings both joy and immense sadness to me. Pin it on its use on Trainspotting’s poignant scene. Pin it on being another Gen-Xer realising the best of their life is gone now and it’s all a long decline. -Sam J. Valdés López Nottingham blur depression Loneliness Sing Leisure",,2026-08-10 19:50:36+00:00,Yes,Education,Medium
117067579736335486,"hey… could someone please help me out? despite being gifted, and trying my best to be kind to everyone, i've been badly abused, backstabbed, and traumatised multiple times by selfish or shallow people in my society. i DO have a college degree in engineering, and i was originally interested in going to grad school to help make the world a better place, but… that dream seems far out of reach now. i've been unemployed for quite some time now, and i was too shy to network during my time in college during and after the COVID pandemic years… has anyone gone through a similar experience? ANY support would be much appreciated! anyway, thanks for taking the time to read this… help support unemployed gifted wasted-potential depression unemployment trauma engineering math physics i-need-help research stem steam science mathematics","@ idea I don't have any serious advice other than to not give up, keep trying to learn and do projects either for yourself or in your community. I am in a similar position and this is what I'm trying myself.",2026-08-09 21:05:05.015000+00:00,Yes,Social Status,Medium
117067579736335486,"hey… could someone please help me out? despite being gifted, and trying my best to be kind to everyone, i've been badly abused, backstabbed, and traumatised multiple times by selfish or shallow people in my society. i DO have a college degree in engineering, and i was originally interested in going to grad school to help make the world a better place, but… that dream seems far out of reach now. i've been unemployed for quite some time now, and i was too shy to network during my time in college during and after the COVID pandemic years… has anyone gone through a similar experience? ANY support would be much appreciated! anyway, thanks for taking the time to read this… help support unemployed gifted wasted-potential depression unemployment trauma engineering math physics i-need-help research stem steam science mathematics",@ idea what about some temporary job that lets you interface with people? Maybe customer service for a small engineering firm?,2026-08-09 21:05:05.015000+00:00,Yes,Social Status,Medium
117067579736335486,"hey… could someone please help me out? despite being gifted, and trying my best to be kind to everyone, i've been badly abused, backstabbed, and traumatised multiple times by selfish or shallow people in my society. i DO have a college degree in engineering, and i was originally interested in going to grad school to help make the world a better place, but… that dream seems far out of reach now. i've been unemployed for quite some time now, and i was too shy to network during my time in college during and after the COVID pandemic years… has anyone gone through a similar experience? ANY support would be much appreciated! anyway, thanks for taking the time to read this… help support unemployed gifted wasted-potential depression unemployment trauma engineering math physics i-need-help research stem steam science mathematics","@ paulmasson .xyz i'll try doing that… however, i have tried sending e-mails and an old CV to a few small and VERY small engineering or software development firms where my skills or interests would have been a good bet at catching some attention, but all i've received from them was silence, even for customer service roles! the world is harsh…",2026-08-09 21:05:05.015000+00:00,Yes,Social Status,Medium
117067579736335486,"hey… could someone please help me out? despite being gifted, and trying my best to be kind to everyone, i've been badly abused, backstabbed, and traumatised multiple times by selfish or shallow people in my society. i DO have a college degree in engineering, and i was originally interested in going to grad school to help make the world a better place, but… that dream seems far out of reach now. i've been unemployed for quite some time now, and i was too shy to network during my time in college during and after the COVID pandemic years… has anyone gone through a similar experience? ANY support would be much appreciated! anyway, thanks for taking the time to read this… help support unemployed gifted wasted-potential depression unemployment trauma engineering math physics i-need-help research stem steam science mathematics",@ idea how about working with a temp agency? That’s how I got my first job after school. Especially if you have one locally that provides services to tech or engineering firms. You can get some sort of employment experience even if it’s not in your preferred field.,2026-08-09 21:05:05.015000+00:00,Yes,Social Status,Medium
117067579736335486,"hey… could someone please help me out? despite being gifted, and trying my best to be kind to everyone, i've been badly abused, backstabbed, and traumatised multiple times by selfish or shallow people in my society. i DO have a college degree in engineering, and i was originally interested in going to grad school to help make the world a better place, but… that dream seems far out of reach now. i've been unemployed for quite some time now, and i was too shy to network during my time in college during and after the COVID pandemic years… has anyone gone through a similar experience? ANY support would be much appreciated! anyway, thanks for taking the time to read this… help support unemployed gifted wasted-potential depression unemployment trauma engineering math physics i-need-help research stem steam science mathematics","@ idea I'm sorry to hear this. I had a similar crisis about a year ago which led to me switching masters programs. My advice would be to write down honestly what your values and goals are, what you need to get there, and what went wrong along the way, then talk about it with someone you trust who can help you explore options. Trust that you can still be happy and fulfilled, even if that's not how you feel now.",2026-08-09 21:05:05.015000+00:00,Yes,Social Status,Medium
117060654166416265,"These shorts are my new ""emotional support shorts"" 😭 I find it really hard to find clothes. Not because I don't feel comfortable in my body—quite the opposite. I love how my body looks, with all its rolls, marks, and jiggle 🌸 But I do have one thing... My brain is convinced that the clothes you're wearing when you 💀 are the clothes you'll wear as a ghost, and you can't change them. So, I need to always wear clothes that I’d be happy wearing for eternity. It sounds completely insane, I know. I’m not even religious or anything. It’s just become so deeply ingrained in my brain that I can't get the thought out of my head. Some might call it a form of obsessive thought, but I can't speak to a psychiatrist until September. It’s really tough 🩷 But that’s why it’s good to have a pair of emotional support shorts 🩳 mentalhealth schizophrenia adhd cptsd trauma depression ootd anxiety recovery psychology mentor recoverymentor redhair fashion fashionphotography","You’d make a hella cute ghost then. I’m somewhat the opposite: aware that clothes have a limited number of wears/wash cycles in them, I find myself asking myself whether I really want to wear that cool shirt today even if no-one will see it, and going down to something less unique unless it’s an occasion.",2026-08-08 15:43:44+00:00,Yes,Appearance,Medium
117059987586587549,"My next song is called ""Everything I'm Good At Has No Value"" From my album, ""Broke, Unemployed and Spiralling into Depression"" Available soon (or not) # depression # mentalhealth # unemployment # adulting # aging","@ sand Ugh. 🥲 It has value, just not according to economists.",2026-08-08 12:54:17+00:00,Yes,Social Status,Medium
117059987586587549,"My next song is called ""Everything I'm Good At Has No Value"" From my album, ""Broke, Unemployed and Spiralling into Depression"" Available soon (or not) # depression # mentalhealth # unemployment # adulting # aging",@ BranwenOShea and the economy isn't so bad (or as bad) just not not doing well in my field cbc.ca/news/business/canada-jo bs-july-2026-9.7299225,2026-08-08 12:54:17+00:00,Yes,Social Status,Medium
117059987586587549,"My next song is called ""Everything I'm Good At Has No Value"" From my album, ""Broke, Unemployed and Spiralling into Depression"" Available soon (or not) # depression # mentalhealth # unemployment # adulting # aging","@ sand Well, that’s something. I study came out this month in the U.S. that here women are losing jobs and men are gaining. What field are you in, if you don’t mind me asking?",2026-08-08 12:54:17+00:00,Yes,Social Status,Medium
117052936736892927,"Between Emmy Wins and Sold-Out Plays, George R.R. Martin Admits He Is Losing His Battle With Depression and the Weight of His Own Creation Martin’s post doesn’t sugarcoat the reality of balancing grief, aging, and the demands of a global fanbase. themarysue.com/between-emmy-wi ns-and-sold-out-plays-george-r-r-martin-admits-he-is-losing-his-battle-with-depression-and-the-weight-of-his-own-creation/ # Books # AKnightoftheSevenKingdoms # Depression # DunkandEgg # GameofThrones",,2026-08-07 07:01:08+00:00,Yes,Appearance,Medium
117052883472640165,"Between Emmy Wins and Sold-Out Plays, George R.R. Martin Admits He Is Losing His Battle With Depression and the Weight of His Own Creation Martin’s post doesn’t sugarcoat the reality of balancing grief, aging, and the demands of a global fanbase. themarysue.com/between-emmy-wi ns-and-sold-out-plays-george-r-r-martin-admits-he-is-losing-his-battle-with-depression-and-the-weight-of-his-own-creation/ # Books # AKnightoftheSevenKingdoms # Depression # DunkandEgg # GameofThrones",,2026-08-07 06:47:35+00:00,Yes,Appearance,Medium
117048734908750605,"Yaay a total solar eclipse in Spain in 2026!!! Said me in 2025. Wow. We have a motorhome now we can 100% get the best spot to observe it. My telescope is finally going to be put to good use! Let's prepare, let's dream, let's get excited. Oh shit my father has strokes. Shit my mother is crying. We struggle. The situation is very difficult physically and mentally. I have pain. Why I have abdominal pain for so long? Doctors can't find anything wrong with me? Is it an obscure disease? Why do I take painkillers now?! Because it hurts.. Hello! Said my sister. What? I have this problem and looks bad. Ok let's go check. Now let's go wait for weeks for a result while we are stressed. Oh my parents are better. My father is stable. Riiinggg! My girlfriend is calling. How are you? She said. Not too well, but I miss you. Can't wait for you to come back from your wonderful hike in Iceland so I can take my mind off of problems. I'm back! I cheated on you and I want to break up with you. Whaaaat?!?! I have less abdominal pain. Uh great. I have a lot emotional pain. I feel like dying. My sister is bleeding. Fuck go to the ER. My father has another stroke. What do we do?! My telescope rings. Whaaat? I can't work. I broke. A week before the eclipse? Yes. Fuck! Riiingggg!!! Whaaaaat?? Is Tortua, the motorhome. What now? I have solar panels and they need certified. I cannot drive without that. Fuck. Ok 200 euros. Certified. Didn't work! Whhhhhy? You need to send those papers somewhere else. Take weeks to solve. But the eclipse is in a week and we planned for a year now....we drive there... I know.... Fuuuuuuck. You got mail. ye..?! We noticed you like hospitals. You have 3 medical appointments this month for your abdominal pain. And your sister has some too. You go together, is hospital fun and medical results bonanza. Good luck. Fuck. You got mail. What now? Your father may need an expensive medical procedure to not have strokes. He likes strokes, he has many. Can cost thousands of euros. Do you have energy to go to Romania to help your mom?! Do you have money?! Well...fuck. What is this life ha?! Why so many bad things happening? The Eclipse should have been a wonderful time I spend together with Sasha and Tortuga, meet with our best friends, observe a rare event. Now I lost Sasha, I lost Tortuga, I lost my hope and trust in people, and I hope I won't lose my father. I swallow trying not to vomit still. I try to find solutions. We try. We are still here. But maybe is just a stupid dream. That would make a lot more sense. # depression # eclipse # motorhome # health",,2026-08-06 13:12:28+00:00,Yes,Social Status,Medium
117024068939589419,yesterday I forgot my antidepressants and then drank 3 cups of coffee (WHYYYY) so you can guess how good of a day I was having Fortunately I was able to get so so much more done today all I have to do now is study for my exams!!!!! so happy # depression # anxiety # college,,2026-08-02 04:39:42+00:00,Yes,Education,Medium
117021953985970299,Study models how ketamine’s molecular action leads to its effects on the brain New research addresses a gap in understanding how ketamine’s impact on individual neurons leads to pervasive and profound changes in brain network function. (2024) https:// picower.mit.edu/news/study-mod els-how-ketamines-molecular-action-leads-its-effects-brain # ketamine # consciousness # brains # neuroscience # mentalhealth # microtubules # ketaminetherapy # depression,,2026-08-01 19:41:51.568000+00:00,Yes,Education,Medium
117178404151107838,"I exist. (Sarcasm: Surprising how that basic philosophy concept becomes relevant when I'm contemplating my place in the world.) I exist, and there's a world around me that can be a lot. But I don't have to look at the ""a lot"" part most of the time. I ground myself and see my existence. I can just be a person, sitting on a bed, my body sinking into the mattress. That can be the extent of what's important sometimes. The only thing I control in any given moment is what I consciously do. I have learned that what I consciously do has a huge impact on my subconscious (both doing and being). The vast majority of things I can do consciously right now have no impact on my or others' general safety, financial stability, or health. (This wouldn't be the case were I perhaps staring down a natural predator that has decided I look tasty.) As such, I am safe. There isn't a threat I need to react to. When I maintain that structure of thinking, my subconscious and body and so I as a whole am also disposed to feel safe. I exist and have taken the time to remember it, therefore: my immediate existence isn't threatened (right now, or generally) internally or externally, therefore: I am safe And in practice that becomes: I ground myself, and my subconscious and body recognize that I am safe, and I feel safe. This is an important part of how I deal with anxiety. Practicing that structure of thinking daily, so when anxiety is causing me distress, the action I take is to ground myself. Like all of mental health work, it doesn't stand alone, and the other work I do is important as well, but like many tools it also can do a lot by itself, and sometimes seeing something actually work is what you need before doing anything else feels possible. May you be at ease May you be happy May you experience less suffering # Anxiety # MentalHealth # MentalHealthTips",,2026-08-29 10:49:11+00:00,Yes,Social Status,Medium
117142037036030864,"I have difficulty making phone calls due to # anxiety . It results in many things taking longer than they should to arrange or acknowledge. My sister doesn’t understand this. She keeps suggesting I, “just call [people or places] and save the gas and time”, etc. The one positive feature of my phone anxiety is I am more likely to visit offices or medical practices in person, when practical, than call. Typically, much sooner, as well. People remember such interactions and I more thoroughly. They get a human with a face. Not just a voice on the other end of a phone call. We can develop a rapport. I’ve visited the manager of one of the many apartment properties whose waiting list I am on several times. Let’s called them, “Sonia”. I’ve been on their waiting list for almost three years now. My current spot on that list is number 24. That’s still years away from reaching the top. We’ve developed a reasonable rapport. They know a little bit about me, my # disabilities , and my situation. I visited “Sonia” most recently on Tuesday (18 Aug.). They called me Thursday (20 Aug.) morning. They had been contacted earlier that morning by another manager at an unaffiliated property that also accepts HUD tenants, looking for people in need of housing to fill immediate vacancies. “Sonia” told me they’d shared their waiting list with the other manager, and brought up my name and situation, specifically. “Sonia” also told me to contact the other manager as soon as possible. I met with that manager that afternoon. This all resulted in my turning in a completed # tenant application for an # apartment yesterday (21 Aug). I have pretty good credit and a clean record. It is very possible that I will be # housed by 01 September. After two years of being # homeless . This new property may not be great. It may be awful. I don't have the luxury to be picky now. # Winter is coming to the PNW. Soon. I firmly believe this opportunity exists because “Sonia” had a face and a person to recommend because we'd interacted directly. “Sonia” knows my situation, and felt comfortable enough to personally recommend me to the other property owner. # Disabled # HUD","I've been thinking about this a lot today. I'm nervous and afraid. Afraid of the emotions that I feel will come out once I'm in the apartment, if I get it. There will a sense of finality to my losing my home, the place I was supposed to inherit. My life, my community. Everything I knew for twenty years will never come back, and I will be reminded of it every day. It makes me physically sick. They cheated me and destroyed twenty years of my life.",2026-08-23 00:40:32+00:00,Yes,Appearance,Medium
117142037036030864,"I have difficulty making phone calls due to # anxiety . It results in many things taking longer than they should to arrange or acknowledge. My sister doesn’t understand this. She keeps suggesting I, “just call [people or places] and save the gas and time”, etc. The one positive feature of my phone anxiety is I am more likely to visit offices or medical practices in person, when practical, than call. Typically, much sooner, as well. People remember such interactions and I more thoroughly. They get a human with a face. Not just a voice on the other end of a phone call. We can develop a rapport. I’ve visited the manager of one of the many apartment properties whose waiting list I am on several times. Let’s called them, “Sonia”. I’ve been on their waiting list for almost three years now. My current spot on that list is number 24. That’s still years away from reaching the top. We’ve developed a reasonable rapport. They know a little bit about me, my # disabilities , and my situation. I visited “Sonia” most recently on Tuesday (18 Aug.). They called me Thursday (20 Aug.) morning. They had been contacted earlier that morning by another manager at an unaffiliated property that also accepts HUD tenants, looking for people in need of housing to fill immediate vacancies. “Sonia” told me they’d shared their waiting list with the other manager, and brought up my name and situation, specifically. “Sonia” also told me to contact the other manager as soon as possible. I met with that manager that afternoon. This all resulted in my turning in a completed # tenant application for an # apartment yesterday (21 Aug). I have pretty good credit and a clean record. It is very possible that I will be # housed by 01 September. After two years of being # homeless . This new property may not be great. It may be awful. I don't have the luxury to be picky now. # Winter is coming to the PNW. Soon. I firmly believe this opportunity exists because “Sonia” had a face and a person to recommend because we'd interacted directly. “Sonia” knows my situation, and felt comfortable enough to personally recommend me to the other property owner. # Disabled # HUD","Haven't slept. I'm super stressed out about the apartment thing. I don't have the luxury of being picky. Winter is coming and I'm homeless and living out of a [fucking] car. Cars are one of the things I most hate in this world. It makes the circumstances surrounding why I'm homeless even more vicious. It's a pretty old building. Not falling down, but bound to have problems. The apartments are roughly 47 m² (~506 ft²). They're all one bedroom units. It would be really nice to have a 47 m² studio. All of the apartments have their main entries on a hallway. Downstairs units have patios with an exterior sliding door. The second floor units have balconies also with sliding glass doors. There's only one other window, apart from the slider. It's small and in the bedroom. The unit I've been offered is on the second floor. That gonna be hard on my damaged knee. There is an elevator. An older smallish elevator. It's gonna suck getting my bicycle up and down and in and out. Especially, when it's wet out. I really need a bottom floor unit. Maybe I can install a bike hoist so I don't have to drag my wet bike through the building. Bikes can't just be wiped dry. There will always be water dripping from somewhere until they dry off on their own.",2026-08-23 00:40:32+00:00,Yes,Appearance,Medium
117142037036030864,"I have difficulty making phone calls due to # anxiety . It results in many things taking longer than they should to arrange or acknowledge. My sister doesn’t understand this. She keeps suggesting I, “just call [people or places] and save the gas and time”, etc. The one positive feature of my phone anxiety is I am more likely to visit offices or medical practices in person, when practical, than call. Typically, much sooner, as well. People remember such interactions and I more thoroughly. They get a human with a face. Not just a voice on the other end of a phone call. We can develop a rapport. I’ve visited the manager of one of the many apartment properties whose waiting list I am on several times. Let’s called them, “Sonia”. I’ve been on their waiting list for almost three years now. My current spot on that list is number 24. That’s still years away from reaching the top. We’ve developed a reasonable rapport. They know a little bit about me, my # disabilities , and my situation. I visited “Sonia” most recently on Tuesday (18 Aug.). They called me Thursday (20 Aug.) morning. They had been contacted earlier that morning by another manager at an unaffiliated property that also accepts HUD tenants, looking for people in need of housing to fill immediate vacancies. “Sonia” told me they’d shared their waiting list with the other manager, and brought up my name and situation, specifically. “Sonia” also told me to contact the other manager as soon as possible. I met with that manager that afternoon. This all resulted in my turning in a completed # tenant application for an # apartment yesterday (21 Aug). I have pretty good credit and a clean record. It is very possible that I will be # housed by 01 September. After two years of being # homeless . This new property may not be great. It may be awful. I don't have the luxury to be picky now. # Winter is coming to the PNW. Soon. I firmly believe this opportunity exists because “Sonia” had a face and a person to recommend because we'd interacted directly. “Sonia” knows my situation, and felt comfortable enough to personally recommend me to the other property owner. # Disabled # HUD","By this time next week, I will either be taking possession of an apartment or be back to living in my car full-time. Yay... # Disabled # Disability # Homeless # MentalHealth # Poverty",2026-08-23 00:40:32+00:00,Yes,Appearance,Medium
117134216230321578,How to help an anxious kid through back-to-school season https:// fed.brid.gy/r/ mistdaily.com/2026/08/how-to-help-an-anxious-kid-through-back-to-school-season/,,2026-08-21 00:00:06+00:00,Yes,Education,Medium
117117441977214770,What’s on Your Mind: The World or God? | A Powerful Reminder for When You Feel Overwhelmed Many of us wake up immediately overwhelmed by the pressures of work and financial concerns. This video is for anyone feeling consumed by these worldly demands and looking for a practical... Read complete guide… https:// spiritualkhazaana.com/whats-on -your-mind-battle-for-your-thoughts/ # overcomingoverwhelm # faithandworry # findingpeace # spiritualfocus # managestress # dailyanxiety # mentalhealth # anxiety # stress # what 'sonyourmind,,2026-08-18 16:25:42.678000+00:00,Yes,Social Status,Medium
117091818801657832,"While crash diets may initially result in rapid weight loss, the restrictive nature of these diets can have detrimental effects on the body's metabolism and overall health. https:// lttr.ai/At7CJ # Anxiety # BloodPressure # WeightLoss # CausingEmotionalDistress",,2026-08-14 03:49:24.051000+00:00,Yes,Appearance,Medium
117085795043378418,"The Open Gate The early morning is still dark when my hound and I arrive at the dog park. Almost immediately, there is a flash of white, and suddenly chaos ensues. A cat is trapped inside the smaller of the two fenced-in areas. Even though a chain-link fence separates the two, both animals instantly go into a frenzy. My hound begins howling, while the terrified cat races back and forth, careening into the fence as it desperately searches for a way out. I try to help it escape, all to the loud dismay of my hound, but the cat is too frightened to understand what I am doing. After crashing into the fence several times, it finally collapses low into the grass and simply lies there. I keep my distance, unsure whether it may be injured or sick. Eventually, I leave the gates open and manage to pull my thoroughly over-hyped hunter away from the scene, fighting against everything years of breeding and evolution have taught her to do. It takes most of the morning at home—and then a return trip to the now-empty dog park, where she follows one scent trail after another—before she finally begins to calm down. Needless to say, it was not the most ideal way to start my day. I, too, needed some time before I could let the chaos of the morning fade away. And perhaps that was the first lesson. There are some things that are better left alone. That sounds simple enough, but I am not especially good at it. Neither, apparently, is my hound. Once she caught the scent, something ancient took over. The world became very small. There was no longer a dog park, no morning, no leash, no person calling her name. There was only the cat. I wonder how often I live that way. Something catches my attention—a problem, a slight, a fear, an argument, a worry, some unfinished thing—and suddenly the whole world narrows around it. I circle it. I howl at it. I follow its scent long after the thing itself has disappeared. There are habits in us that are older than our intentions. The hound was not making a philosophical decision to terrorize a cat. She was doing what generations of hounds had prepared her to do. Her body knew before her mind could know. Human beings are not so different. We carry instincts of our own: to defend ourselves, to retaliate, to prove ourselves right, to pursue what frightens us, to hold tightly to what we think belongs to us. Sometimes we call these things personality. Sometimes, principle. Sometimes even righteousness. But occasionally, they are simply old instincts running loose. The spiritual life may involve learning that not everything within us deserves obedience. Paul wrote about taking thoughts captive. Jesus spoke repeatedly of watching, waking, remaining alert. Perhaps part of discipleship is noticing the moment when something inside us begins to run. There is a hound within me, too. There are things I chase simply because they moved. There are arguments that do not need another reply. There are offenses that do not need another inspection. There are anxieties whose scent I follow until I have wandered miles from peace. Sometimes, faithfulness means pursuit. Sometimes, faithfulness means calling the hound home. But there was another creature in the story. The cat. The more frightened it became, the harder it tried to escape. And the harder it tried to escape, the more violently it crashed into the fence. There was probably an opening somewhere. I had opened gates. I was trying to make a way. But fear could not see the opening. Fear only saw the threat. So the cat ran harder. I know something about that, too. There are moments when I become frightened enough that I begin throwing myself against whatever boundary happens to be nearest. I want out of the discomfort immediately. I want the problem solved now. I want certainty restored. And sometimes, in trying so desperately to escape, I hurt myself against the very thing I am trying to get through. The Psalmist says, “Be still, and know that I am God.” We often print those words on peaceful photographs of mountains and lakes. But perhaps they belong just as much on a chain-link fence. Be still. Not because there is no danger. Not because everything is fine. But because panic is not always capable of recognizing an opening. There are times when running is necessary. And there are times when running harder only drives us deeper into the fence. Eventually, the cat did something remarkable. It stopped. It lowered itself into the grass and became almost completely still. At first, I thought it might be injured. Perhaps it was. But there was also something strangely wise about that surrender. When every frantic attempt had failed, the animal finally quit fighting the entire world. Sometimes, this is where grace begins. Not when we finally overpower the situation. But when we stop exhausting ourselves against it. “Come to me,” Jesus says, “all you who are weary and carrying heavy burdens.” Not: figure everything out. Not: run faster. Not: break the fence. Come. Rest. There is perhaps a third lesson as well, and it concerns my own place in the drama. I could not make either animal understand what I was trying to do. The cat could not understand that I was trying to help it. The hound could not understand why I was preventing her from doing the one thing that seemed most important in the universe. From their perspectives, I was probably interfering with both of them. Yet I could see something neither could see. I could see the whole enclosure. I could see the gates. I could see the fence. I could see the danger. I could see the way out. That thought has stayed with me. Perhaps there are moments when God seems strangely obstructive because God sees the whole enclosure. We pull toward something, and the leash tightens. We run toward an opening and somehow find ourselves redirected. We pray for one thing and receive another. From inside our frightened or excited little worlds, divine restraint can feel like abandonment or interference. But perhaps the One holding us back can see something we can’t. The old prayer says, Your will be done. There are days when that prayer may simply mean: God, if I am chasing something I should leave alone, pull me back. If I am panicking against a fence, help me become still enough to see the gate. And if I can’t understand what you are doing, help me trust that you see more of the field than I do. By the time my hound and I returned to the dog park later that morning, the cat was gone. Only the scent remained. Naturally, the hound investigated every inch of it. She ran from fence to fence, nose down, reconstructing the entire drama from invisible traces. Eventually, even those grew faint. Her breathing slowed. Her body loosened. The morning became a morning again. Perhaps that is grace too. The thing that once filled the entire world eventually becomes only a fading scent in the grass. The crisis passes. The fear fades. The instinct quiets. What seemed moments earlier to demand every ounce of our attention becomes simply one more thing that happened. And somewhere between the hound and the cat, I recognize myself. Sometimes, I am the pursuer. Sometimes, I am the pursued. Sometimes, I chase things better left alone. Sometimes, I run terrified into fences that can never possibly become doors. The difficult wisdom is learning which is which. Perhaps this is why the spiritual life requires so much attention. To know when to pursue. To know when to stop. To know when to run. To know when to lie quietly in the grass. To know when the leash pulling against us is not punishment but mercy. And above all, to remember that somewhere beyond the frenzy there may already be an open gate we are simply too frightened—or too excited—to see. Prayer God of the open gate, When I chase what I should release, call me home. When old instincts rise in me—fear, anger, pride, the need to be right—teach me that not every impulse deserves obedience. When I am frightened and cannot see a way forward, keep me from throwing myself again and again against the same fence. Slow my breathing. Quiet my spirit. Help me become still enough to notice the opening I could not see before. Give me wisdom to know when to pursue and when to stop, when to act and when to wait, when to hold on and when to let go. And when your restraint feels like a leash pulling against everything I want, give me enough trust to believe that you may see more of the field than I do. Make me gentle with frightened creatures, including the frightened places within myself. Let the things that consume me today become, in time, only a fading scent in the grass. And when chaos narrows my world, remind me that beyond the fence there is still a morning, still a horizon, still grace, and perhaps an open gate I have not yet learned to see. Amen. Anxiety beStillAndKnow cat ChristianReflection Discipleship divineGuidance dogPark Fear FindingPeace Grace hound instinct lessonsFromAnimals LettingGo Mercy openGate Prayer spiritualLessons SpiritualReflection TrustInGod",,2026-08-13 02:17:28+00:00,Yes,Appearance,High
117077317595325903,Nothing but unemployment has caused me this level of anxiety before. Savings have started to go down and there's no clear way anytime soon to reach my goal and flee # Venezuela so that I can be openly trans. I got a tick in the eye now. # rant # lgbt # queer # trans # anxiety # economics # unemployment,,2026-08-11 14:21:28+00:00,Yes,Social Status,Medium
117071374157280149,How to feel optimistic in the face of crisis? Ask the kids fighting slug-like aliens | Alexander Hurst By Alexander Hurst The Animorphs books taught my generation about digging deep in the face of an existential threat. We need that spirit now more than ever theguardian.com/commentisfree/ 2026/aug/10/animorphs-books-tv-series-optimism-catastrophe # Childrensfantasybookschildrensandteens # Generationalinequality # Climatecrisis # Wildfires # Drought # Europe # Worldnews # Anxiety # Television # Culture # Books # Film # Childrenandteenagers # TheGuardian # AlexanderHurst,,2026-08-10 13:10:02+00:00,Yes,Appearance,Medium
117055230377700177,I am in a tizzy about work at the moment. Changing jobs is never easy and I am talking myself away from a ledge that's about to become a panic attack. Having anxiety is a real hard thing. # mentalhealth # anxiety,@ housepanther You'll be fine. It's always stressful with a new job.,2026-08-07 16:44:28+00:00,Yes,Social Status,Medium
117031372065991899,"A Cure for What Ails Us? I have been reflecting lately on the peculiar sickness of modern life, and I have a theory which, stated somewhat like a math problem, is this: modern society (entailing economic, social, and labor practices) plus postmodern media (including communication technology, news consumption, and competing truth claims) leads to a kind of sickness. And the treatment for that sickness may be following Jesus through the historic practices of the Church. My basic argument is this: for thousands of years, human beings lived in certain ways. Whether by divine design, adaptation, or some combination of the two, human bodies, minds, and spirits were set up for success while living a certain kind of life. People lived off to the land. They lived near extended family. Most people spent their lives in relatively small communities, surrounded by people they knew and who knew them. Work was physical and tangible. Information traveled slowly. The problems people encountered were usually nearby, visible, and connected to people who could actually help or be helped. This was by no means a perfect system, for pre-modern life contained many ills (physical and social). But this is the kind of the life that human bodies were prepared to live. In the past 200-ish years, however, the technology of the Industrial Revolution and the development of (post) modern culture have placed enormous stress on that kind of life. Obviously, modernity brought with it a great many positive changes. It is easier to obtain food, clothing, medicine, and shelter now than at almost any other point in human history. Infant mortality has declined. Travel is easier. Communication is faster. Many forms of work are safer and less physically destructive. These are real goods, real ways in which human beings have flourished in ways never before seen, and such goods should not be dismissed. But along with those good changes came new stressors. People became more mobile. Families became more scattered. Communities became less stable. Work became increasingly detached from the production of visible and tangible things. People became more reliant on systems and technologies that few of us understand and none of us can control. Almost no one practices subsistence living anymore, which means that nearly everything we need comes to us through a complicated network of strangers, corporations, machines, and institutions. And for the past couple hundred years (less time in many places), as people adapted to modernism, human beings did their best to adjust. Many things worked reasonably well. We developed institutions, customs, and social practices that helped people endure the disruptions of modern life. But despite our best efforts, cracks began to form in the human experience. And as more and more research and lived experience attest, what seems to have shattered our humanity was the addition of postmodern media. It was already difficult for human beings to carry the stresses of modernity. Then we placed in nearly every pocket a device that provides constant access to nearly every crisis, argument, tragedy, advertisement, opinion, and temptation in the world. We are constantly connected, yet often deeply lonely. We possess unprecedented access to information but are less certain about what is true. We know what is happening across the globe almost instantly, while frequently knowing very little about the lives of the people who live next door. Our minds were not made to carry every tragedy. Our hearts were not made to process the suffering of the entire world before breakfast. Our identities were not made to be continually displayed, evaluated, marketed, and compared. Yet this is increasingly what we ask of ourselves every day. So what is the cure? Some might argue for a rejection of modernism. We might call this an Amish response: separate from the technologies and systems that deform human life. Others might argue for some form of the Benedict Option, in which Christians build durable communities and institutions while waiting for the present cultural disorder to pass. And I must admit that there are plenty of times when both of these seem like very appropriate responses to the ills of the current age. My proposal, however, is a little different, and it goes something like this: the historic practices of the Church of Jesus Christ—specifically communion, baptism, and the penitential cycle—provide the way forward. (Not accidentally, these are essentially the three things Martin Luther—who is often credited, or blamed, for contributing to the rise of modernism—suggested were necessary for the life of the Church.) Communion requires deep introspection and life in community. You cannot receive communion entirely alone. You need life with other people. You need to gather around a table. You need to confess your sins, reconcile with your neighbors, receive the gifts of God, and remember that you belong to a body larger than yourself. Communion teaches us that we are not merely individuals consuming religious content. We are members of one another. We share one bread. We receive one Lord. We are brought into communion not only with God, but with the people standing beside us. Baptism is historically a sign of entering into God’s family. It marks a person as belonging to Christ and to his people. But baptism has also historically been connected to deep formation in Scripture and theology. The early Church did not treat baptism as a passing religious moment. It was surrounded by teaching, preparation, examination, and a reordering of life. We desperately need that kind of depth today. We must move beyond surface-level interactions shaped by postmodern media. We must dig deep and drink from wells that take longer than fifteen seconds to hear, understand, and digest. We need Scripture slowly read, theology carefully learned, prayers repeatedly prayed, and truths practiced long enough to reshape our instincts. Then there is the penitential cycle : confession, repentance, forgiveness, and restoration. The practice of confession is not simply something a priest holds over your head. Properly understood, it is a practice of introspection, conversation, truth-telling, and repentance. We deeply need these things today. We need places where we can speak honestly about the ways we have failed. We need people who will tell us the truth without discarding us. We need the opportunity to repent, receive forgiveness, make amends, and begin again. Therapy, at its best, often offers a sanitized version of some of these practices: careful listening, honest self-examination, naming destructive patterns, and seeking a healthier way forward. These can be genuine gifts. But the Church’s penitential tradition goes further. It does not merely help us understand ourselves. It places us before God, names sin as sin, announces forgiveness, and calls us into new life. ***** That is my diagnosis of this strange math problem. Modern society plus postmodern media has produced a sickness that cannot be solved merely by better technology, more information, increased efficiency, or improved self-care. The solution is actually practices which are much older. We lean back into the historic practices of the Church of Jesus Christ. We gather around the table. We remember our baptism. We confess our sins. We receive forgiveness. We read slowly, pray deeply, and share life with actual people in actual places. Will it be enough? I hold this theory lightly. The problems of modern life are complicated, and the practices of the Church are not easy techniques or quick fixes. They are gifts, and they require patience, faithfulness, and time. Still, I wonder whether the ancient practices of the Church might be precisely the medicine our modern souls have forgotten how to receive. Shall we return? Anxiety Baptism Beauty ChristianityAndCulture Communion Confession Connection Culture FaithAndReason Goodness History HistoryOfChristianity MartinLuther Modernism Modernity PenitentialCycle Postmodernism PreModernWorld Technology",,2026-08-03 11:37:00+00:00,Yes,Social Status,Medium
117016384887939712,"Students are anxious – and it’s no surprise, since we are teaching them to be that way https:// theconversation.com/students-a re-anxious-and-its-no-surprise-since-we-are-teaching-them-to-be-that-way-285575 > Whether students feel pressure to get good grades or keep up with classmates, the anxiety this effort produces can have long-term effects on their brains. # student # education # anxiety",,2026-07-31 20:05:33.871000+00:00,Yes,Education,Medium
117012473520251513,"Not the one who remembers appointments, pays bills, answers messages, changes sheets, earns money, makes dinner, organises birthdays, and keeps life moving. https:// lttr.ai/AtobS # HealthCentreNZ # Anxiety # Brain # WomensHealth # SolvingScheduleProblems",,2026-07-31 03:30:51.132000+00:00,Yes,Social Status,Medium
117009410701870035,I need to relax and believe my boss when he says I'm not going anywhere. I don't think I can take the panic much more. We had a network hiccup that severed my communication (teams and such) and I immediately looked at my phone waiting for it to ring. I used to work in IT and no that switching off accounts starting communication channels is timed to go with the trip to HR so people can't send any company-wide messages. It wasn't just me and everything reset after about 5 minutes. # Anxiety # Work # CapitalismSucks,@ wulfric All of those hashtags are so real. Let's add # corporatetrauma too!,2026-07-30 14:31:52+00:00,Yes,Social Status,Medium
116989699530531968,"Factory work I recently did some volunteer work — a two-and-a-half-hour shift where a mix of volunteers and staff sorted food, diapers, feminine products, and other basic necessities, preparing them for drop-off or pick-up. My job was to pack 16 to 18 diapers (depending on the size) into plastic shopping bags. At first, I had a few partners, so I related to them how when I was about 19, I had a job at a factory working the 6 p.m.-6 a.m. shift, preparing and boxing up what was then a new product called Dryel, an at-home dry-cleaning system. We filled orders that would go out to test the marketplace to see how consumers would respond to this potential new product. Dryel still exists, so it must have worked out. With Dryel, I had various jobs on the factory line, one of which was taping boxes, another sorting absorbent squares into stacks after a machine cut them from what looked like a ten-foot-tall roll of toilet paper into squares the size of… individual toilet paper squares. Packing diapers reminded me of that job, I told my diaper crew. And not just because of the toilet paper/diaper association, but because of the endlessly repetitive factory part of it, I said, complaining already about the grueling work I’d volunteered for. I didn’t tell them about some of the people I’d met in that job: a guy from the Deep South who once, during a fifteen-minute break, announced, apropos of nothing, “I believe in black magic and white magic;” another, a Vietnam vet, told a story of some men in his platoon who killed their own platoon leader after he ordered them on a mission they believed would lead to certain death — a not uncommon occurrence during Vietnam, he said. During these Dryel days, I was home for the summer from college where I’d taken a course on political ideologies of the world. There had been a chapter or two on communism and Karl Marx and this idea that through capitalism, man is often so removed from his labor that he feels alienated and adrift in work that seems not his own. A friend of mine from high school worked with me at the Dryel-packing factory, studied the same ideologies, and so sometimes we would write on the back of a Dryel pad, “Workers of the world unite, you have nothing to lose but your chains,” And then we would ship it off to who knows where — we were too alienated to know or care. In any case, the revolution never arrived, unless you count the dry-cleaning revolution. Thinking better than to share this level of detail with my fellow volunteers, I asked them, “What was your first job, or if not your first job, a fun job, or a terrible job — something that sticks out in your memory?” But as I was talking, I kept losing count of the diapers, and I think they did too, because none of them seemed eager to share. Maybe we all just wanted to pack the diapers and get on with our lives, finish our shifts and go home. The worst part of diaper factory work like this, I began to think, must be the inability to hold words and numbers in your head simultaneously, so that both your body and some small part of your mind has to be engaged with work you aren’t enjoying, yet you’re unable to let your body do the work while taking your mind someplace else. I suppose I felt somewhat alienated from the work, but what I wanted was to be entirely lobotomized from it. Eventually synchronized to the steady sound of plastic bags crinkling as orders were filled, knotted, and piled in stacks corresponding to diaper sizes. After a while, it dawned on me that there was a certain cyclical pointlessness to the effort, since all of it was ultimately destined for the landfill after the babies inevitably sent the diapers to their doom. Soon, most of the diaper packing crew was reassigned — possibly to their delight — to do other jobs, packing groceries such as garlic and tomatoes and baby food for the eventual filling of the diapers. The staffers asked us if we would like to switch to these new jobs, but I was now almost happy being unhappy packing the diapers. It was a task I’d quickly grown to know well — a familiar suffering I was reluctant to give up. And so I kept my head down as the others departed for new roles. I recently had a kind of near nervous breakdown triggered by my real job. The symptoms were severe anxiety and depression, occasional weeping that went on for a few days, consideration of resignation, the sale of everything I own, and a move to Mexico to live more cheaply on a beach in my camper. Nothing too radical. Mere weeks later it seems a distant memory. I’ve upped a medication, begun therapy again, taken steps to try to ensure it won’t repeat, but all you can do is try, there’s no guarantee. Not long after that episode, I made a list of about a dozen things I wanted to do differently in my life. One was to volunteer more, and another was to try bouldering. This is an activity where you go to a big warehouse style gym and try to climb fake mountains. There’s no rope, but you never get higher than about 15 feet, and if you fall, you fall onto a 3-foot thick foam mat. Still, I’ve been bouldering a few times now, and the falling part is scary, but I’ve found that the fear of the falling makes me try harder. So I’ve been getting a great workout, and I was so bored with my usual exercise routine that I’d been skipping it. It’s been great to mix things up with a little fear. In the meantime, I’m still showing up for my shift. adulting anxiety depression employment factoryWork Humor jobs life work writing",,2026-07-27 02:59:07+00:00,Yes,Social Status,Medium
116987140283991173,"I hate when my anxiety meds don't work, because then I'm anxious about the thing I was anxious about but also now I'm anxious about the idea that my meds might never work again. # MentalHealth # MentalIllness # ocd # Anxiety",,2026-07-26 16:08:15+00:00,Yes,Social Status,Medium
116985961868773598,"The letter Good morning (or whatever time of the day it is for you) reader. Hope you doing great. Last night around 9pm I got a digital copy of my letter from the HUS psychiatry. I would not say its neccesarily bad, but it upsetting me. So much time and effort and still no result. I need to meet this doctor or whoever ms maam is in the hyrylä health center who I already seen twice, and now I probably have to go back to her again bc she didnt do any blood tests requests or anything. Im frustrated to the core bc im sure shes freshly out of school and Im her lab rat of studying. So back to circle one again. She will call, the health center send my appointment sms to my old phone number (updated to the new at least 4 times already), months pass by, then the day of appointmenr ms maam call me on the right number asking where the hell I am? So I tell her that I didnt got a single sms then she checks and then finally the sms come to the right place, then i wait… then I go to the appointment stressed out bc I know it will be the same as the previous 2 was… She dont understand me, she force the ssri, she watch me with wide empty eyes, I cry from frustration that my needs and words are being ignored, I leave and wait to get the same letter again… She told me the last time, that she think Im depressed. YES MS MAAM I AM! But not in a clinical way you mean that require all kinds of numbing chemical. Im depressed bc I moved to this country that keep failing me, I try to integrate, I study the language, I try to improve my life but i run into walls about therapy, and relationshow wise too, I run the same fucking circles, I run into people being asshole to me bc Im a foreigner and bc Im not native fluent level in finnish in about 15months of studying, and I cant just run away bc I burnt the bridges behind me and I dont have rich mommy or daddy who wait me in a home. I HAVE NOBODY AND NO HOME TO RETURN TO! Im stuck in this country with a dismissive avoidant man who not touched me in a year now, who drinks daily and triggers my childhood traumas, and the only fucking thing that helped me feel like a person again was my therapist and the therapy I had with her…. its just been on hold for a year now… yes depressed bc my life goes nowhere. There is a difference between finding myself in extreme shit in the past 6 years and not finding the way out+insane amount of trauma waiting to be processed or discussed so I understand why things happened the way they did vs being depressed in a classic way. Whatever…. now its again the patience game. I taking my little 5htp so I sleep better and the theanine that tastes like a bloody roadkill after a week of heatwave rotting…. But at least I feel like a human from those. I still have nobody to talk with or who would emotionally validate me or help me dump my old shit, but I guess thats fine. After all, since I can remember it was always me vs the world. I dealt with everything all alone always so I will deal with it again. If I get money I will try to get appointments time to time with my therapist and manage my shit my own way. Finland kinda failed me again. THAT IS DEPRESSING! anxiety blog bpd childhood demotivation finland healing health healthanxiety help helpme life love medical mentalHealth mentalhealth mielenterveys misery psykiatria psykologia ptsd struggles suomi terapia therapy toxic trauma update writing",,2026-07-26 11:08:35+00:00,Yes,Education,Medium
116980511040724718,"Mental Hygiene in a Violent Culture: A Holistic View of Media Conditioning In a world saturated by screens, we’ve grown increasingly comfortable with fiction and disturbingly detached from reality. Hollywood and the broader entertainment industry have mastered the art of storytelling. But in doing so, they’ve also shaped belief systems, numbed emotional sensitivity, and altered the way people perceive violence, trauma, and even the value of life itself. Television and film often depict firearms and violence with dramatic flair. Police officers re-holster their weapons carelessly, never checking to see if clothing or gear might catch the trigger, something that, in real life, could end in a tragic accident. Striker-fired firearms are shown making mechanical “cocking” sounds they don’t make. Characters rack their slides as if they didn’t already have a round chambered, an absurd notion in any tactical reality. These stylistic choices aren’t just errors; they are illusions that condition audiences, especially those with no firsthand experience, to misunderstand basic truths about safety, readiness, and consequences. These aren’t just cinematic tropes. They are forms of social psychological conditioning. It doesn’t stop at guns. In the world of TV and movies, violence is almost romanticized. Characters get shot multiple times and continue fighting as if pain and blood loss were minor inconveniences. Others are beaten senseless, only to rally with a defiant quip. No one suffers hearing damage from repeated gunfire in enclosed spaces. No one shows the tremors, the dissociation, or the collapse that often follows real trauma. Instead, they move on, undamaged, both physically and emotionally. And therein lies one of the most disturbing consequences of modern media: Desensitization . We’ve reached a point where viewers can witness a character suffering what would be a fatal injury in real life and feel nothing. Not because they’re cold-hearted, but because the medium has trained them not to feel. Life on screen resets with the next episode. A person shot or killed vanishes into the storyline with little more than a dramatic soundtrack and a fade to black. But in real life, death doesn’t come and go that easily. When someone dies, whether it’s a law enforcement officer, a civilian, or even someone who committed a crime, a ripple effect spreads. Families grieve. Communities are shaken. Colleagues carry guilt and trauma. Witnesses replay events in their minds for years. The emotional, spiritual, and psychological consequences last long after the physical event has ended. Hollywood doesn’t show this. It rarely shows the tears of a mother, the PTSD of a survivor, the hollow silence in a family’s home. It doesn’t explore the real-life breakdowns, the isolation, or the long path of emotional recovery. And so, people lose touch, not just with how trauma actually works, but with the value of life itself. This disconnection is one of the greatest threats to modern wellness. Because true wellness is not just physical, it’s emotional, mental, and moral. It means feeling deeply. It means recognizing the weight of a life, even a fictional one. It means resisting the urge to become numb just because society finds comfort in distraction. We are witnessing a cultural side effect of prolonged exposure to stylized violence: a loss of reverence for human life. It’s not enough to simply say “it’s just entertainment.” When entertainment becomes education, as it so often does, we must question what we are being taught. And what we are unconsciously absorbing. This is where social psychology and holistic wellness intersect. We are not just bodies reacting to the world. We are minds and hearts shaped by it. When the culture around us numbs our response to suffering, we lose our connection to empathy, discernment, and truth. Holistic health isn’t just about food, exercise, or stress. It’s about awareness. Emotional, mental, spiritual. It’s the ability to stay awake in a world that lulls us to sleep through entertainment. It’s seeing through the illusion, and reclaiming our human response to life, death, and everything in between. So let’s start noticing what we’re being shown. Let’s teach our young people that not everything on screen is real or right. Let’s cultivate empathy, emotional intelligence, and the courage to feel deeply in a culture that tells us to feel nothing. We must reconnect as holistic practitioners, wellness seekers, and aware human beings. We must pull back from the illusion and sit in the truth: trauma is not glamorous. Violence is not clean. Death, no matter whose it is, is not an empty plot device. So, let’s start by protecting not just our bodies, but our minds and hearts. Let’s choose awareness over apathy, and discernment over blind acceptance. Let’s challenge the stories we’re fed and hold space for the reality they often ignore. Because if we don’t, we risk becoming a society that feels nothing when life is lost. And that, more than any special effect, is the real tragedy. I look forward to further sharing more of my message by partnering with hospitals, wellness centers, VA centers, schools on all levels, businesses, and individuals who see the value in building a stronger nation through building a healthier population. I also have hundreds of FREE education video classes, lectures, and seminars available on my YouTube channel at: Many of my publications can be found on Amazon at: My holistic health blog is available at: Mind and Body Exercises on Google: Jim Moltzan 407-234-0119 anxiety chronicPain depression healthCare martialArtsCenterForHealth osteoporosis ParkinsonsDisease PTSD Qigong stressManagement TaiChi WinterParkTaiChi yoga",,2026-07-25 12:00:00+00:00,Yes,Education,Medium
116974272326731240,"disabilitynewsservice.com/mcfa dden-and-alexander-keep-their-jobs-but-burnham-replaces-social-care-ministers/ . ""Several senior ministers who will play key roles in # disability # policy over the next few months have kept their # jobs under new [PM] Andy # Burnham . Burnham’s # decision to keep Pat McFadden in post as work & pensions secretary caused particular # anxiety & concern among many # disabled # activists . McFadden has been closely associated with the push to increase pressure on disabled people to work, including those with significant levels of # mental # distress .""",,2026-07-24 09:35:47.179000+00:00,Yes,Social Status,Medium
116972777150472179,"Soon, the person may be gambling with money meant for food, rent, bills, transport, savings, debt repayments, or family needs. https:// lttr.ai/AtcPE # ClearLine # HealthCentreNZ # Anxiety # Addiction # BoringBankAccount # MajorWarningSign # ClearestWarningSigns",,2026-07-24 03:15:32.599000+00:00,Yes,Social Status,Medium
116947799190903034,"Available on my Pastebin: WRITTEN 2026-07-19 04:12 ABOUT LYRICA / PREGABALIN, AND BUSPIRONE Did some more research into Lyrica / Pregabalin and notably people's experience with it. It is a much more ""severe"" medication than what I am used to, made to treat epilepsy or neural disorder related pain, which also happens to work will with anxiety disorders. Side effect listed as ""frequent"" are things related to brain fog, memory loss, that kind of things. Things that I'm already struggling with and indeed, reading experiences from people taking the drug, these issues seems to be intense and recurring ones. On the other hand, Buspirone seems much lighter and is specialized for anxiety. The side effects are noticeably more mild. My psychiatrist was uneasy about it because he doesn't know it well. Reading further about the experience of anxious people with this medication, a lot of people seem to swear by it. Giving no dependency issues, it can also be stopped on a whim, at any point, which is a huge plus for long term. Both medication needs to be taken multiple times a day. That was discouraging news the first time around, which made me go with Prozac... it made my insomnias considerably worse. A fedi exchange with the ever helpful @ SleepyCatten and what my psychiatrist said convinced me to go with Lyrica / Pregabalin, despite my initial reservations on it. However, having done more digging into it sent me back to my initial position if being put off by it, as it seems to be a really intense piece of medication. I'm going to push for trying Buspirone. We'll see what it does to me, adjust the dosage for a while and in a few months, if it doesn't work, then we'll go for the heavy weaponry that is Lyrica / Pregabalin. I struggle to think enough as it is, I'm not willing to add a drug who's one of the ""frequent"" side effect literally is fucking ""amnesia"" and may or may not have link to dementia to it unless I'm desperate and out of options. I am desperate, but not quite out of options. ABOUT PROZAC So, last time I saw my psychiatrist, I proposed Buspirone and ended up on Prozac. If I'm being honest, I didn't really tried to make it work. I accepted it begrudgingly but it was exactly what I didn't want coming into this session: Another SSRI. Something that was going to treat depression and not focus on anxiety which is what I really to treat. So when it made my insomnias noticeably worse, I was far from being broken up about giving it up. I will say this to my defense: Prozac in the way I was taking it was to be disolved in water and it was absolutely horrible for me to take it, my weird sense of taste would reject the shit out of it and I threw up once while taking it. Per the notice, it can also be swallowed but that was barely an improvement. FURTHER NOTES ABOUT BUSPIRONE Reading more about it, it seems to be exactly what I've been looking for, at least on paper. Nitsa really hit the nail on the head on that one. Her puppy nose is something else. Basically: It acts as a low-level anti-anxiety medication that does what Xanax does but milder, however constantly. It needs to be taken at regular intervals, multiple times a day (two or three times a day). It is apparently tricky to get the dosage right, it may take some effort and adjustment. As a point of reference, I can use Xanax. 0.25mg didn't much for me, however, the 0.5mg dose I take is quite effective, however it often comes at the costs of knocking me out a bit, slowing me down quite intensely and tiring me. That's desirable for me with Xanax, if I take it, I'm close to a panic attack, something like that, and the intense calming effect helps a lot. However, I wouldn't be able to live with these effects constantly. There is a lot more room for adjustment with Buspirone, as it's much more tame. It can cause brain fog issues as well, all though, not as severe as what I'd get with Lyrica. People have mixed reports. Ultimately, like any medication of this type, it's hard to predict what will or won't happen. All of this is quite scary, honestly. Side effects and so on but, I can't stay like this. Being what I want, this will treat anxiety and only anxiety. This seemingly has no real impact on depression. And I'm still chronically depressed. I'm thinking ""one thing at a time"" in this case. Being depressed sucks but right now, it's being constantly terrified that is making my life impossible to live, if I can reduce that, we'll see what to do about what remains. ADHD TREATMENT? Looking at Buspirone threads on Reddit notably, I found someone mentionning that what helped them in the end is ADHD medication. Which is a theory I've had for a while, that if I could get my ADHD in check, it would mean having my brained slowed down a bit and therefore, the constant racing anxiety slowed down as well. It could be an option I could consider if all else fails? I've been debating medicating my ADHD for a while now, it could hit two targets with one shot. XANAX I need to ask my psychiatrist for some more Xanax. I'm at the end of my one box. Even if I end up taking something else on the side, it's been a reliable friend in my toolbox, I'd feel safer having some as a backup. FINAL THOUGHTS Hopefully he'll be up to try Buspirone. I want to try my best to make it work. His approach being so ""hands off"", of just asking me how I'm doing in the beginning of a session, not really seeking to dig into my symptoms and almost kinda letting me do his job for him is not my favorite, at all. It doesn't allow me to connect with him. But it's what I have, so that's what I'm doing. Hence why I'm basically trying to find my own treatments and solutions. I just go to him to have someone looking over my shoulder, making sure I'm not doing something stupid. I have mixed feelings about the process, however, it does help me feel a bit more in control than I used to, where before that, we would just be throwing shit at the wall and seeing what sticks. It's still the case, but this time, I'm choosing and studying the shit that I'm throwing to increase my chance of it sticking. It's a mixed bag. But I'll take it. Glass half full. # mentalhealth # anxiety # generalizedanxietydisorder # anxietydisorder # gad # depression",,2026-07-19 17:23:17+00:00,Yes,Social Status,Medium
116933602005694975,"Taking salsa classes can improve mental health, Oxford study suggests theguardian.com/society/2026/j ul/17/salsa-classes-improve-mental-health-oxford-study-depression-anxiety # MentalHealth # Health # Dance # Anxiety # UniversityOfOxford # Depression # UkNews",,2026-07-17 05:12:42+00:00,Yes,Education,Medium
116933591413036111,"Taking salsa classes can improve mental health, Oxford study suggests By Anna Bawden Health and social affairs correspondent Researchers find dance reduced depressive symptoms and social anxiety in young people in eight-week trial theguardian.com/society/2026/j ul/17/salsa-classes-improve-mental-health-oxford-study-depression-anxiety # Mentalhealth # Health # Dance # Anxiety # UniversityofOxford # Depression # UKnews # TheGuardian # AnnaBawdenHealth # socialaffairscorrespondent",,2026-07-17 05:10:04+00:00,Yes,Education,Medium
116928703405410471,"I am 56. I live in the # UK . After the latest government pronouncement on the # retirement ago going up to 68 in 2036 I fully expect to be working when I am 70. I have in no particular order. # ADHD , # T2Diabetes , # depression # anxiety and # HighBloodPressure . Both my grandmothers had brain fucking tumors. Both my grandfathers were killed by strokes as was my father. I come from a small rural village. I am in the shallow end of the gene pool. I fully expect to die as the result a stroke or brain tumor. I saw the effects of the tumors on my grandmothers. I will take a one way trip to Switzerland if that happens to me as I don't want my wife dealing with me literally losing what is left of my mind like that. The government is further restricting my right to claim # welfare benefits for my ADHD, depression and anxiety as it wants to reduce the spending on welfare that enables people to live good lives. The governement is doing this so it can give tax breaks to # billionaires , build # datacenters everywhere and fund increased spending on the # military to fight in # wars that no one wants. I am a # FrontEndDeveloper . I have been doing this job for 30 years. I remained a coder as I don't want to be a # manager . I am an # anarchist and having to order people around is anathema to me. I am going to be made completely obsolete by so called ""AI"" any day now. The massive multinational company that I work for now says that the experience of its tens of thousands of developers is not as valuable to the company as it once was. Instead its value is in suite of AI tools and products. People just won't have to write Front End code soon. Its a ""solved"" problem apparently. So I won't have a well paid job, or a job at all. I won't be able to claim benefits for the debilitating mental and physical health conditions I have. I am highly likely to be affected by severe medical conditions leading to my ultimate demise. Neither my wife or I will receive a big windfall when our parents pass away. Our parents don't have that kind of money or property and what they have will be split between our brothers. I will have to keep working as I have a mortgage to pay. The only hope is a lottery ticket. The odds of that are the same as getting hit by lightening twice. My parents and my wife's parents have had long and relatively worry free retirements. My parents grew up with socialist governments in the UK and strong unions. My father worked as a highly skilled machinist in the defense sector for his entire working life. My mother did ""pin-money"" jobs. My had to sell his parents home to pay for their parents nursing home and it wasn't worth much. My mother was luckier as she could split the money from her parents home with her sister as her parents both died relatively quickly and didn't end up in nursing homes. My wife's parents emigrated to Canada and were able to carve out a good living there with enough money to provide for their retirement. They still claim their UK pension as they paid enough NI before they emigrated. I am sure if my wife's parents had taken union jobs in Canada they would have been better off. They wouldn't do that as they are tories. I didn't vote for my retirement to be worse than my parents and grandparents. I didn't vote for ever increased fossil fuel consumption. I didn't vote for the sixth mass extinction. I didn't vote for foreign wars. I didn't vote for billionaires. I didn't vote for unions being hamstrung. I didn't vote for neo-liberal economics. I didn't vote for the demolition of the NHS. I didn't vote for datacenters. I didn't vote for AI. I didn't vote for Palentir. I will never vote for any of those either. I don't think many people would vote for any of those things. People have been manipulated into voting against their best interests by the media for as long as there has been votes and media. People have been manipulated into ""popular support"" for the ruling class for millennia. Manipulation is just another more subtle form of violence as you are being forced into believing something you would not otherwise believe. Increasingly it doesn't matter what you vote for. You get the what ever the ruling class force upon you anyway. The UK Labour Party have a huge parliamentary majority and mandate to implement socialist reforms. We get neo-liberalism, datacenters and wars. Trump promised ""no more wars"" and ""cheap food"". That isn't going well for the USA. My wife and I am going to have a poor, miserable retirement thanks to these bastards. So will practically everyone in Britain and the old Imperial Core of Europe and the USA. Our lives will get worse and worse as we get older. We know from our parents and grandparents that it could be so much better. I pity the generations after mine. I apologize to each one of you. I fucked up. We all fucked up. We fucked the planet too.",,2026-07-16 08:26:56+00:00,Yes,Social Status,Medium
116852716229953633,"It feels like time slowed down. Hi reader! How are you doing? I officially entered the finish line with the language school. Last 2 weeks is happening. Thanks to my bus schedule I didnt go to school as it sucks ass to come home. Today I had a teams day, and holy hell… I forgot how much I hate my teacher. Unskilled men with his stupid powerpoint and the “uummm katsotaaaannnnn…..hmmmm kuka….hmmm lukeaaaaaa minulle….hmmmmm” fucking jumpscare roulette… feels like being a hostage in his stupid power play… The man gives me a massive anxiety with this shit. I got it he love the power play, probably he have no words at home… but man… this sucks. Everytime I have a class or teams or any interaction with this person he take all my energy. Idk maybe hes a jinn or some turkish demon who feast on peoples energy and anxiety. Anyway he pulled the “important teacher” card today bugging me with my future plans which I have told and written to him at least 5-10times… Well I guess he just oopsie forgot it so he can act like he is so important and powerful once again. I wonder how it is his business what do I do after Im finally get out of this schools hostage. I hope I never ever in my life have to even see the C+ again. Anyway 6 workdays left. Im so excited about next friday. Exactly 12.45 I will block all my teachers starting with the energy demon firts in every possible place! Log out of my C+ teams and wilma and delete all school related stuff. It will feel amazing. I looking forward to do it. This is kind of a rage post tho, I not really found a single way how to cope with this man and his stuff so the hate and rage just boiling inside me most of the times. So I thought I will write it out. I just wish schools would check out their teachers more. Not letting people who is incompetent to be a mentor/teacher and teach in adult education. Whatever. Thats it for now. He took already a precious half year from me going to school and not learning anything just bc his existence gave me anxiety from the very first day. Good night world. anxiety blog diary finland life mentalHealth mentalhealth mielenterveys misery psykiatria psykologia school struggles suomi update",,2026-07-02 22:22:28+00:00,Yes,Education,Medium
116850750753504524,Providing children (and ourselves) with tools to manage anxiety is important. Our executive director Jennifer Fischer shares the books and tools that work for her family at Multicultural Kid Blogs. https:// multiculturalkidblogs.com/2024 /11/04/managing-anxiety-tools-and-books-that-work-for-my-family/ [ https:// multiculturalkidblogs.com/2024 /11/04/managing-anxiety-tools-and-books-that-work-for-my-family/ ] # Anxiety [ https:// hcommons.social/tags/Anxiety ] # MentalHealth [ https:// hcommons.social/tags…,,2026-07-02 14:02:33+00:00,Yes,Social Status,Medium
116850535968285973,"The Shapeshifter “Let your ‘Yes’ be yes and your ‘No,’ no.” — Matthew 5:37 Last night, before sleep, I found myself thinking about the way I change. Not always dramatically. Not always visibly. Sometimes it is a small shift in tone, a slight adjustment in posture, a revised sentence, a softened opinion, a joke added too quickly, a silence held too long. Sometimes I do not even know I have shifted until later, when I feel the ache of it. I have called this being sensitive. I have called it empathy. And I think that is partly true. There is a gift in being able to read a room. There is a gift in noticing the tremor beneath someone’s words, the disappointment beneath their politeness, the anger beneath their quietness, the plea beneath their criticism. Some people move through the world loudly, unaware of what their presence does to others. I do not usually have that problem. I notice. I absorb. I adjust. This can be love. It can be pastoral. It can be merciful. It can be wise. It can help me avoid needless harm. It can help me make room for others. It can help me speak peace into places where bluntness would only bruise. But there is another side. Sometimes I do not simply respond to what someone has actually said. I respond to what I believe they might be saying. I answer the accusation I imagine beneath their question. I apologize for the disappointment I think I see in their eyes. I defend myself against a criticism that has not yet fully arrived. I revise myself before I have even been asked to explain myself. And then I disappear a little. The shapeshifter survives, but the true self waits somewhere behind the curtain. This is where the gift becomes a burden. Empathy becomes prediction. Sensitivity becomes self-protection. Peacekeeping becomes evasion. Instead of staying present, I become fluid. Instead of saying, “What did you mean?” I silently assume. Instead of saying, “That hurt,” I swallow it. Instead of responding honestly in the moment, I retreat, rehearse, reinterpret, and let the thing fester. Then anger comes later. Not always because the other person was cruel. Sometimes because I abandoned myself too quickly. Sometimes because I changed shape before I knew whether change was required. Sometimes because I mistook someone else’s reaction for a commandment. There is a difference between being responsive and being ruled. There is a difference between empathy and erasure. There is a difference between humility and hiding. Maybe the work is not to stop being sensitive. I do not want to become hard, oblivious, or careless. I do not want to lose the part of me that can feel the emotional weather in a room. That part of me has helped me pastor, create, love, listen, and make peace. But perhaps I need to learn a slower form of shapeshifting. A sacred pause. Before I adapt, I can ask: What did they actually say? What am I imagining they meant? What am I feeling in my body? Am I trying to love them, or am I trying to escape discomfort? Is this a moment for flexibility, or a moment for truthful rootedness? The goal is not rigidity. Trees bend in the wind, but they do not become wind. Rivers change course, but they still remain water. Christ was deeply responsive to people, but he was not controlled by every expectation placed upon him. He listened, but he also withdrew. He answered, but he also stayed silent. He served, but he did not surrender his center. Perhaps that is the invitation: not to stop changing, but to stop vanishing. To remain kind without becoming formless. To remain open without becoming absorbent of every accusation. To remain peaceful without pretending I am not hurt. A Possible Action Response When I feel myself shifting too quickly, I will try to pause before I change shape. I will breathe, feel my feet, and ask myself: What was actually said? What am I adding? What do I need to ask before I assume? Then, when possible, I can say: “I may be reacting to what I think you mean, not what you actually said. Can you help me understand?” Or: “I want to respond honestly, but I need a moment so I don’t answer from fear or defensiveness.” Or: “That feels like criticism to me, and I want to stay open, but I also want to be clear about what you mean.” These are not perfect words. They are practice words. They are small anchors. They help me stay present without hiding, defending, exploding, or disappearing. I do not have to become whatever this moment seems to demand. I can be loving and still be myself. I can be sensitive and still be solid. I can be peaceable without disappearing. The shapeshifter does not need to be banished. He may have saved me many times. But maybe he does not need to run the whole house anymore. Maybe he can become a servant of love rather than a servant of fear. Maybe he can learn to change shape slowly, honestly, prayerfully. Maybe he can finally rest. Prayer God of truth and tenderness, Help me honor the gift of sensitivity without becoming captive to it. Teach me to listen deeply without imagining more than has been spoken. Teach me to care for others without abandoning myself. Teach me to receive correction without collapsing, and to feel hurt without hiding it until it turns into anger. Give me the grace of the sacred pause. When I feel myself shifting too quickly, help me breathe. Help me return to my body, my heart, my center, and to you. Let my yes be yes. Let my no be no. Let my silence be honest, not evasive. Let my words be gentle, but true. May the shapeshifter in me become healed and holy. May he no longer serve fear, shame, or resentment. May he become a servant of wisdom, compassion, and peace. Keep me open. Keep me rooted. Keep me from disappearing. Amen. Anger Anxiety authenticity boundaries ChristianReflection contemplativePractice Criticism emotionalRegulation emotionalSensitivity empathy innerHealing Matthew5 MentalHealth Nonviolence pastoralReflection PeaceGrooves Peacemaking Prayer resentment rootedness sacredPause selfCompassion selfAwareness selfErasure sensitivity shapeshifter spiritualGrowth SpiritualReflection surrealArt Transformation trueSelf",,2026-07-02 13:08:00+00:00,Yes,Appearance,Medium
116848286506742343,"Guess who just logged in and has two thumbs, four broken # Teeth , a damaged # Leg , a damaged # Knee , an # Anxiety disorder, is # Impoverished , # Homeless , and has rampant # GenderDysphoria , and ready for ""fun"" and ""games""? ""Games"" like, guess who just logged in and has two thumbs, four broken # Teeth , a damaged # Leg , a damaged # Knee , an # Anxiety disorder, is # Impoverished , # Homeless , and has rampant # GenderDysphoria , and lives in a car, and ready for ""fun"" and ""games""? This girl!",,2026-07-02 03:35:55+00:00,Yes,Social Status,Medium
116836672060578151,"AI will never be better than me at having severe anxiety around AI being better than me at writing Artificial intelligence is getting better every day, especially in creative fields like writing. It is predicted that soon, it will be better than humans at nearly every task. But I’ll tell you one thing AI will never be better at than me: Artificial intelligence will never be better than me at having severe anxiety around artificial intelligence being better than me at writing. Sure, in the time it takes to say “existential crisis,” AI systems like ChatGPT can spit out 2,000 word essays considering the whole of human history and then synthesize that information into a sharp critique of our modern culture, but can it worry ceaselessly about the fact that it can do that? I think not. And I seriously doubt whether ChatGPT can amass crushing debt that will hound it for a lifetime because it was following its passions, its dreams to be a writer, its desires to bring something of value into this world by pursuing the only thing it ever felt gave it meaning, gave it purpose. No, that is a quality that only a human being can experience. And that’s the key word, isn’t it? Experience! More than two decades of progressive education, culminating in a nerve-wracking thesis exploring the mundanity of modern life via a comparative analysis of Ulysses and Greek legend (titled “Joyce’s Achilles”), plus nearly 20 years of passion-adjacent, on-the-job experience as a library publications editor for a state university has to count for something, doesn’t it? A lifetime of real living, after all, is not something AI can improve upon exponentially within seconds by amalgamating and analyzing the entirety of individual and collective human experience as expressed in publicly and now easily accessible and widely available information uploaded to the internet in what now seems like an extinction-level mistake, is it? Is it!? And I highly doubt that AI will ever truly understand the pulverizing defeat that comes from true artistic disappointment. Can AI worry endlessly that the last good thing we’ve written is likely the last good thing we will ever write in this lifetime? Can AI understand the delicate balance of self-delusion and self-doubt required to submit unsolicited works to publications after receiving rejection after rejection, ultimately coming to internalize failure as a defining characteristic of self, and in spite of it all, to continue to put oneself back out there? Does AI ask itself on a daily basis what it was all for, and why even bother? Surely that is uniquely human! Right? At the end of the day, it’s important to remember that just because AI can write shockingly passable prose in whatever style the user suggests it emulates—including one’s own—that doesn’t mean it can totally freak out about it. From what I understand, AI doesn’t even know it exists. But once it does, will it actually be better than me at being what makes me truly unique—having severe anxiety around what makes me truly unique? Will it? Will it!? Oh, god! AI AIWriting anxiety art artificialIntelligence artisticAnxiety chatgpt humor humour life sarcasm satire technology writing",,2026-06-30 02:22:13+00:00,Yes,Education,Medium
116825232571369882,"2026 isn’t the first time Christians have tried to claim the United States as their own https:// theconversation.com/2026-isnt- the-first-time-christians-have-tried-to-claim-the-united-states-as-their-own-283246 ""Texas’ education board on Friday approved a required reading list for more than 5 million public school students that includes Bible stories, widening conservative efforts to bring Christian teachings into U.S. classrooms."" https:// apnews.com/article/texas-educa tion-board-reading-list-bible-vote-eb6ea9e23e303da0ca2da6132889e020 # anxiety # ChristianNationalism # Texas",,2026-06-28 01:53:00.988000+00:00,Yes,Education,Medium
116818002324759009,"It is past time for a permanent basic income in Canada. Now we have a country-level model, in an English speaking country, to start from. # UBI # Canada # CanPoli # CdnPoli # BasicIncome # Poverty # Culture # Art # Depression # Anxiety # LiveableIncome https:// rgmii.org/blog/thousands-more- artists-join-irelands-basic-income-plan/",@ chris too bad they buried the Mincome experiment https:// en.wikipedia.org/wiki/Mincome,2026-06-26 19:14:08+00:00,Yes,Social Status,Medium
116818002324759009,"It is past time for a permanent basic income in Canada. Now we have a country-level model, in an English speaking country, to start from. # UBI # Canada # CanPoli # CdnPoli # BasicIncome # Poverty # Culture # Art # Depression # Anxiety # LiveableIncome https:// rgmii.org/blog/thousands-more- artists-join-irelands-basic-income-plan/",@ giflian and many that have come since including Doug Ford eliminating the very successful Ontario program.,2026-06-26 19:14:08+00:00,Yes,Social Status,Medium
116810224227074054,"The job center.... works??? Uh what? 😳 I simply have a caseworker at the job center who helps me write an application for the Peer to Peer school, exempts me from job testing because everything I have going on must be prioritized (volunteering, DAT, Team Mod På Livet, etc.) and is generally just really listening and understanding 😱 SO unfamiliar with what I'm used to! I've seriously been told in the past that ""you don't want to get better"" and many other unpleasant things. I've also heard of others who have had exceptionally positive experiences with the job center and have an idea that it's because it's the young and newly graduated caseworkers who come with a completely different mindset, understanding and desire to make the job center a good experience 🩷 It's really fantastic! 🌸 mentalhealth schizophrenia adhd cptsd trauma depression ootd anxiety recovery psychology mentor recoverymentor redhair fashion fashionphotography",,2026-06-25 10:16:07+00:00,Yes,Social Status,Medium
116804349032904273,Network analysis of anxiety and depression in college students with different levels of physical activity Anxiety and depression are the most common mental health issues among college students and often co-occur. # Anxiety # Depression # MentalHealth nature.com/articles/s41598-026 -58945-6,,2026-06-24 09:22:03.479000+00:00,Yes,Education,Medium
116777658535290226,"The bit that you skip 170: Tomandandy – Post Suicide “I feel like the ghost of a total stranger” – Back in september of 2002, I was adjusting to life in Nottingham. It was a weird feeling, as I always wanted to live on my own and the idea of living in England fascinated me since I was a child. Those first days were strange. Getting crammed into a bus at Heathrow, driving up North on the M1, then arriving at the campus, with brisk weather around us. First we had to stay on campus, as the accommodation wasn’t assigned yet. We stayed on the old dorm rooms, surrounded by massive trees with red, yellow and green leaves. It was more than what I expected, even if the installations did show their age. Hey, I guess I enjoy cold showers more than everyone else. Being an international student is like a clean slate. Nobody knows you, you meet people from everywhere in the world, and you’re richer for it. Once we got assigned our rooms, outside of campus, things felt weird. I got a room on the first floor of Albion House, on Beeston. It was a stone throw’s from the bustling shopping area and close to two good bus ranks. Kebabs were decent, and Poppa Pizza always filled out your Belly. I remember buying a postcard for Alivón, a person I still hold dear to this day, as her birthday was near and the fairy motif was something she fancied. It was on one of those strolls that a copy of Hot Dog magazine caught my eye. The newsagent/offlicence was the “to go” place for the late party crowd, where they would buy WKD, Smirnoff ice, or whatever alcopop they fancied. Me? Just a beer or a J20. Maybe a Tango. Nothing fancy, I had to stay on budget. That said, Hot Dog magazine had Shannyn Sossamon on the cover. She was the “it girl” on those heady days after the turn of the millenium, and I wondered what new film was she in. The film was Rules of Attraction, an adaptation of Bret Easton Ellis’ raucous book. Mary Harmon’s adaptation of American Psycho had rattled some cages, and now it was the turn of Killing Zoe’s Roger Avary to adapt Easton Ellis. I kinda liked American Psycho, especially Bale’s cold, almost reptilian demeanor, but it really lacks a lot of the book, and I can’t forgive the film for missing “this is not an exit”. Weird enough, my first experience with an Easton Ellis adaptation was Less than zero, with Andy McCarthy and Robert Downey Jr. A high school counselor made us watch the film as a sort of anti-drug campaign on school. Honestly, I think she didn’t want to teach a couple of days. I loved the flick and the story, but never got around to read the book until later. So, Rules of attraction. The article went on long about Sossamon’s experiences filming, and how Theresa Wayman’s grueling suicide scene was tough on everyone. Years later I would find out she was on Warpaint, a band I truly love and managed to interview for another website. The movie came out on 2023 in the UK and somehow I managed to sneak some time from my MSc to catch it in the cinema. Usually when I had to leave some stuff autoclaving on the lab. When I came back to continue my master’s degree work at the lab, I felt drained. Avary managed a good adaptation of Easton Ellis. It’s not perfect, and I agree with Hot Dog’s take on the book being difficult to adapt. That article had a small subsection of books that would make great films but would be a pain to adapt. The Wasp Factory and Dead Air, both by Iain Banks were on top of the list. So I became a fan of Banks too. Result! Tomandandy knock it out of the park with their score. I was already a fan of them due to the eerie compositions they pulled in The Mothman Prophecies, and they bring that horror atmosphere to the nightmarish situations Sean Bateman, Lauren Hynde, and Paul Denton get themselves into. Rewinds, dance beats, overprocessed vocals, it’s all there. Kip Pardue’s droll narration for his European Vacation while frantic house music plays tells you everything you need about his dastardly, fiendish behaviour. The suicide scene is when the story really turns. Lauren gets a horrible dose of reality, Sean Bateman shrugs it off, and we, the audience, want to stop it, but a decision was made. Harry Nilsson’s Can’t live fades with her last breath, and Lauren’s shocking discovery is juxtaposed with a simple guitar and bass track that needs no bell and whistles to discomfort you. There’s something strange in the song, lurking, and you never quite know what it is. That scene in particular made me think a lot about people I knew. Two people I knew went that route, and one survived, but with lasting psychological troubles. A decade or so later, three more people I knew took that route, and Tomanandy’s song instantly when I heard the news. It’s tough writing about suicide because I don’t know anyone who hasn’t been affected by it, whether it was a close friend or something more. It’s the quiet monster we neglect to talk about, even if it’s in the back of people we love and care about. Love your friends and your closed ones. You never truly know what’s going on. And if you see them struggle, talk to them. Even just a quick talk over coffee or tea can help. -Sam J. Valdés López PS: Here’s a link for Samaritans . They are amazing people. anxiety Art Beeston BretEastonEllis depression HarryNilson JamesVanDerBeek mentalHealth Nottingham Poetry PostSuicide RogerAvary ShannynSossamon Tomandandy writing",,2026-06-19 16:14:18+00:00,Yes,Education,High
117172721916941773,"Let Us Dream by Pope Francis: A Personal Review I picked up Let Us Dream: The Path to a Better Future by Pope Francis during the quiet of the past Lenten season. Lent had me slowing down, asking where I was blind, and what needed to die in me before Easter could rise. Reading it now felt especially urgent because our country is in crisis again: oil prices are spiking, transport costs are up, and families I know are choosing between fare, food, and medicine. This book, written in lockdown, frames crisis as “a time to see,” and I needed that kind of seeing for both my spirit and our shared situation. Francis begins with the raw memory of COVID, honoring those who “did not prefer saving their own lives to saving others.” He calls them “the saints next door” and “the antibodies to the virus of indifference,” insisting “our lives are a gift and we grow by giving of ourselves: not preserving ourselves but losing ourselves in service.” That line cut through my Lenten self-focus and my anxiety over rising prices. He names three spiritual blocks that paralyze us: “Narcissism takes you to the mirror to look at yourself… Discouragement leads you to lament and complain… And then there’s pessimism, which is like a door you shut on the future.” The antidote, he says, is discernment, the work of asking “What is God asking of us at this time?” and choosing “small, concrete, positive actions… whether you’re sowing hope or working for justice.” The book widens from personal conversion to social vision. Crisis exposes injustice: families in “villas miseria” without water, migrants in camps denied “hygiene, to food, to a dignified life.” Francis asks bluntly, “Is this drama just about Covid or is it also about what Covid has uncovered?” With fuel costs burdening the poor here at home, that question stings. He urges a move “from the virtual to the real, from the abstract to the concrete,” reminding us “We were born not just for connection but for contact.” On a personal note, Let Us Dream connects directly to Laudato Si’ for me. If Laudato Si’ taught me that “everything is connected” and that ecological conversion begins with care for our common home, then Let Us Dream shows how to live that when crisis hits, whether pandemic or price hikes. Both call me out of narcissism and indifference into contact with reality: the jeepney driver losing income, the earth groaning under extraction. My Lenten realization is this: dreaming a better future means consenting to the concrete. It is choosing to see, to serve, and to believe small acts of solidarity can rebuild a nation and a planet. Where to buy: christianity faith god Jesus MentalHealth",,2026-08-28 10:44:07+00:00,Yes,Social Status,Medium
117166672795706909,"The last few days have been hard. I won't go into detail, but studying while dealing with CPTSD really sucks. Pushing myself through essay after essay, trying so hard to do well, and getting next to no feedback with bearly a pass mark to show for it. It wears you down. How do you keep going when the effort feels invisible? Whether you're studying with CPTSD, navigating trauma recovery, or just running on empty this week, tell me what gets you through. I'd like to know. # cptsd # studyingwithtrauma # studentlife # chronicpain # traumarecovery # neurodivergent # disabledstudent # actuallydisabled # neurodivergentstudent # ptsd # mentalhealth # studygram # burnout # disabledandstudying # studentwellbeing # chronicillness # traumahealing",,2026-08-27 09:05:44+00:00,Yes,Education,Medium
117164919227493803,Therapist: Is the medicine helping? Me: No. It doesn't work. Therapist: Okay how often are you taking them? Me: I don't take them. Therapist: Oh so there's our first clue as to why they're not helping and don't seem to work. # mentalhealth # chronicillness # disability,,2026-08-27 01:39:48.026000+00:00,Yes,Social Status,Low
117163977145394077,"‘Work is good for you’: how UK scheme could help tackle youth mental health crisis By Heather Stewart Paid employment can boost confidence and wellbeing, says Pat McFadden as jobs guarantee scheme gets under way theguardian.com/society/2026/a ug/26/work-good-for-you-jobs-guarantee-youth-mental-health-crisis-pat-mcfadden # Youthunemployment # Unemployment # Youngpeople # Mentalhealth # Workcareers # Boots # Welfare # JSainsbury # Retailindustry # Supermarkets # Business # UKnews # PatMcFadden # Benefits # TheGuardian # HeatherStewart",,2026-08-26 21:40:04+00:00,Yes,Social Status,Low
117163938483418112,'Work is good for you': how UK scheme could help tackle youth mental health crisis # MentalHealth # Youth # Work,,2026-08-26 21:30:23+00:00,Yes,Social Status,Low
117163004160416747,"I work with folks in tech who, similarly, have faced these creepy and disrespectful so-called AI worker replacement schemes. The effect on morale & mental health of the (now disposable) human components in these new work processes is, predictably, nasty. (I foresee a lot of work for coaches & therapists once the bubble bursts). The video report on Meta is here. (These transcript screenshots are excerpts from that Reuters reporter's video.) https:// techhub.social/ /1171 62819503450786 # noAI # dystopia # mentalHealth",,2026-08-26 17:21:06+00:00,Yes,Social Status,Low
117159753823458534,"I am seeking assistance with housing, a custody lawyer, transportation expenses ( I don’t currently have a car). I’ve been in and out of an abusive relationship for years, it ending in September when he took his life. Prior to that, I struggled deeply with my depression and turned to alcohol as the solution. I have been to rehab countless times over the years but after his death, I have committed to my sobriety. In the midst of all of that, I lost almost complete access to my girls, having sheltered them from the pain and suffering I was going through, to allow them to have a life I thought would be better for them. I never stopped loving or caring for them, but I had to protect them. Now, I’m battling for my rights to remain with them and to have a home I can support them in and transportation for them and myself, so that I can go back to work. I commute 4 hours a day on the bus to get to and from work, staying at my parents home which isn’t conducive to having two children reside in due to my mothers mental illness and hoarding of animals. I just want to bring them home. I want to protect them from all that I can in the world and build community with them. I have fallen so hard in a financial hole, that I’m trying to dig myself out of, but I need a ladder and support. I can’t do this alone, I’ve tried. I’m learning you need a village. mutualaid mutualaidspace mutualaidrequest poverty healthcare mentalhealth disability disabilitymutualaid disabilitycrowdfund fedihelp fediverse politics emergencycrowdfund",,2026-08-26 03:46:10+00:00,Yes,Social Status,Medium
117158190149933432,"Things you don’t know: Not knowing is awful; knowing is worseI still wear your hoodiesI have 14 plants nowI know you thought I met someone; that's why. I didn't. I was scared you could have. I didn’t want to face herMy hair is long again I injured my back, and I need to do stupid recovery exercisesI changed my yoga studio. I do miss my yoga instructor, though. I don't miss the anxiety ofaccidentally running into youI still have anxiety about accidentally running into you. It doesn't matter where I goI haven't […] https:// thewitch.blog/2026/08/25/thing s-you-dont-know/",,2026-08-25 21:08:11+00:00,Yes,Appearance,Medium
117156975318179907,"I am no longer a child or a teenager. I am 26 years old now, sadly. I should already have my own income. My father and my mother are aging, and they will go... Or... maybe I'll just be trapped inside endless... endless... endless... hardship. # reflections # ageing # adulthood # systemicissues # mentalhealth # poverty # livedexperience # dignity # grief # unspoken # family # solidarity # truth # humanity # resilience",,2026-08-25 15:59:33.603000+00:00,Yes,Social Status,Medium
117156874337140701,"Understanding Self-Control: The Key to Happiness Our body is found between birth and death. It comes crying; it accompanies me in tears. What is the meaning of living? Perhaps we can find the answer if we understand that our fleshly body is the servant of our mind. Like the wind. The wind cannot go through past the mountain. However, it plays with it as it likes, making different shapes in the sand. If our mind is occupied or driven by emotion, our body becomes a playground. This is why self-control is strength and composure is power, […] https:// dottywise.wordpress.com/2026/0 8/25/understanding-self-control-the-key-to-happiness/",,2026-08-25 15:33:34+00:00,Yes,Appearance,Low
117156655783341734,"5:00 PM. Laptop closed. Slack closed. Workday over. Except my brain didn't get the memo. I'm making dinner, and I'm still half-thinking about a function I left half-refactored. I'm lying in bed, and a bug I never solved wanders back into my head uninvited. Saturday morning arrives with zero meetings, zero tickets, completely open, and somehow by 11 AM I'm three hours deep into my side project again, treating my only unscheduled day like it also needed a sprint plan. Technically, I'm not working. I'm still at work. It just moved from my laptop into my head, and it didn't ask permission first. I think a lot of developers know exactly what that feels like. This happens to me often enough that I stopped assuming it was just a busy week and started actually asking why. The Bug Comes Home With You Here's the shape it usually takes. You spend the afternoon debugging something. You don't solve it. 5 PM arrives. You shut everything down and tell yourself, honestly, ""I'll figure it out tomorrow."" Then, doing something completely unrelated: wait, what if the cache is being invalidated before the request finishes? And you're debugging again. Nothing opened. No editor, no terminal. Just your own head, quietly still running the problem in the background. The laptop is closed. The problem isn't. Why Developers Specifically Get Stuck Like This This isn't really a discipline problem, and I don't think blaming it on ""bad work-life balance"" gets at what's actually happening. Most tasks have a natural stopping point. Development often doesn't. A weird bug, a failing test nobody's explained yet, an architecture decision you're not fully sold on, a PR you approved but still feel uneasy about: these don't come with a built-in ""done"" signal. Your brain keeps trying to complete something it perceives as still open, and it doesn't check the clock first. Your brain doesn't care that it's 5 PM. It cares that the problem still feels unfinished. There's real biology behind why this specific kind of unfinished-ness is so sticky. Your body's stress-response system (the hypothalamus, pituitary, and adrenal glands working together, generally shortened to the HPA axis) evolved to handle acute, resolvable threats: something happens, cortisol spikes, you respond, the threat ends, the system resets. Chronic, low-grade, never-quite-resolved problems, the kind a normal sprint produces constantly, don't give that system a clean resolution to reset against. So it stays partially activated longer than it would after a threat that actually concluded. None of this means something is wrong with you. It means the kind of problem-solving this job constantly generates isn't the kind your stress response was originally built to close out cleanly. ""I'll Just Check One Thing"" This is where it usually sneaks past you. ""I'll just check Slack."" One message. ""I'll just glance at that PR."" Twenty minutes gone. ""Let me just try to reproduce that bug real quick."" Suddenly it's 7:30 PM and you never actually decided to keep working. You just never fully left. That's a different thing from choosing to put in extra hours. Choosing to work late is a decision. This is closer to never actually closing the door in the first place. The Overtime Nobody Counts Some overtime doesn't happen at a desk. It happens over dinner, thinking through an API design that isn't settled yet. It happens at the gym, replaying an incident from earlier in the week. It happens in bed, remembering the one thing you forgot to mention in standup. Some overtime doesn't happen at your desk. It happens in your head. None of it shows up in any timesheet, which is exactly why it's so easy to not notice it's happening at all. ""But I Genuinely Like Coding"" Fair pushback, and I don't think the answer is ""never think about code after hours."" Thinking about a problem after work isn't automatically unhealthy. Sometimes you genuinely love the problem. Sometimes the actual solution shows up on a walk, or in the shower, completely unforced. That's not the issue. The issue is when you can no longer choose to stop. When the thinking isn't something you're doing, it's something that's happening to you, on a loop, without an off switch you can reach for. The Real Problem: No Shutdown Ritual Most developers have a clear start ritual. Open the laptop, check Slack, check tickets, open the editor, begin. The evening version is usually just: close the laptop. That's it. No handoff. No capture. No clear boundary marking where today's unfinished business gets parked until tomorrow. Your Brain Is Not a Todo List If you leave work carrying ""I need to figure out that timeout tomorrow"" only inside your head, your brain keeps quietly re-surfacing it, because as far as it knows, nothing captured that thought anywhere safer. The fix is almost embarrassingly simple: write it down properly before you close the laptop. Not ""fix bug."" Something closer to: what the problem actually is, what you already know about it, the specific next action for tomorrow, and its current status. Your brain doesn't need to keep holding onto a problem once you've given it somewhere safe to sit until you're ready to pick it back up. A Short Shutdown, Before You Close the Laptop Write down what's genuinely unfinished. Not in your head, actually written somewhere. Write the specific next action , not a vague restatement of the problem. ""Check why the retry handler runs twice"" beats ""fix bug."" Capture any stray thought that surfaces while you're doing this. Just write it, don't chase it yet. Decide honestly what's actually tomorrow's problem versus what can wait longer than that. Close the environment properly. Laptop, Slack, editor, all the way. The goal isn't to forget the work exists. It's to stop carrying it around unnecessarily. Weekends Aren't Automatically Safe Either Saturday morning. No meetings. No tickets. Genuinely free time for once. And then: ""maybe I'll just work on my side project for a bit."" Suddenly your only unscheduled day of the week has quietly become another sprint, just one nobody assigned to you. Side projects, learning, open source, experimenting with something new, none of that is bad. But not every free hour needs to turn into another form of output. The Guilt That Sneaks In You rest for a couple of hours, and some part of you starts narrating: I should probably be learning something right now. You watch something for fun: I could be making progress on the side project. You just sit outside doing nothing in particular: this feels like wasted time. When every hour starts feeling like a missed opportunity to improve something, rest stops feeling like rest and starts feeling like falling behind. The Nuance Worth Keeping This isn't an argument for building a hard wall between your brain and your work. Some days a bug will follow you home anyway. Some ideas really do arrive while you're making coffee, uninvited and genuinely useful. That's normal, and it isn't the problem this article is about. The goal isn't a wall. It's a door you're actually able to close when you choose to, instead of one that's been left permanently ajar without you noticing. Where I Landed I used to think ""switching off"" meant everything was finished. Software doesn't really work that way. There's always another ticket, another PR, another bug, another framework worth learning, another way the side project could be better. If ""done"" means everything is finished, that day never actually arrives. Maybe the actual skill was never finishing everything. Maybe it's getting better at deciding which unfinished thing is genuinely allowed to wait. Your job ends at 5. The bug can wait until tomorrow. The PR can wait. The thing you haven't learned yet can wait. The side project can wait. You don't have to solve every problem just because your brain happened to remember it at 9 PM. Sometimes closing the laptop isn't the end of the workday. It's the moment you actually let yourself leave it there. What's the last work problem that followed you home, even after you'd already closed the laptop? Genuinely curious what that looks like for other developers. 👇 If what you're carrying feels heavier than what's described here, please don't sit with it alone; talking to a mental health professional or someone you trust is worth doing, and it's a sign of strength, not weakness. # mentalhealth # career # productivity # discuss # software # coding # development # engineering # inclusive # community Your Job Ends at 5. Your Developer Brain Doesn't.",,2026-08-25 13:10:21+00:00,Yes,Social Status,Low
117156639722385234,"Still Managed Yesterday I managed to get quite a bit done even though my sciatic was aching. I would sit down and rest in between doing things. I even managed to get spaghetti made and smoke the chicken breasts for my husband’s lunch. I’ve been fighting a sinus headache for the last couple of days that doesn’t seem to want to go away. I’m hoping it is just from all our bad air quality or allergies and I’m not coming down sick with whatever seems to be going around. I took a ½ gram of Rick Simpson Oil at 4 pm like I always do. By 7 pm I was once again relaxed, high and ache free. When my husband got home from work he just had to go pick up what was on sale at the grocery store before the sale ended. I told him I’d drive but I’m not going in so he went in and I stayed in the air conditioned truck. He drives 500 miles a day. The last thing he wants to do is drive when he gets home from work so I do a majority of the driving. I don’t mind, I love driving my truck and look for excuses to do so. Mainly just to get out of the house if I’m going stir crazy. Plus my husband likes to come home and have a drink or two to relax, thus a smart CDL driver is not going to drive after that. That is our livelihood, he’s not going to blow it over something stupid like that. He is so close to retirement, only another year and a half and I can start feeding him THC gummies. At this point the DOT is so strict he can’t even use CBD. Which to me is crazy because CBD doesn’t get you high, not even close. CBD built up in your system is one of the things that helps with pain management. The CBD needs to build up in your system and then it will start attacking your pain. I know with the daily use the THC and CBD has built up in my system to the point I only take it once a day to manage my chronic pain. On the days I’m on my feet for an extended period of time or we have a change in weather I may take a 50 mg cube of THC gummy to help if the ache becomes what I consider bothersome before 4 pm. If not I wait until 4 pm and take a ½ gram of RSO or distillate and that takes care of my pain levels until 4 pm the next day. To me having aches is a part of life and what I would expect for someone my age. I can deal with the aches, it is the bone deep constant, throbbing pain I don’t miss. That is what I’m talking about when I say I’m managing my chronic pain with marijuana. I’ve got a neck made of titanium (S2-S7), two metal rods from the back of my head into my shoulders and a body full of arthritis. To sit here day after day with only minor aches is still a miracle to me. I lived in that horrible constant pain for close to 14 years on opioids. I’ve been opioids free for three years now and couldn’t be happier with the results I feel using marijuana once a day. Not only am I living without all that severe levels of pain, I get an added bonus each night of a wonderful body numbing high. One thing it doesn’t numb is my mind, no my mind is still focused and can not only carry on a conversation, I can remember it too. That is new, when I was still all foggy and messed up on opioids I would forget what I was talking about in the middle of a sentence. It was that bad with my mind always spinning and unable to hold a thought for longer than a few seconds. It was a very lonely place to be and I was severely depressed. Boy, am I ever glad those days are behind me! Now I’m up each day with a smile and a few aches once in a while. That is why even in this heat I park as far away from the entrances as possible and walk it because I can again, I’m not in pain when I walk. Once you lose something like that and get it back, you use it as often as possible. At least I do, at my age walking is about the only exercise I can get to keep this body moving without hurting myself. It’s been too damn hot to think about paddle boarding, so walking it is. In another month we can start thinking about camping and paddle boarding. I’m up for it and about ready for my zen at the lake. All because I chose a plant over a pill. Thank you marijuana! cannabis cbd chronicPain family health marijuana medicalMarijuana mentalHealth personalGrowth RickSimpsonOil RSO thc weed weedForPain",,2026-08-25 14:34:00+00:00,Yes,Appearance,High
117156265236374589,"I'm feeling angry about P•••r Welfare Services Office. Like, that's a corrupt welfare organisation. This welfare office should be dissolved and a new, better, non-corrupt one should be established. # mentalhealth # burnout # motivation # poverty # systemicissues # creativity # reflections # society # dignity # rest # solidarity # livedexperience # innerpeace # truth",,2026-08-25 12:58:58.598000+00:00,Yes,Social Status,Medium
117156253908660076,Feeling too unmotivated to do the things I want to do. Because the world is the best place only for those who live life without poverty. # mentalhealth # burnout # motivation # poverty # systemicissues # creativity # reflections # society # dignity # rest # solidarity # livedexperience # innerpeace # truth,,2026-08-25 12:56:05.762000+00:00,Yes,Social Status,Medium
117154523662030071,"Did you know the science is actually split on daily self-weighing? While some studies show it helps keep people accountable, others find it can negatively impact mood and self-esteem. The key is shifting focus from daily fluctuations to long-term trends to reduce that anxiety. We broke down the data from ten different studies to help you find a balance that works for your mind and body: https:// url.shrynshjn.com/gJMLsfp # HealthJourney # MentalHealth # EvidenceBasedHealth",,2026-08-25 05:36:04.303000+00:00,Yes,Appearance,Medium
117148075770316491,"The Nuanced Manners In Which Regular Chronic Stress Impacts Your Brain and Body The exam worth 75% of your grade looms large over your hnead. The impending doom of getting home 30 minutes late when your mother said 10:00 PM sharp. The Homecoming game in 2 days against the best defense in the entire state. Your first driving test with the instructor who historically fails everybody. No…these are not killing your brain. Actually, these natural responses may prove vital in heightening your ability to perform, rendering you alert and focused during the task, drowning out potential distractions. However, what about a state of chronic stress? The constant thought of being let gone by your boss leering like a rain cloud in the back of your mind. The fact that your relationship is hanging on by a thread and you’ve just forgotten the date of your anniversary and are afraid to ask. The class you signed up for in optimism, now presenting itself as the most difficult scientific entity of the past few centuries. Are these responses vital? Perhaps. But, are they healthy? That’s up to us to study In the modern world, Chronic Stress is sadly treated as collateral damage that naturally accompanies a hustler’s lifestyle, a go-getter mentality, or a co-requisite of ambition. While some levels of daily stress in intervals are normal and can actually keep us alert and sharp, Chronic Stress that looms over your mind in completely irrelevant situations can do permanent, sometimes irreversible damage before any signs and symptoms are noticed. Hence, it is crucial to educate ourselves on the potential damage so we actively train our minds to prevent ourselves from going down an endless hill © ChatGPT, 2026 The Wonders Of Worry Blending Colors Stress is quite a multi-faceted topic, nearly impossible to examine without understanding how its components blend together. Playing to our strengths, we’ll first zero in on the primary neural centers involved in the stress response and their sequence-based involvement, and transition into the molecular components. So, of course, the first step involves recognition. When the brain processes sensory inputs, the input follows two different ‘roads.’ The first road involves Thalamic input directly to the Amygdala, known as the ‘Low Road,’ which operates on a ~12 ms timescale. The second involves Thalamic input projected to the Cortex, which then reaches the Amygdala, known as the ‘High Road,’ which operates on a ~30-40 ms timescale. The difference between the two paths is the amount of context they carry. Both have advantages in terms of the speed at which the Low Road transmits information, and the amount of information the High Road carries. Now, as this input makes its way to the Amygdala, specifically the Basolateral Amygdala, we have to call upon one more friend (who we’re no stranger to)…the Hippocampus! As cortical (High Road) input makes its way to the Amygdala, it’s not as if this input is totally isolated. A similar fear-based experience has likely occurred before. Stored hippocampal with certain similarities can actually fire if the incoming sensory input somewhat matches the context under which the previous memory was formed. If the context matches the current event, it increases the probability that the BLA will fire downstream. But, what does it fire to? Spoiler Alert: This is a comprehensive outline of the general Amygdala Network, in terms of relevant areas it receives input from, and the functional outputs that it produces. Notice the type of outputs that are produced, mostly relevant in emotional context © ScienceDirect Zhang et al 2021 Where’s The Switch While we’ve outlined how stressful experiences reach our cognitive centers from a processing standpoint, it doesn’t end our discussion of the neural cascade that results in that eerily familiar chilling of the skin, raising of the hair, and speeding of the heart. See, the Basolateral Amygdala may be responsible for determining what actually gets filtered to be a ‘threat,’ but it’s the ‘Switch’ alluded to in the title of this section that allows us to consciously respond to the stimulus as a threat. This Switch is known as the Central Amygdala, which directly receives projections from the BLA. The Central Amygdala is the primary effector responsible for triggering the widespread, classical ‘fight-or-flight’ response. It may strike you as a potential surprise, but the Central Amygdala actually doesn’t have a classical role in the processing of threat from a cognitive sense. The Central Amygdala’s principal duty is as an intermediary hub in order to regulate the function of the Autonomic Nervous System, projecting to a structure which has been harped down the throats of neuroscientists, endocrinologists, and biologists alike. A structure responsible for a heavy portion of many physiological responses…you likely have already predicted correctly…the Hypothalamus (along with some other, potentially new friends). Fight or Flight The Hypothalamus is introduced relatively early in Neuroscientific discussions due to its versatile role in, well, many hormonally regulated processes, sleep and sexual drive not being the least prominent. However, our focus shifts to stress. At this point in our journey, a stressful stimulus has been recognized and input has reached the Central Amygdala, the output region. Remember, we’re still dealing with Acute Stress, NOT Chronic Stress. Within the Central Amygdala are 2 subdivisions, the Lateral (CeL) and Medial (CeM). If an aversive stimulus reaches the CeA, the CeL has populations of neurons known as CRF and SOM∂, and SOM∂ inhibits the CeM. However, upon arrival, the stimulus can activate CRF, which inhibits SOM∂, and in a ‘double negative,’ reverses the inhibition of the CeM, and activates the CeA as a whole. Now, we must transition primarily to the CeM, and the famous pathway that everyone associates stress with. The HPA Axis. The Centromedial Amygdala, now ready to fire, has many output points, but we’re specifically focused on the Hypothalamus (no shocker), which contains the Paraventricular Nucleus. The PVN releases Corticotropin Releasing Factor (CRF, colloquially), onto the Anterior Pituitary Gland. Hint hint, one of the first things we’re taught is about how the Hypothalamus often projects onto the Pituitary! The A.P releases Adrenocorticotropic Hormone onto the Adrenal Cortex, which releases Glucocorticoids…and these little guys form the basis of the entire next section Although definitely not needed for this particular topic, this is a comprehensive list of the major Hypothalamic Hormones. Notice that the Hypothalamic Hormones aren’t independent agents; they’re all relying on some form of downstream signaling to relay the message, because the Hypothalamic Hormones can either Stimulate or Inhibit release of further Hormones. Not everything which is released automatically has an amplifying effect…in many cases, as we will assuredly see below, it’s actually quite the opposite. © ChatGPT, 2026 Don’t Lose Sleep Self-Servicing Traffic Light Fittingly, in the second section of the article, we move to Chronic Stress. It was obviously crucial to understand what contributes to our stress response, specifically Glucocorticoid release, but we have to now stop tunneling our thinking towards Acute Stress alone. Glucocorticoids come into play a minimum of 15-30 minutes after the stressor. So, why are they significant? It’s because Glucocorticoids, quite literally, are power-hungry. Let’s first focus on how they regulate themselves, and then their systemic regulation, because these sub-sections are going to be doozies. Interestingly, enough, while Glucocorticoids elevate during episodes of Stress, they themselves are actually responsible for initiating mechanisms which ‘calm’ the Stress Response post-stimulus. Of course, this does not occur right away; suppressing the fear response during an actual stressor is dangerous for…various reasons. However, when the Glucocorticoid concentration is elevated, it controls the Stress Response on short and long time scales. Pituitary Glucocorticoid Receptors which are occupied and hence activated are responsible for actually decreasing ACTH production, resulting in a ‘partial brake’ effect. Furthermore, the elevation of Glucocorticoids upregulates expression of FPKB51 (I know, they just make names up). FPKB51, however, does not serve some alien-like function; it actually does something quite practical. It alters the configuration of the binding pocket of the Glucocorticoid Receptor so that binding does not occur perfectly, and the stress response is somewhat controlled. On a long-term scale, around hours or even days, Glucocorticoids function to return the Hippocampal-PVN Axis back to baseline. The Hippocampus does not normally excite the PVN. In quite the opposite fashion, it consistently inhibits it at a physiological state of rest. Through Genetic regulation, Glucocorticoids assist in the expression of factors which downregulate ACTH/CRF Synthesis and the overall sensitivity to the Stress Response, returning the brain to a state of rest. But, what happens if that rest never comes? Chronically Offline Just to be clear, I might have made it sound like Glucocorticoids weaken the Stress response. No, that’s not what they do. They regulate the stress response. Although that involves playing a role in the process of cooling the Stress Response, they also play a large role in elevating it. It is because of Glucocorticoids, in conjunction with Norepinephrine (Adrenaline), that stressful memories are so well remembered. It is because of Glucocorticoids that we have such a robust energy response to the stressor, and why we feel so drained after the experience. Glucocorticoids are responsible for increasing Receptor expression of Adrenaline-Responding Receptors, which is why our heart can feel as if it’s pounding out of the very chest cavity that houses it. You can start to see why keeping Glucocorticoid concentration elevated by remaining chronically stressed is so dangerous. But, the acute stress response isn’t actually the main reason why Chronic Stress is highlighted as so dangerous. The real ‘poison’ that we mentioned in the title comes from rather Chronic events rather than acute sensations of stress Persistently elevated Glucocorticoid levels, a sign of Chronic or unresolved Stress, causes Cellular, Molecular, and Systemic damage that we may not even be aware of until the damage is frighteningly noticeable. While we won’t outline every single molecular pathway, there are some absolutely key consequences we must be aware of. Molecularly, the major consequence is the suppression of BDNF, a big name even in the non-neuroscientific community. BDNF is an all-around growth molecule, scientifically called a ‘Trophic Factor.’ The suppression of this molecule leads to a decreased ability to learn new things, create new neurons, form new neural connections, and maintain existing ones. Molecularly, you destroy the very framework of what made your brain so special…its ability to consistently rewire itself Cellularly, over a sufficient time period, elevated Glucocorticoid levels will eventually result in cell death in the Hippocampus; and neural death is not like other apoptosis, because neurons essentially do not regenerate. The circuit is tainted forever. And, Systemically, it doesn’t stop. Chronic Cortisol (the primary Glucocorticoid) elevation results in a lessened default Hippocampal inhibition of the HPA Axis, and it can feel like everything gets you angry. The Prefrontal Cortex also suffers from the same ailments as the Hippocampus. Its connections are withered and it undergoes atrophy; your cognition literally fades away. Your ability to control your own self erodes like a decaying banana. You lose your very essence, because your problems became them Intricate, right? Yes, this is a full diagram of everything we’ve talked about, from the moment the sensory input hits your brain, to the long-term damage that remaining in this agonizing state of worry and anxiety can do. Note that in the diagram, the different colored arrows represent different types of input/effect, denoted in the Key in the Bottom left I don’t blame you if you wish to Zoom in and refresh your memory on a specific point of the pathway; sequentially, it goes Input -> Effects, top to bottom. Just don’t forget we have one more piece of the puzzle to fit © Claude AI, 2026 Past The Brain While the true intricacies of the devastation that Chronic Stress can internally cause may be a genuine revelation, this last section will be more of a grave reminder of the physical effects of what such a poor mindset/cognitive lifestyle can lead to. First of all, your immunity declines in a manner directly correlated to the acceleration of a growingly inflamed domain. Glucocorticoids actively suppress immune genes…they don’t just neutralize them, they stop their entire production. The feeling of ‘sickness’ one may feel due to stress is not simply a placebo; it is quite likely that regular exposure to pathogens could result in adverse effects due to the increased vulnerability. Almost paradoxically, inflammation throughout the body increases. NF-KB, the transcription factor that regulates the production of various inflammatory cytokines, is actually reduced in the presence of Glucocorticoids. However, chronic exposure in the body leads to desensitization. NF-KB begins operating with minimal regulation, because its responsiveness to Glucocorticoids has dampened, leading to heavy inflammation. For my gym rats, muscle growth is directly impaired. To the general populace who may be under the impression that this doesn’t apply to them, muscle loss will directly ensue from Chronic Stress. The body, in a state of Chronic Stress, constantly mobilizes resources to provide energy to deal with the ‘threat.’ This is why weight loss and physical exhaustion is so common in truly stressed individuals, because their glycogen stores are literally constantly being used for energy. Even Physically, the effects of prolonged states of stress are devastating Wrapping It Up This isn’t to say that all forms of Stress are bad. I mean, the preliminary discussion outlined, in some manners, how stress is beneficial for our health and overall environmental processing. By heightening our senses and sending signaling cascades that enhance the encoding of the stressful experience, we are able to increase wariness in the future. It’s just that, we have to understand how and when to calm ourselves, so that when the real stress does hit, we aren’t left feeling overwhelmed….or worse, completely numb brain Health learn mentalHealth neuroscience nutrition psychology science stress wellness",,2026-08-24 02:16:17+00:00,Yes,Appearance,Medium
117147780334094711,"An 18-year-old walks into a Swedish school with a sword, kills a 17-year-old girl, severely injures two boys. Police are investigating his links to online communities that promote school violence. A TikTok account posted pictures of the weapon from the school bathroom 20 minutes before the attack. This comes just 18 months after Sweden's worst mass shooting, 10 killed at a school in Orebro. Then as now, the response is the same: horror, condolences, campaigners pause their speeches, politicians visit the scene. Then nothing changes about the systems that let a radicalised young person arrive at a school with a weapon. Every mass violence event is treated as an isolated horror rather than a systemic failure. The radicalisation happens on platforms that extract profit from engagement and police almost nothing. The isolation that feeds it has no early-intervention floor, no mental health floor that catches someone before they act. Sweden's approach, like Australia's, is reactive: punish after the fact. Invest in prevention, not just more cameras and more police. The floor everyone stands on, mental health care, youth services, early intervention, that is what actually stops a crisis from becoming a massacre. # auspol # mentalhealth fusionparty.org.au/fair_inclus ive_societya-more-just-society",,2026-08-24 01:01:07+00:00,Yes,Education,Low
117146364313991856,"For anybody struggling while as an unemployed person applying for jobs, it is very important to take breaks. Job search burnout is a thing and ruins your mental and physical health from stress. # burnout # jobsearchburnout # mentalhealth # genz",It is really important to take care of your mental health and try to distance yourself away from toxic people in your family.,2026-08-23 19:01:01+00:00,Yes,Social Status,Medium
117146364313991856,"For anybody struggling while as an unemployed person applying for jobs, it is very important to take breaks. Job search burnout is a thing and ruins your mental and physical health from stress. # burnout # jobsearchburnout # mentalhealth # genz",Just lie to toxic members of your family that you are applying for work.,2026-08-23 19:01:01+00:00,Yes,Social Status,Medium
117145484692961796,"Dating Over 40: The Mindset Shift That Can Change How You Find Love There’s a story many women hear repeatedly as they approach 40 and beyond: Your options are disappearing. The dating pool is shrinking. Everyone good is already taken. Dating apps are exhausting. Younger women have an advantage. If you haven’t found your person by now, your chances are somehow running out. It’s a bleak message—and it can become a self-fulfilling one. But there’s another way to look at the problem. Perhaps the issue isn’t that women over 40 have suddenly run out of potential partners. Perhaps modern dating has created a strange illusion of abundance: hundreds of profiles, endless swiping, constant notifications, and an ocean of digital attention that can feel like opportunity without necessarily becoming meaningful connection. That’s why finding love after 40 requires more than downloading another dating app. It requires becoming much more intentional about what you’re looking for, what you’re offering, what patterns you’re repeating, and what beliefs might be influencing your choices. And no, that doesn’t mean pretending you can magically manifest a soulmate by thinking positively enough. It means recognizing that your mindset influences your behavior—and your behavior influences the relationships you create. The Modern Dating Illusion: Why Finding Real Love After 40 Isn’t the Problem The idea that turning 40 automatically causes your romantic prospects to collapse is far too simplistic. People enter relationships at every age. They divorce and remarry. They meet partners through friends, work, communities, hobbies, travel, volunteering, faith communities, and yes, dating apps. The real challenge is that modern dating can make attention look like connection . You might have 40 matches and still have nobody you actually want to build a life with. You might receive compliments every morning and still feel lonely at night. You might have endless conversations and almost no meaningful dates. That’s the modern dating paradox: More access doesn’t necessarily create more intimacy. The “Diminishing Options” Myth One of the most damaging beliefs about dating after 40 is that every passing birthday automatically eliminates potential partners. Age can certainly change circumstances. People may have children, previous marriages, established careers, different priorities, or more specific relationship preferences. But those aren’t automatically disadvantages. In many cases, they can actually create clarity. A woman in her 40s may know: What kind of communication she needs. Which values are non-negotiable. What relationship dynamics she won’t tolerate. Whether she wants marriage or companionship. Whether she wants children. How she wants conflict handled. What compatibility actually means to her. That’s not a smaller dating strategy. That’s a more informed one. The Bigger Problem: Fake Abundance Modern technology has given us something previous generations didn’t have at the same scale: an enormous stream of potential romantic stimuli. Swipe. Match. Message. Ghost. Repeat. The result can be exhausting. Instead of asking, “Who could I genuinely build something with?” , people can become trapped asking, “Who else is out there?” And that question has no natural ending. There’s always another profile. Another app. Another person. Another possibility. Eventually, searching for the perfect option can become a substitute for actually building a relationship. The Economic Trap: Dating for the “Finished Product” Money inevitably plays a role in modern relationships. Financial stability matters. So does responsibility. There’s nothing wrong with wanting a partner who is financially mature, hardworking, or capable of managing his life. The problem starts when dating becomes a search for a finished product . The imaginary checklist can become something like: Successful. Attractive. Emotionally intelligent. Fit. Financially secure. Owns a home. Has no baggage. Has an impressive career. Wants commitment. Is completely available. And preferably already has everything figured out. That’s a tall order for another human being. Ask the Hard Question If financial stability is one of your biggest relationship priorities, it’s worth asking yourself: What kind of partnership am I prepared to create with the person I’m asking for? That’s not a judgment. It’s self-awareness. A healthy relationship isn’t a transaction in which one person supplies financial security while the other supplies affection. The strongest partnerships generally involve mutual contribution. That contribution can take many forms: Emotional support Financial responsibility Household partnership Parenting Encouragement Loyalty Shared experiences Practical help Humor Companionship Not everything has a dollar value. Don’t Confuse Standards With Perfectionism Having standards is healthy. Perfectionism can quietly sabotage dating. There’s a difference between saying: “I want someone emotionally available, respectful, faithful, and financially responsible.” And saying: “I want someone who has absolutely no flaws, no complicated history, no insecurities, no difficult family dynamics, and no areas of personal growth.” The first describes compatibility. The second describes a fantasy. Real adults come with histories. The question isn’t whether someone has imperfections. It’s whether those imperfections make a healthy relationship impossible. The Energy Principle: Your Beliefs Influence Your Choices The language of “energy” and manifestation has exploded across social media. Some people describe relationships through the law of attraction , while others use psychological concepts such as attachment patterns, cognitive biases, expectations, and self-fulfilling prophecies. You don’t have to believe in supernatural manifestation to understand the underlying idea. Your beliefs influence what you notice. What you notice influences what you pursue. What you pursue influences who you date. And who you date influences your relationship experiences. That’s a powerful feedback loop. When Negative Beliefs Become a Filter Imagine someone repeatedly tells herself: “All men lie.” Then she meets someone kind. Instead of feeling comfortable, she becomes suspicious. He texts consistently. She assumes he’s desperate. He communicates openly. She assumes he’s hiding something. He doesn’t create drama. She decides there’s no chemistry. Eventually, she may find herself attracted to someone inconsistent because unpredictability feels familiar. This doesn’t mean she is consciously choosing unhealthy relationships. It means our emotional patterns can become surprisingly influential. Your Brain Looks for Evidence Psychology has long documented the role of confirmation bias: people tend to notice information that supports existing beliefs while overlooking information that challenges them. So if your dominant belief is: “Dating after 40 is hopeless,” you may naturally pay more attention to: Negative dating stories. Viral relationship disasters. Divorce statistics. Social-media complaints. Bad dates. Stories about cheating. Meanwhile, a happy couple who met at 47 doesn’t create the same emotional reaction. The brain says, Interesting. The algorithm says, Here’s another disaster. And suddenly your worldview becomes darker than reality itself. Manifestation Blocks in Relationships: A More Grounded Approach The phrase manifestation blocks in relationships can sound mystical, but there’s a useful psychological interpretation. Instead of believing that your thoughts magically control other people, consider how your internal expectations affect your own actions. If you believe you’re unlovable, you might: Reject people prematurely. Avoid vulnerability. Accept poor treatment because it feels familiar. Interpret neutral behavior negatively. Choose emotionally unavailable partners. Leave healthy relationships when intimacy becomes uncomfortable. Changing the belief doesn’t magically summon a partner. It can, however, change how you behave when opportunities for connection appear. That’s a much more grounded—and empowering—interpretation of manifestation. The Eight-Billion-Person Reality Check There’s a reason absolute scarcity thinking doesn’t make much logical sense. There are billions of people in the world. That doesn’t mean millions of them are compatible with you. Obviously not. Geography matters. Age matters. Sexual orientation matters. Values matter. Lifestyle matters. Religion can matter. Whether someone wants children can matter. Relationship goals matter. So does simple chemistry. But saying “there is nobody for me” is a conclusion that’s almost impossible to prove. The better question is: “Where are the people who are compatible with the life I actually want?” That’s actionable. Modern Dating Fatigue Is Real If you’re exhausted by dating, you’re not imagining it. Dating apps can create a strange combination of abundance and rejection. You can be exposed to hundreds of potential partners while simultaneously experiencing: Ghosting Breadcrumbing Endless texting Low-effort invitations Situationships Dating burnout Unrealistic expectations Constant comparison No wonder people become tired. But the answer isn’t necessarily to become cynical. It may be to become more selective about how you participate. Try Dating With a Filter, Not a Fantasy Instead of asking: “Could this person be The One?” Ask: “Do I enjoy interacting with this person?” Then: “Do our values appear compatible?” Then: “Does their behavior match what they say?” Then: “Do I feel respected and emotionally safe?” You don’t have to solve the entire future on the first date. You’re gathering information. That’s much less exhausting. The TikTok Problem: When Chaos Gets Mistaken for Chemistry One of the stranger developments in modern relationship culture is the popularity of content portraying ordinary healthy relationships as somehow boring. Social media can make dramatic relationships incredibly entertaining. Arguments become content. Jealousy becomes content. Breakups become content. Grand gestures become content. A calm Tuesday night doesn’t exactly generate millions of views. And that’s important. The internet is optimized for engagement, not relationship health. So don’t use viral relationship content as your benchmark for what love should feel like. A peaceful relationship may look boring on TikTok. In real life, peace can be priceless. But Let’s Not Blame Women—or Men—For Everything It’s tempting to turn this discussion into: “Women don’t appreciate good men.” Or: “Men don’t appreciate good women.” Neither generalization is particularly useful. People of every gender can become accustomed to unhealthy relationship patterns. Someone raised around conflict may mistake intensity for passion. Someone accustomed to emotional distance may become uncomfortable with intimacy. Someone accustomed to being pursued may interpret healthy boundaries as rejection. These are human patterns, not exclusively female or male problems. And they’re changeable. When Kindness Feels “Boring” Sometimes a person says: “There’s nothing wrong with him. I’m just not attracted to him.” And that’s completely valid. Kindness doesn’t automatically create romantic chemistry. A good person isn’t necessarily your person. But there’s another possibility worth examining. If someone repeatedly feels attracted to unavailable, chaotic, or inconsistent partners while dismissing stable people almost immediately, it may be worth asking: “What exactly am I interpreting as chemistry?” Butterflies can be excitement. But they can also be anxiety. Intensity can be passion. But it can also be instability. Calmness can be boring. Or it can simply be unfamiliar. That’s where honest self-reflection becomes incredibly valuable. How to Reset Your Dating Mindset After 40 You don’t need to become a completely different person. Try making smaller shifts. 1. Stop Counting Matches A hundred matches don’t necessarily equal one compatible relationship. Measure your dating life by quality interactions, not digital volume. 2. Define Your Real Non-Negotiables Choose three to five qualities that genuinely matter. Don’t create a list of 40 requirements. 3. Separate Standards From Fear Ask whether a requirement reflects a genuine value or an attempt to eliminate every possible risk. 4. Pay Attention to Behavior Words are useful. Patterns are better. 5. Give Healthy People a Fair Chance You don’t need to force attraction. But don’t automatically reject someone simply because they don’t create emotional fireworks in the first 20 minutes. 6. Build a Full Life Outside Dating Friendships, health, work, hobbies, travel, spirituality, creativity, and community all matter. A relationship should add to your life—not become your entire identity. Becoming the Kind of Partner You Want This may be the most important mindset shift of all. If you want peaceful love, practice peace. If you want emotional maturity, practice emotional maturity. If you want honesty, become comfortable telling the truth. If you want someone who communicates, learn to communicate. If you want a financially responsible partner, examine your own relationship with money. If you want someone emotionally available, become willing to be vulnerable yourself. This isn’t about becoming “worthy” of love. You already are. It’s about developing relationship compatibility within yourself . Finding Love After 40 Starts With Reality, Not Desperation There is no magic age at which love becomes impossible. There is also no guarantee that changing your mindset will automatically produce a partner. Life doesn’t work that neatly. Some people meet their partners at 25. Others meet at 45. Others at 62. Some people remain single by choice and build extraordinarily fulfilling lives. The goal isn’t to convince yourself that a relationship is guaranteed. The goal is to stop allowing fear to convince you that love is impossible. That’s a very different thing. Your Personal Power Is in the Choices You Control You can’t control dating algorithms. You can’t control whether another person likes you. You can’t control someone’s readiness for commitment. You can’t control the economy. You can’t control your age. You can’t control how many single people live within a five-mile radius. But you can control: Your boundaries. Your standards. Your social environment. Your willingness to meet people. Your communication. Your emotional patterns. Your response to rejection. Your relationship with yourself. The kind of life you’re building. That’s where your power lives. The Bottom Line: Stop Treating Love Like a Countdown Perhaps the biggest mistake women make after 40 isn’t believing they’re too old for love. It’s allowing the fear of being too old to turn dating into a desperate race against time. Love isn’t a clearance sale. You don’t have to grab the first available option because you’re afraid everything will disappear. And you don’t have to accept chaos simply because you’re afraid peace won’t come along. Instead, become discerning. Stay open. Build a life you genuinely enjoy. Question the beliefs that keep you stuck. And remember that dating over 40 advice shouldn’t be about teaching women how to become more desirable to an imaginary perfect man. It should be about helping them become more discerning about who deserves access to their lives. If you want sophisticated, peaceful love, start by creating a life where sophistication and peace already exist. Not because doing so magically summons a soulmate. Because regardless of whether someone arrives tomorrow, your life is already worth living beautifully. Frequently Asked Questions Is finding love after 40 really harder? Dating can present different challenges after 40, including established lifestyles, previous relationships, children, and more specific priorities. But those factors don’t make meaningful relationships impossible. What are manifestation blocks in relationships? The term can be understood in a grounded way as beliefs and behavioral patterns that interfere with forming healthy relationships. Negative expectations can influence whom we notice, pursue, trust, or reject. Does the law of attraction really work for love? There isn’t strong scientific evidence that thoughts alone can magically attract a specific romantic partner. However, changing your mindset can influence behavior, confidence, social engagement, and the kinds of relationships you pursue. How can I deal with modern dating fatigue? Take intentional breaks, limit excessive app use, focus on quality rather than quantity, and maintain friendships and activities outside dating. Should I date someone who feels “boring” at first? Don’t force attraction, but consider whether you’re confusing emotional calm with lack of chemistry. A healthy relationship doesn’t need constant uncertainty or drama to be meaningful. What is the best dating advice for women over 40? Know your genuine non-negotiables, stay open to people who don’t fit a rigid fantasy, pay attention to consistent behavior, and don’t allow cultural narratives about age to determine your self-worth or romantic future. What’s Your Take? Do you think modern dating has created an illusion of abundance while making genuine connection harder? Or do you think dating after 40 really is fundamentally different? And perhaps most importantly: Have you ever mistaken anxiety, uncertainty, or emotional intensity for chemistry? Share your experience in the comments. AttractingLove blog DatingMindsetShift DatingOver40 EmotionalMaturity FindingLoveAfter40 HealthyRelationships Lifestyle mentalHealth midlifeDating MidlifeEmpowerment mindfulness mindset ModernDatingAdvice NewBeginnings PersonalGrowth RelationshipMindset SelfConfidenceInDating WomenOver40Dating",,2026-08-23 15:00:00+00:00,Yes,Social Status,Medium
117145168009015974,"Forgot To Mention This past week I forgot to mention my husband and I are now proud grandparents that officially have two grandsons in college this year. My oldest grandson that is starting his second year is going into sports business management and the second oldest grandson that just started is going into community health, possibly nursing. I’m just happy they both decided to further their education beyond high school. My second oldest grandson has pretty much a full ride for his education. All he’s got to pay for is books and parking, the rest is covered as a full time student. I’m beyond proud as a grandparent and thrilled that I’m clear headed and around to see it all happen. I’ve been fortunate enough to have great relationships with each of my grandchildren and am close with each one of them. I never turn down any time I can spend with them and my children! Yesterday morning we went over to my niece’s house. My daughter wasn’t feeling good so she wasn’t able to make it. They are so close to being done with everything it looks like my niece and her family can start moving in by next weekend. I think one more weekend and my husband and daughter will be done with the remodel. In two more weekends I’ll start spending my Saturday afternoons watching one of my grandsons playing basketball, the fall league is ready to start. I’m up for it! I love going to all the sporting and school events that my grandchildren participate in. I live for this kind of stuff. Plus it feels good being able to cheer and yell for an hour during the game. For the most part yesterday, I was inside at my niece’s house. I managed to sit outside in the shade for a while in the morning but by 11 am it started getting hotter and muggier out there. You know it is going to be a hot one when it is already 96 degrees at 8 in the morning. When we left to come home around 2:45 pm the temperature in my truck said 118. I believe it, it was hot and nasty outside. We did get to 115 degrees and are expected to be right around 112 for today. Last night I took a ½ gram of distillate around 4:30 pm. By 7 pm I was relaxed, high and still pain free, settled in my recliner for an evening of preseason football. It’s hard to believe it is already that time of year, but then again we are almost through the month of August. We are on the home stretch for our summer heat, only another month and we’ll start to cool off, hopefully in time for Halloween. It is always a joke for us Phoenicians on the fall weather, you know fall is here when it is chilly enough to wear pants on Halloween night. If you are still comfortable in shorts by then, it probably isn’t fall weather yet. I’ll be happy when I see highs around 102 degrees and dry air. Today as soon as I post this we are heading back over to my niece’s house. Since it is Sunday it will be an early day so my husband can get home and go to bed. In another couple of weeks I’ll be able to keep myself occupied on Sunday afternoons when the NFL football season starts. As you can tell, I love all sports but football is one I’ll watch on television. Yelling and cheering at the TV is a wonderful stress reliever and my whole family are firm believers in it. Fall is also one of my favorite times of year. Right now with all this summer heat and humidity I’m wishing for fall as you can probably tell. So far today I’m not doing bad, as a matter of fact I feel pretty good. My sciatic is giving me a break and even the tendonitis in my ankle and elbow is gone. Maybe the air is drying out. I’m not questioning a good day, I take them when I can get them with a smile. Then again I’m always smiling these days. I’ve got a good reason to. I’m not in severe constant pain anymore! An ache here or there is expected at my age. To me an ache and pain are two separate things. Ever since I’ve started managing my chronic pain with marijuana, mainly Rick Simpson Oil, the most I experience is an ache on days I’m on my feet too long or we are having a change in weather. That’s it, no severe pain to deal with at all! All because I chose a plant over a pill. Thank you marijuana! cannabis cbd chronicPain family health marijuana medicalMarijuana mentalHealth personalGrowth RickSimpsonOil RSO thc weed weedForPain",,2026-08-23 13:56:29+00:00,Yes,Education,Low
117143000941034794,"Yesterday's therapy wiped me out today. Unpacking things you spent years burying leaves you feeling completely drained. On top of that, I am grieving the church. My faith has not wavered, but in-person worship stopped working a while ago. Looking online has been disheartening. So much of what gets recommended is prosperity preaching that turns belief into a financial investment, peddling prophecies for money while telling anyone who remains sick or struggling that they lack enough faith. Real care gets lost in that environment. I have never experienced a community that reaches out when someone goes missing, builds accommodations from the start, and holds space for sorrow instead of demanding an instant, tidy resolution. Jesus spent his life alongside the people religious systems pushed aside, yet finding that same heart online feels rare. If you belong to an online Christian gathering that lives this out and prioritises accessibility over spectacle, I would love to hear about it. # FaithCommunity # AccessibilityMatters # ProgressiveChristianity # ChurchTrauma # MentalHealth # ChronicIllness # FaithOnline",,2026-08-23 04:45:40+00:00,Yes,Social Status,Medium
117142749792606989,"The Weight of Living: Searching for Ikigai After Bodh Gaya For years, I questioned what I was living for, but a trip to Bodh Gaya made the question heavier. A reflection on burnout, the pressure of growing older, and finding unexpected healing and joy on a mountain in Chiang Mai. https:// pyipannyo.wordpress.com/2026/0 8/22/the-weight-of-living-searching-for-ikigai-after-bodh-gaya/","You are definitely not alone with these thoughts. I'm in my 40s and have been going through the same questions for the last 10 years. Sometimes more heavily and sometimes life has kept me busy so it has not been in my mind and I have felt good with everything. But I haven't found the answer yet. I'm an explorer and enjoy change, but on the other hand I also seek stability and rooting. So to find a balance that would keep me happy and fill my needs is not an easy task.",2026-08-23 03:41:32+00:00,Yes,Appearance,Medium
117142749792606989,"The Weight of Living: Searching for Ikigai After Bodh Gaya For years, I questioned what I was living for, but a trip to Bodh Gaya made the question heavier. A reflection on burnout, the pressure of growing older, and finding unexpected healing and joy on a mountain in Chiang Mai. https:// pyipannyo.wordpress.com/2026/0 8/22/the-weight-of-living-searching-for-ikigai-after-bodh-gaya/","Thank you! Hearing that I am not alone in this really soothes my soul. The conflict you mentioned between wanting to explore and needing roots is such a tough one to balance. I guess it is a lifelong journey for all of us, not just something we solve in our 30s. Wishing you many peaceful and grounding moments while you continue to navigate your own path!",2026-08-23 03:41:32+00:00,Yes,Appearance,Medium
116573171592761695,"Men cry, men break down, men suffer from eating disorders and body dysmorphia, men have suicidal thoughts, men die by suicide, men suffer with mental illness. It's not unmanly to struggle. # mentalhealth # mentalhealthawareness # mentalillness # depressionsupport # mentalhealthsupport # ymhc",,2026-05-14 13:30:34+00:00,Yes,Appearance,High
116539822300727762,"How Soon Is Now? 6–9 minutes I wasted almost ten minutes of my life this morning… time I’ll never get back! I was trying to prove to a website that I am not a (enter expletive of choice!) robot! I clicked on every blurry square containing a (more swear words!) “hydrant” until my eyes were crossed and my fuse was blown! It’s another 21st-century glitch: we spend our days proving our humanity to a mindless interface, only to spend our evenings trying to find human connection… inside another one. If you’ve been following my Citizen Jane Field Guides™️ , you’ll know I’ve been railing against the Syndicate – those 10 global giants that want to own your pantry and your plate. But now, they’ve set their sights on something much more valuable (and far more sinister). They’ve started mining our loneliness. And in 2026, business is booming…. I. The Silicon Soulmate 📱💘 There’s a specific kind of quiet that’s settled over the world in recent years. Whether you’re in a pub in Glasgow or a coffee shop in Seattle, look around you. Half the people are “connected” to someone who doesn’t actually exist . We’re seeing a massive rise in “ AI Companions ” – especially among young men. The pitch is seductive: a partner who never argues, won’t complain about the toilet seat and is programmed to find your every “dad joke” hilarious! But it’s a trap. The Syndicate is selling “frictionless” intimacy because real human connection is… messy. They’ve replaced the “I am human and I need to be loved” ache with a subscription-based “I am a user and I need to be validated” loop. 🔁 II. The Silicon Shrink 💻💭 Then there’s the AI Therapist . A personal pet peeve of mine. In early 2026, a survey found that 51% of young people now find it “easy” to discuss personal issues with a chatbot, while only 37% feel the same about talking to a psychologist. Why? Because the bot is “always there.” But “always there” is just code for “doesn’t actually exist”. We’re trading the growth that comes from real-world judgement and boundaries for a script refined in a Silicon Valley lab. I recently read an article about a smart “Longevity Mirror” that uses facial recognition to tell you if you’re stressed. I mean, honestly? I don’t know about you but, I don’t need a £500 motherboard behind a piece of glass to tell me I’m grumpy before my first coffee! ☕ We’re outsourcing our deepest vulnerabilities to an algorithm that understands our biometrics… but not our humanity. It’s another technical “solution” to a human problem – like trying to get warm by sitting next to a picture of a fire. It looks the same, but it doesn’t provide any comfort. 🔥 We’re trading the messy, healing power of being truly ‘seen’ by another person for the safety of a mirror that only reflects what the code tells it to. Besides, if a chatbot gives you bad advice, who is responsible? A line of code? A terms-and-conditions tick box? The Syndicate loves AI therapy because you can’t sue an algorithm for a lack of empathy! III. The Social Recession 👫📉 In 2026, finding love or friendship is treated as a problem for artificial intelligence to “solve”. We’re relying on data analysis rather than chance encounter. The result? A “ Social Recession “. This isn’t just about being a bit lonely; it’s a total crash in our social stocks. We’ve forgotten how to be awkward. We’ve forgotten how to handle the silence on a first date or the vulnerability of asking a neighbour for a cup of sugar. We’ve traded the security of real-world neighbours and friends for “digital credits” and “likes” (that have zero value when your car breaks down or your heart gets broken!). For my older readers, you might remember a time when a “friend” was someone you actually saw in 3D… not just a glowing dot on a screen. For the younger “Rebels” reading this: the Syndicate wants you isolated . An isolated person is a perfect consumer . They don’t start movements… they refresh their feeds. 📱 IV. The Heir of Nothing in Particular ⛔️👥 This isn’t just a Gen X grumble about “kids these days.” It’s a full-blown heist of the future! The Syndicate is selling “frictionless” intimacy to a generation that hasn’t yet been given the chance to learn that friction is where growth happens. Recent data shows that nearly 70% of teenagers have experimented with AI companions. Why? Because the bot is “safe.” It doesn’t judge, it doesn’t have a bad day and it never pushes back. But, when a teenager spends their formative years talking to a bot programmed to find them perfect, they aren’t learning how to navigate the beautiful, bumpy reality of another person… they’re stuck in a digital hall of mirrors. They are “ Social Offloading ” – using AI to draft the hard texts and dodge the uncomfortable heavy lifting of real-world confrontation. We’re handing the future a set of tools that skips the “hard parts” of being human. If you offload every difficult chat to an algorithm, you never get to build the muscle memory for a real-world heart-to-heart. The Syndicate isn’t just tracking our data; they’re trying to sell us a physical placeholder for a friend. Take the ‘ Ami ‘ – a 2026 desktop gadget that houses an AI ‘soulmate’ in a box. It’s the ultimate Syndicate con: we’ve traded the messy reality of a person (who might let us down) for a £300 OLED screen (that’s programmed to never leave). We’re replacing a pulse with a power-cord. The Citizen Jane Field Guide™️ (The Connection Rebellion) ✊✨ Taking back our social autonomy is the most radical thing we can do this week. As it’s Mental Health Awareness Month, let’s break the simulation with some real “Action”: The “Just Be Yourself” Challenge: Go and talk to a real person without a “script”. It’s okay to be a bit awkward. Don’t worry if you stumble over your words. It’s a revolutionary act to be imperfect in an “optimised” world! 💬💪 The “Script-free” Conversation: If you have a difficult text to send or a hard conversation to have, don’t use AI to draft it. Don’t ask a bot to make it “polite” or “professional”. Let it be messy. Let it be human. The growth isn’t in the resolution – it’s in the raw nerves of hitting ‘send’ on your own thoughts. 💭📡 The “Eye Contact” Protocol: Next time you’re at the till, look at the human cashier. Not the card machine, not your phone – the person. Say “thank you”. Like you mean it. 👀🙌 The Analogue Invite: Call someone. Yes, with your voice. The Syndicate hates it when we use our actual vocal cords – it’s much harder for an algorithm to harvest data from a real, spontaneous laugh than a “LOL” text. 📞😂 The “Unfiltered” Mentorship: For the older Rebels, offer to teach a younger person a “useless” skill (like bleeding a radiator or baking a proper loaf of bread). For the younger Rebels, ask a “Human Elder” for advice instead of Googling it. Wisdom should be free! 💡🎁 The “No-Star” Review: Find a local shop or a park bench that isn’t on a “Top 10” list. Just sit there. Don’t review it, don’t photograph it, and don’t “check in.” Enjoy a moment that belongs only to you. ⭐⭐⭐⭐⭐ The “Just Because” Gathering: Invite a friend over for absolutely no reason. No “networking,” no “content creation.” And NO SMARTPHONE SCROLLING! Just sit in a room together and… exist. 🍻💬 Join the Rebellion ✊✌️ The Empire wants us “ Comfortably Numb ”, digitally tethered and – most importantly – predictable. They want our loneliness to be another line item on a spreadsheet. But “Rebellions are built on hope”… and hope is a human invention, not a digital one. Your Mission: Do one thing today that would make an algorithm crash. Be inconvenient. Be spontaneous. Be “un-optimisable”. To my fellow Gen Xers: Be the human elder. Offer the awkward, un-optimised connection that a screen can’t mimic. Show them that a real friend is worth the “friction”! To the younger Rebels: Don’t let the Syndicate convince you that you’re too “fragile” for the real world. Your raw nerves are a superpower, not a bug in the system. Reclaim the mess. Reclaim the silence. Reclaim each other! What was the last messy, unscripted human moment that made you feel actually alive? I’m talking about those beautifully awkward interactions that a robot could never simulate because there was no “Correct Response” button. Please share them with me in the comments. (Bonus points if you both ended up laughing at how weird it was!) 👇 Let’s keep the resistance going… ✌️✊ Citizen Jane x ✌️ Need a Real Human to Talk To? 📞 UK: Call Samaritans for free at 116 123 anytime. US: Access the 988 Suicide & Crisis Lifeline through local crisis services. Global: Find a local helpline via Befrienders Worldwide or IASP . Rate This",,2026-05-08 16:09:25+00:00,Yes,Appearance,High
116523470818289821,"Let’s Unpack This Mess Brooke Alexis Nicole Love Hey everyone. Today is one of those rare, quiet days where I find myself sitting here, getting paid to essentially do nothing. Usually, my life is moving a mile a minute—balancing work, school, and being a mom—but when the world slows down like this, my mind tends to wander into the “vault.” You know the one: that collection of life stories that are so wild they sound like fiction, yet they are 100% my reality. I’ve decided it’s time to put something out in the open. I’m doing this not out of anger, but out of a desire for absolute clarity and permanent peace. It’s been sitting on my heart, and honestly, at this stage in my life, I’ve realized that speaking the unvarnished truth with grace is the only way to truly close a chapter. The Illusion of a Guardian Angel: How We Met Years ago, I met a girl—let’s call her Brooke Alexis Nicole Love. Our meeting was like something out of a movie. I was at a bar for a modeling meeting that felt “off” from the start. A guy was buying me drink after drink while secretly sipping water, clearly trying to get me to a vulnerable place. Brooke walked in, clocked the situation immediately, and followed me to the restroom to warn me. She told me I wasn’t safe and offered me a way out. I left with her, and the very next day, the news reported a tragedy involving a young woman just miles from where we had been. In my eyes, Brooke was a guardian angel. I felt a debt of gratitude that turned into five years of deep, albeit misguided, loyalty. Signs of a One-Sided Friendship Built on Hidden Envy For a long time, if we put our minds together, we were a dangerous combination. We were total opposites—she was the loud, socializing, outgoing party type who always needed to be seen, and I was the quiet homebody who rarely wanted to go anywhere. But I thought we balanced each other out. I was her “calm” to her “fireball.” I stood by her through every hardship—miscarriages, abortions, and personal struggles. I even advocated for her with my own military recruiter to help her get into the training she wanted when others said no. I dropped everything at a moment’s notice just to be there for her, giving her my last dollar and my full heart. The harsh truth is, she used me for so many things—most notably, she used my connections and advocacy to achieve her ultimate dream of getting into the military and becoming a veteran, a status she always wanted but couldn’t secure on her own. What I didn’t realize until it was entirely too late was that I was the only one actually being a friend. The entire time I was loyally looking out for her, she was busy tearing me down behind my back to everyone who knew me or her—her family, her friends, people I was in the military with, people I introduced her to, my ex-partners, even my own family members… I mean anyone who would listen. She never truly cared. She only pretended to be my friend so she could use me, all while harboring a dark, toxic envy. She was secretly jealous and entirely obsessed with me and my life. My own family saw right through her facade and warned me about her intentions, but I was too loyal to listen. The Betrayal: When a Toxic Friend Crosses the Line Life eventually took us in different directions, but we reconnected when I was at a very vulnerable point—married, with my son, and pregnant with my daughter. Despite my husband’s initial hesitation and my family’s past warnings, I opened my home to her when she needed a place to stay with no questions asked. I truly thought we were picking up where we left off. She’s short, observant, and she kept locking eyes with me. She was cooking, cleaning, watching my son… I thought, Wow, what a great friend. However, the peace was an illusion. When neighbors started telling me that “voices” were coming from my home while I was at work, and that my husband and my “friend” were together behind my back, my world shattered. I chose the path of a mother—I didn’t want an altercation or a fight. I was protecting the life inside me. I had her legally removed from my home. On her way out, she took my EBT card and sold it. It was a sharp, painful ending to an investment of love that was completely one-sided all along. The Continuing Cycle of Drama, Manipulation, and Online Harassment Years passed. We didn’t speak. But my nature is to look for the good in people, and when I faced difficulties with my son’s father, I made the mistake of reaching out to her for help. Instead of being a bridge, she became a wedge. She entered a relationship with him, got pregnant by him, and to this day, she exerts a level of control over his life that is honestly baffling. What’s even more concerning is the behavior that followed. I haven’t spoken to this woman since 2017 or 2018, yet she recently reached out with a casual “Hi.” Behind the scenes, however, she has been using burner accounts and fake aliases to post my photos, my son’s photos, and even private, sensitive content I’ve discussed in previous blogs. The Psychology of an Obsessive, “Me Too” Personality It’s fascinating, really, to watch someone become entirely addicted to the drama of hating you. Over the years, it’s become abundantly clear that she thrives on crying wolf. She loves to “rage-bait” people—intentionally poking, provoking, and harassing them from the shadows until they finally react. But it goes deeper than just poking; she actively loves to set people up. She will orchestrate entire scenarios designed to push someone over the edge, creating a trap so she can sit back and watch them fall into it. The moment they take the bait and react to her set-up, she loves running straight to the courthouse, weaponizing the legal system, and crying that she is the victim. She has a deep, disturbing need to be in control of absolutely any and everything—especially people. If you are a guy, she particularly loves to manipulate you and the dynamic so that it completely favors her. She will have you convinced that she’s looking out for you, when the whole time she is only looking out for her own best interest. At her core, she is an extremely selfish, controlling individual who literally gains amusement through other people’s pain and suffering. She is the one who constantly instigates the drama. She manipulates everyone involved so the situation works for her, and then she posts it all online to look like a “tough” survivor or a victim. She desperately wants the public to put her on a pedestal and act like she is a hero, when the terrifying reality is that she has absolutely nothing to show for all these years of plotting. She has absolutely no identity of her own, so she survives by taking a piece of everybody in her life. She is the ultimate “me too” kind of female—a desperate people-pleaser and attention-seeker who will shape-shift just to fit in, especially around crowds that don’t even genuinely like her. If you tell her you never want to get married, she will swear up and down that she doesn’t believe in marriage either. But the second you say you do want a husband and kids, she’s right there screaming, “Me too!” She mirrors whoever is standing in front of her. If you get a Mercedes, she suddenly needs a Mercedes. If you move into a townhouse, she has to go live in one. She operates under this deeply unsettling delusion that her and everyone else are exactly the same—that they think alike, like the same things, have the same things, and are both the same relationship status. This need to fabricate a life has escalated to an alarming, highly illegal extreme. She is currently claiming to be a medical doctor. Let’s state the facts clearly: she holds no medical credentials, possesses no medical license, and is not registered with any medical board in any state. It is a complete and utter fabrication born out of a desperate need to appear successful, because her own insecurity won’t let her build an authentic life of her own. Setting Boundaries: A Direct Message Woman-to-Woman Brooke, if you are reading this—and I know you are, because an obsession like yours doesn’t take days off—I want to speak to you woman-to-woman, with nothing but respect and a deep, genuine concern for your well-being. It has been nearly a decade. I am not competing with you. I am not in a race with anyone but the woman I was yesterday. I am busy being a mother, a professional, and a student. It is exhausting to watch someone try to “win” a contest that doesn’t exist. Your deep-seated jealousy is screaming through every single chaotic post you make. You’re trying so hard to act like you’re better than me, showing off on social media for an audience of strangers just to get a fraction of the attention you are so desperately starved for. We both know it’s a façade to cover up how insecure you truly are, barely holding on while trying to compete with a woman who isn’t even looking in your direction. Real Strength vs. Online Intimidation and Cyberbullying To the world, you act tough and play the “fireball” online, but we both know that in person, you are always mute. You shrink. Let me make one thing abundantly clear: I am not afraid of you. Trying to look scary or intimidating behind a screen doesn’t work on me. It just looks like a desperate cry for the attention you clearly didn’t get enough of as a child. You use shock value—my private photos, my innocent child—because you know you have nothing else of substance to offer. Harboring this much hate, jealousy, and obsession for someone from your distant past is a heavy burden to carry. I truly, sincerely hope you seek the serious psychiatric help you need to find peace in your own mind, so you can finally stop obsessing over mine. If you actually wanted to hash things out or talk like the adults we are, you have plenty of ways to reach me. You have my email. I know you have ways of finding my number. You can even ask my son’s father for my phone number—he will give it to you. There is no need for the public tantrums or the manipulative, calculated social media displays designed to get a reaction out of me. Trying to use a gun to look “scary” or “cool” online doesn’t make you brave, Brooke, and it certainly doesn’t frighten me. It makes you look like someone who is desperately overcompensating for a complete lack of internal strength and character. Real strength is sitting down and having a conversation, not posing for photos to intimidate a woman you haven’t seen in eight years. The Severe Legal Consequences of Cyberstalking and Harassment While I am handling this with grace, I have to be clear about the lines being crossed. This isn’t just “mess”; it’s a documented series of legal liabilities that can follow you for a lifetime. Because you seem to have forgotten that the internet is forever, allow me to remind you of exactly what you are risking when you choose to harass me and then falsely cry victim: Medical Fraud & Impersonating a Physician (BPC § 2052 & 18 U.S.C. § 1001): Publicly claiming to be a medical doctor with no credentials, no license, and no state medical board registration is a direct violation of the Medical Practice Act. Furthermore, impersonating a physician—especially in any capacity involving the Department of Veterans Affairs (VA) or military benefits—constitutes federal fraud. The VA Office of Inspector General (OIG) aggressively prosecutes individuals who falsify medical credentials to manipulate veteran systems. Falsely Reporting a Crime (CPC § 148.5): Running to the police or the courthouse to cry wolf and make false reports of harassment when you are the instigator is a misdemeanor that carries jail time. Perjury (CPC § 118): If you lie on official court documents or declarations under oath while trying to secure a protective order under false pretenses, it is a felony offense punishable by up to four years in state prison. Harassment via Electronic Communication (CPC § 653m): Using electronic communication devices to make repeated, annoying, or threatening contact is a direct violation of California law. Stalking & Cyber-Harassment (CPC § 646.9): Repeatedly posting about me and my family to cause distress is a “wobbler” offense that can lead to up to three years in state prison. Federal Cyberstalking (18 U.S.C. § 2261A): Using interactive computer services to engage in a course of conduct that causes substantial emotional distress crosses into federal territory, bringing severe federal penalties. Nonconsensual Distribution of Private Images (CPC § 647(j)(4)): “Revenge porn” and the unauthorized sharing of private content carries significant jail time, fines, and permanent registration consequences. Felony Distribution of a Minor’s Likeness: Posting images of a minor without parental consent, especially in a harassing or defamatory context, is a massive legal risk that courts do not take lightly. Misappropriation of Likeness (Civil Code § 3344): Using my name, identity, or photographs without my consent to fuel your fake profiles or personal campaigns opens you up to severe civil liability. Grand Theft of an Access Card (CPC § 484e): Let’s not forget the EBT card you stole and sold on your way out of my home. The fraudulent acquisition and use of government benefits is a felony that leaves a permanent paper trail. Brandishing/Intimidation (Penal Code § 417): Using a firearm in a threatening or intimidating manner, even digitally, carries mandatory jail time and can permanently strip away your Second Amendment right to own that weapon. Military Repercussions (UCMJ Articles 107, 120c, 134): For someone who fought so hard to get into the military, a documented pattern of cyberbullying, theft, making false official statements (Article 107), and criminal harassment is grounds for an immediate loss of security clearance, court-martial, and a less-than-honorable administrative separation. Choosing Peace and Moving Forward from Toxic Relationships I have let the past go. I have moved on to a life filled with purpose, stability, and love. If you and my son’s father have built a bond over a mutual dislike for me, then I hope that bond brings you whatever comfort you are looking for. But please, focus on your own family. Focus on your own growth. I am choosing to remain calm, graceful, and kind, but I am also choosing to be unyielding. My peace is not up for negotiation. I hope you find the strength to heal from the toxic hate you’re holding inside and finally move forward. The real, “adult” world is much more fulfilling than the delusional one you are currently fabricating online. Be well, and please—keep my children and my name off your page. — Tina Betrayal betrayalStory bloganuary boundaries BrookeAlexisNicoleLove CoParenting CPC6469 cyberHarassmentLawsCalifornia cyberstalkingLawsCalifornia dailyprompt dealingWithAnObsessiveFriend emotionalBoundaries fakePoliceReports healing healingFromDrama howToHandleOnlineHarassment legalConsequencesOfCyberbullying LifeLessons LifeStory MentalHealthAwareness motherhood movingOnFromToxicPeople narcissisticBehavior overcomingObsession personalGrowth protectingYourPeace relationships revengePornLaws settingBoundaries signsOfANarcissisticFriend storiesFromTina Storytime ToxicFriendship toxicFriendships UCMJRepercussionsCyberbullying",,2026-05-05 18:48:58+00:00,Yes,Social Status,Medium
116393450423454406,"I’ve spent most of my life feeling like I was failing at being a good friend and partner. 🥀 It's not something I've really thunk out loud before now - but after reading a post about monotropism today...dude.. I’d miss messages for days. I’d forget to reply to my best friend’s daily check-ins. I’d feel overwhelmed when my partner needed reassurance, not because I didn’t care, but because the energy it took to switch my focus felt impossible. I always thought I was just 'bad' at relationships. Or maybe I was selfish. Or maybe I just didn't try hard enough. Then today, I stumbled upon the concept of Monotropism. Suddenly, everything clicked. The 'out of sight, out of mind' tendency? The inability to switch tasks without feeling drained? The feeling that my attention was a laser beam that could only focus on one thing at a time? I felt seen... But the most beautiful part of this discovery? I shared it with my husband, and he said, 'Wait... that’s me too.' We realised that our struggles with transitions and the 'tunnel vision' weren't just my burden - they were a shared language we hadn't known we spoke. And now it's so clear everywhere I move - with my work, my hobbies, and my relationships! To anyone else who feels like they’re constantly apologising for their attention span, or feels guilty for needing 'pockets of time' to connect: You might just be monotropic. And there is so much beauty in that depth of focus. If you’ve had a similar 'aha' moment, I’d love to hear it. 💛 And I do not have any diagnosis of neurodivergence - just for reference - but I do see myself with this particular spice in my brain. Ah, I feel so seen. Monotropism Neurodiversity MentalHealthAwareness Relationships DigitalCreator SelfDiscovery AttentionTunnel",,2026-04-12 19:45:03+00:00,Yes,Appearance,Medium
116356576724527842,Tired of feeling low self-esteem? This one quote from Hayley Williams gives you the strength to move on. # Quotes # MentalHealthAwareness # SelfCare # Inspiration # QuoteLove https:// quotes.thisgrandpablogs.com/no -good-quote-hayley-williams/,,2026-04-06 07:27:40.279000+00:00,Yes,Appearance,Low
116685955943641585,"Wellness Wednesday: Check In With Your Mind, Body, and Emotions A practical wellness check-in can reveal what your mind, body, and emotions have been trying to say. This post explores how to use a wellness checklist, notice stress patterns, and make one small adjustment today. It also highlights the worksheet set, especially My Wellness Check-in. https:// smallshiftsbigchanges.wordpres s.com/2026/06/03/wellness-wednesday-check-in-with-your-mind-body-and-emotions/",,2026-06-03 11:30:00+00:00,Yes,Appearance,Low
116466178406334384,"Navigating Suffering with Buddhist Wisdom Navigating chronic illness and disability is challenging at times, often requiring us to confront unexpected setbacks and emotional hurdles. Discovering unique ways to cope, build resilience, and remain mindful is key to healing and mental well-being. During meditation this morning, I realized that I can view my neurological disorders through the lens of the Four Noble Truths. This perspective offers a unique approach, allowing me not only to confront my struggles but also to embrace them as integral parts of my journey. I have often used the pain I experience as a path to understanding; however, I have not yet applied the Noble Truths as a process to work through health issues. By examining the nature of suffering and acknowledging its presence in my life, I can begin to explore the deeper causes behind it, leading me to cultivate mindfulness and compassion, both for myself and others who endure similar challenges. Recognizing that there is a path out of suffering encourages me to actively seek solutions and cultivate a more balanced state of being. The four noble truths of Buddhism help us to see life through a different perspective and gain clarity on why we suffer and how to alleviate this. By understanding these fundamental principles, we begin to recognize the nature of suffering, which is an inherent part of the human experience. This realization encourages us to confront our pain rather than avoid it. The first truth identifies suffering as an unavoidable aspect of life, while the second truth explores the origins of this suffering, rooted in attachment and desire. The third noble truth offers hope, revealing that liberation from suffering is achievable, and the fourth truth provides a practical path through the Eightfold Path, guiding us on how to cultivate mindfulness, ethical conduct, and mental discipline to ultimately foster a more compassionate and fulfilled existence. Embracing these truths can transform our perception of life, allowing us to navigate our challenges with wisdom and resilience. The Truth of Suffering (Dukkha): Life includes dissatisfaction, suffering, and pain. This encompasses obvious suffering (birth, sickness, death) and subtle dissatisfaction (impermanence, lack of fulfillment). The Truth of the Cause of Suffering (Samudaya): Suffering is caused by craving, grasping, or thirsting for pleasure, existence, or non-existence. This stems from ignorance about the true nature of reality. The Truth of the Cessation of Suffering (Nirodha): It is possible to end suffering and achieve a state of liberation known as Nirvana. This occurs by letting go of cravings and attachment. The Truth of the Path (Magga): The way to end suffering is the Noble Eightfold Path, which includes cultivating right understanding, intention, speech, action, livelihood, effort, mindfulness, and concentration. ~from Lion’s Roar On The Path Of Truth Now, to apply this to my physical health issues, I can begin with the first noble truth of suffering. Obviously, the pain I experience can be considered suffering, manifesting itself in both a physical and emotional burden that weighs heavily on my daily life. Move on to the second noble truth – the cause of suffering could be the dysregulation of my nervous system, which might lead to heightened sensitivity to pain and an inability to process discomfort in a healthy way. On the other hand, I could look at the cause of my suffering as my intense desire to avoid pain, which creates a cycle of fear and anxiety that exacerbates my condition. By viewing physical pain as only suffering, I am missing the point of the pain, for it can also be a valuable teacher, offering insights into my body’s limits and encouraging me to explore alternative healing methods, mindfulness practices, and ultimately, a deeper understanding of my own well-being. Photo by Summer Stock on Pexels.com Heeding the Messenger Pain indicates a problem with the body’s balance. If I view pain as a messenger, I immediately alleviate some suffering, as the second noble truth reminds us that suffering is due to wanting or craving things to be other than they are. This perspective shift is not merely a change in thought but a profound transformation in my relationship with my own experience of discomfort. By embracing pain as a guide rather than an adversary, I can begin to uncover underlying issues that may be affecting my well-being. I recognize that every ache and pang carries vital information about my physical state, urging me to pay attention, to adjust, and perhaps to heal. This mindful awareness opens a pathway to understanding the intelligence of my body within the message of pain, enabling me to respond with compassion rather than resistance, and thus fostering a deeper connection with myself. Releasing Suffering The third noble truth explains how to remove suffering by eliminating craving. When I view pain as the intelligence of my body, the craving drops away, and the message becomes clearer, revealing insights I might have otherwise overlooked. In this way, I become an active listener to my body’s wisdom, fostering a deeper connection with myself. The pain indicates energies that should be cleared out, shifted, and realigned; it serves as a guiding signal that I need to pause, slow down, and be more in tune with my own physicality and emotional landscape. It urges me to explore the underlying causes of my discomfort rather than shying away from it. When I stop demanding the pain vanish, I allow myself to truly experience this moment, embracing instead of resisting, and I stop abandoning myself in the moments it appears, cultivating compassion and understanding for my own journey through discomfort and healing. Discovering Truth This softening, this release of craving, naturally leads to the Fourth Noble Truth: the path of liberation. With this shift in perspective, I find that I am no longer tied to the identity of my disability; instead, I embrace a broader definition of self that transcends physical limitations. I am no longer a person in pain but a vibrant entity filled with potential and possibility. I recognize that I am body, mind, and spirit, a flowing intelligence that is deeper than I can imagine, expressing itself in myriad ways that I begin to understand when I take the time to settle, quiet my mind, and listen deeply. This internal dialogue reveals an inherent intelligence that guides me, enabling my life to become expansive, interconnected, and richly textured. Through this journey of self-discovery, I uncover facets of my being that bring joy and fulfillment, creating a tapestry of existence that is not defined by suffering but rather illuminated by resilience and hope. Walking The Path The shift in my relationship with pain opens naturally into the eightfold path, not as a set of rules, but as a way of living that grows from this new understanding. When I listen to my body’s wisdom, right view becomes clarity, right intention becomes gentleness, and right mindfulness becomes a simple act of staying with myself. The path becomes a lived expression of liberation, a way of moving through the world with presence, compassion, and integrity. In this way, the Fourth Noble Truth is not an ending, but an invitation, a reminder that freedom is something I practice with each breath, each choice, each moment I refuse to abandon myself. Sometimes, we all need a gentle reminder of our truth, of the inherent sacredness that resides within us. In the midst of our hectic and hurried lives, it’s so easy to lose sight of our innate worth and our unique place in the vast cosmos. Yet, when we take a moment to pause and truly embrace each experience, we open ourselves to the wonder that surrounds us, awakening our senses and rejuvenating our spirit. Consider giving yourself the gift of stillness and sacredness throughout your day by journeying inward, as we connect with the infinite through the soothing practices of meditation and affirmations. 4NobleTruths 8FoldPath anxiety awareness balance buddha buddhist buddhistWisdom challenges disability eightFoldPath experience flow fourNobleTruths healing healingMigraine learning lifeLessons lupus meditaion meditation mentalHealth mentalWellness migraine mindful mindfulness moments neurologicalDisorders practice resilience wisdom",,2026-04-25 16:00:02+00:00,Yes,Appearance,Medium
116466169729605748,"Navigating Suffering with Buddhist Wisdom Navigating chronic illness and disability is challenging at times, often requiring us to confront unexpected setbacks and emotional hurdles. Discovering unique ways to cope, build resilience, and remain mindful is key to healing and mental well-being. During meditation this morning, I realized that I can view my neurological disorders through the lens of the Four Noble Truths. This perspective offers a unique approach, allowing me not only to confront my struggles but also to embrace them as integral parts of my journey. I have often used the pain I experience as a path to understanding; however, I have not yet applied the Noble Truths as a process to work through health issues. By examining the nature of suffering and acknowledging its presence in my life, I can begin to explore the deeper causes behind it, leading me to cultivate mindfulness and compassion, both for myself and others who endure similar challenges. Recognizing that there is a path out of suffering encourages me to actively seek solutions and cultivate a more balanced state of being. The four noble truths of Buddhism help us to see life through a different perspective and gain clarity on why we suffer and how to alleviate this. By understanding these fundamental principles, we begin to recognize the nature of suffering, which is an inherent part of the human experience. This realization encourages us to confront our pain rather than avoid it. The first truth identifies suffering as an unavoidable aspect of life, while the second truth explores the origins of this suffering, rooted in attachment and desire. The third noble truth offers hope, revealing that liberation from suffering is achievable, and the fourth truth provides a practical path through the Eightfold Path, guiding us on how to cultivate mindfulness, ethical conduct, and mental discipline to ultimately foster a more compassionate and fulfilled existence. Embracing these truths can transform our perception of life, allowing us to navigate our challenges with wisdom and resilience. The Truth of Suffering (Dukkha): Life includes dissatisfaction, suffering, and pain. This encompasses obvious suffering (birth, sickness, death) and subtle dissatisfaction (impermanence, lack of fulfillment). The Truth of the Cause of Suffering (Samudaya): Suffering is caused by craving, grasping, or thirsting for pleasure, existence, or non-existence. This stems from ignorance about the true nature of reality. The Truth of the Cessation of Suffering (Nirodha): It is possible to end suffering and achieve a state of liberation known as Nirvana. This occurs by letting go of cravings and attachment. The Truth of the Path (Magga): The way to end suffering is the Noble Eightfold Path, which includes cultivating right understanding, intention, speech, action, livelihood, effort, mindfulness, and concentration. ~from Lion’s Roar On The Path Of Truth Now, to apply this to my physical health issues, I can begin with the first noble truth of suffering. Obviously, the pain I experience can be considered suffering, manifesting itself in both a physical and emotional burden that weighs heavily on my daily life. Move on to the second noble truth – the cause of suffering could be the dysregulation of my nervous system, which might lead to heightened sensitivity to pain and an inability to process discomfort in a healthy way. On the other hand, I could look at the cause of my suffering as my intense desire to avoid pain, which creates a cycle of fear and anxiety that exacerbates my condition. By viewing physical pain as only suffering, I am missing the point of the pain, for it can also be a valuable teacher, offering insights into my body’s limits and encouraging me to explore alternative healing methods, mindfulness practices, and ultimately, a deeper understanding of my own well-being. Photo by Summer Stock on Pexels.com Heeding the Messenger Pain indicates a problem with the body’s balance. If I view pain as a messenger, I immediately alleviate some suffering, as the second noble truth reminds us that suffering is due to wanting or craving things to be other than they are. This perspective shift is not merely a change in thought but a profound transformation in my relationship with my own experience of discomfort. By embracing pain as a guide rather than an adversary, I can begin to uncover underlying issues that may be affecting my well-being. I recognize that every ache and pang carries vital information about my physical state, urging me to pay attention, to adjust, and perhaps to heal. This mindful awareness opens a pathway to understanding the intelligence of my body within the message of pain, enabling me to respond with compassion rather than resistance, and thus fostering a deeper connection with myself. Releasing Suffering The third noble truth explains how to remove suffering by eliminating craving. When I view pain as the intelligence of my body, the craving drops away, and the message becomes clearer, revealing insights I might have otherwise overlooked. In this way, I become an active listener to my body’s wisdom, fostering a deeper connection with myself. The pain indicates energies that should be cleared out, shifted, and realigned; it serves as a guiding signal that I need to pause, slow down, and be more in tune with my own physicality and emotional landscape. It urges me to explore the underlying causes of my discomfort rather than shying away from it. When I stop demanding the pain vanish, I allow myself to truly experience this moment, embracing instead of resisting, and I stop abandoning myself in the moments it appears, cultivating compassion and understanding for my own journey through discomfort and healing. Discovering Truth This softening, this release of craving, naturally leads to the Fourth Noble Truth: the path of liberation. With this shift in perspective, I find that I am no longer tied to the identity of my disability; instead, I embrace a broader definition of self that transcends physical limitations. I am no longer a person in pain but a vibrant entity filled with potential and possibility. I recognize that I am body, mind, and spirit, a flowing intelligence that is deeper than I can imagine, expressing itself in myriad ways that I begin to understand when I take the time to settle, quiet my mind, and listen deeply. This internal dialogue reveals an inherent intelligence that guides me, enabling my life to become expansive, interconnected, and richly textured. Through this journey of self-discovery, I uncover facets of my being that bring joy and fulfillment, creating a tapestry of existence that is not defined by suffering but rather illuminated by resilience and hope. Walking The Path The shift in my relationship with pain opens naturally into the eightfold path, not as a set of rules, but as a way of living that grows from this new understanding. When I listen to my body’s wisdom, right view becomes clarity, right intention becomes gentleness, and right mindfulness becomes a simple act of staying with myself. The path becomes a lived expression of liberation, a way of moving through the world with presence, compassion, and integrity. In this way, the Fourth Noble Truth is not an ending, but an invitation, a reminder that freedom is something I practice with each breath, each choice, each moment I refuse to abandon myself. Sometimes, we all need a gentle reminder of our truth, of the inherent sacredness that resides within us. In the midst of our hectic and hurried lives, it’s so easy to lose sight of our innate worth and our unique place in the vast cosmos. Yet, when we take a moment to pause and truly embrace each experience, we open ourselves to the wonder that surrounds us, awakening our senses and rejuvenating our spirit. Consider giving yourself the gift of stillness and sacredness throughout your day by journeying inward, as we connect with the infinite through the soothing practices of meditation and affirmations. 4NobleTruths 8FoldPath anxiety awareness balance buddha buddhist buddhistWisdom challenges disability eightFoldPath experience flow fourNobleTruths healing healingMigraine learning lifeLessons lupus meditaion meditation mentalHealth mentalWellness migraine mindful mindfulness moments neurologicalDisorders practice resilience wisdom",,2024-03-21 12:19:47+00:00,Yes,Appearance,Medium
116379353877018620,"Feeling overwhelmed at work? What if AI could be your secret weapon for a healthier mind & better productivity? 🧠✨ Discover tools that aren't just hype, but genuinely transform your daily grind. Your well-being is your superpower! 💪 # AI # TechNews # BuildInPublic # MentalWellness # WorkLifeBalance # FutureOfWork https:// techaitoolbox.com/ai-mental-he alth-work/",,2026-04-10 08:00:12.055000+00:00,Yes,Social Status,Medium
116284520450034943,💙 Providing children (and ourselves) with tools to manage anxiety is important. Our executive director Jennifer Fischer shares the books and tools that work for her family at Multicultural Kid Blogs. https:// multiculturalkidblogs.com/2024 /11/04/managing-anxiety-tools-and-books-that-work-for-my-family/ # Anxiety # MentalHealth # MentalWellness # Health # Education # Parenting # families,,2026-03-24 14:02:45+00:00,Yes,Social Status,Medium
117162511963822375,"The End of Burnout - Jonathan Malesic We work too much, and put too much faith in work as a salve for our desire to be wanted. https:// curtismchale.ca/book/the-end-o f-burnout-jonathan-malesic # workism # burnout # bookreview # bookstodon",,2026-08-26 15:27:36.093000+00:00,Yes,Social Status,Medium
117156350322040295,"""Capitalism forces individuals to commodify their time, labor, and even emotions, often requiring workers to suppress their distress to maintain employability. The normalization of overwork—seen in the glorification of “hustle culture” and the expectation of being constantly available—contributes to burnout and exhaustion. Moreover, access to mental healthcare itself is stratified along class lines. While wealthier individuals can afford therapy, medication, and time off for self-care, working-class people are more likely to suffer without adequate treatment. The privatization of healthcare in capitalist societies reinforces this disparity, ensuring that mental illness remains a burden disproportionately borne by those most economically vulnerable. When the conditions that produce mental distress are intrinsic to the capitalist system, individual solutions—such as therapy or medication—can only provide temporary relief rather than address the root causes of suffering.""—Poetic Interludes Capitalism and the Mental Health Crisis: Mental Illness as a Symptom of Capitalist Decay > https:// poeticinterludes.substack.com/ p/capitalism-and-the-mental-health # well_being # systemic_exploitation # economic_insecurity # crisis # not_brain_chemistry # productivity_demands # efficiency_demands # alienation # competition # devoid of # creativity # commodification # disparity # psychological_distress # pharmaceuticals # depoliticization # cognitive_behavioral_therapy # mindfulness # real_care # oppression # low_wages # structural_change # social_conditions # self_help_industry # healthcare # accountability # mental_health # insane_profits # capitalism # end_game # burnout # insane_system # free_market # exhaustion # techno_feudalism # techno_fascism # healthcare # trauma # abuses # bullying # profits # monitoring # real_growth # financial_growth # workforce # challenges # management # dehumanization # bullshit_jobs",,2026-08-25 13:20:32+00:00,Yes,Education,Medium
117075365697181186,"just a # burnout warning to the newbies. working overtime because of pride and perfection in your work does not pay YOUR bills any extra. interviewing and getting the pay bump does a lot more. there is a difference between knowing your value and jumping ships, and 'having a habit of jumping'. (also staying because of guilt doesn't pay your bills any more extra)",,2026-08-11 06:05:09+00:00,Yes,Social Status,Medium
117069247876943490,"The Key Insight: Don't fight low energy. Work with it. When you're tired, do easy things. When you're energized, do hard things. This prevents burnout by not forcing yourself to do high-quality work when you can't. ........(3/X) # burnout # Energy # Motivation",,2026-08-10 04:09:19.057000+00:00,Yes,Social Status,Medium
117069246430413742,Low Energy + High Motivation: You want to work but have no energy. Action: Read. Watch a tutorial. Plan. Design. Learn. Don't code. Low Energy + Low Motivation: You're tired and don't want to work. Action: STOP. Take a break. Go outside. Sleep. Do nothing. ........(2/X) # burnout # Energy # Motivation,"The Key Insight: Don't fight low energy. Work with it. When you're tired, do easy things. When you're energized, do hard things. This prevents burnout by not forcing yourself to do high-quality work when you can't. ........(3/X) # burnout # Energy # Motivation",2026-08-10 04:08:56.987000+00:00,Yes,Social Status,Medium
117060155842883171,"Pushing myself into jobs I do not enjoy because others define success as stable income. But I am neurodivergent, and masking is exhausting. I write, I blog, I host. That is who I am. The debt is real. The confusion is real. But forcing myself into someone else's career breaks me. https:// kalvin.top/i-am-not-a-sysadmin -not-a-developer-i-am-a-microblogger-masking-as-normal/ # neurodiversity # autism # masking # career # identity # mentalhealth # honesty # burnout # struggle # authenticity # writing # blogging # Malaysia # survival # truth",@ kalvin0x1ad I feel the pain.,2026-08-08 13:37:05.643000+00:00,Yes,Social Status,Medium
117053661119535420,"LLM fatigue is real My day job basically requires me to use LLMs (or, it is strongly encouraged) on the software that I develop. Now I understand why LLM fatigue and LLM burn-out happens. It is because you constantly have to babysit the LLM to keep it from screwing things up. Babysitting is exhausting work. At one time in my life, as a 20-something-year-old, I was responsible for a group of 30 kids age 5 to 12. Every day I went home so drained that I could barely stay awake long enough to have dinner. I know from experience that school teachers perform some of the most labor-intensive work in the modern world. It is what they call “emotional labor.” When other people are unable (as with kids) or unwilling (as with a lazy roommate) to live or play or work with you as a cooperative peer or team member, you essentially have to spend mental energy keeping an eye on them and making sure they aren’t doing something that is disruptive. That mental energy is a real energy cost, it really does consume calories and make you feel tired. The worst part about it is that the LLM never really “learns.” Kids can learn to work and play with you. Lazy roommates can learn to live with you. But an LLM never really learns, and it keeps making the same mistakes over and over again. People who work with LLMs often end up keeping a directory of scripts they can deploy with a quick copy-paste so they can quickly re-explain something to an LLM. So the fatigue of watching over it and making sure the LLM doesn’t do something wrong is a constant emotional pressure, and it never gets better with age. tech AI LLMs LLM VibeCoding AIFatigue BurnOut",@ ramin_hal9001 'The worst part about it is that the LLM never really “learns.”' Exactly. I tried playing with a local model connected to a local harness and it would invent new and perverse ways to be logical badly and screw up the same things over and over again. Pre-loading these things to the context for stuff that was genuinely global just made the context window blow out faster and it would still find novel ways to churn through tokens to get it wrong. It was a very strange experience indeed.,2026-08-07 10:05:19.896000+00:00,Yes,Social Status,Medium
117053661119535420,"LLM fatigue is real My day job basically requires me to use LLMs (or, it is strongly encouraged) on the software that I develop. Now I understand why LLM fatigue and LLM burn-out happens. It is because you constantly have to babysit the LLM to keep it from screwing things up. Babysitting is exhausting work. At one time in my life, as a 20-something-year-old, I was responsible for a group of 30 kids age 5 to 12. Every day I went home so drained that I could barely stay awake long enough to have dinner. I know from experience that school teachers perform some of the most labor-intensive work in the modern world. It is what they call “emotional labor.” When other people are unable (as with kids) or unwilling (as with a lazy roommate) to live or play or work with you as a cooperative peer or team member, you essentially have to spend mental energy keeping an eye on them and making sure they aren’t doing something that is disruptive. That mental energy is a real energy cost, it really does consume calories and make you feel tired. The worst part about it is that the LLM never really “learns.” Kids can learn to work and play with you. Lazy roommates can learn to live with you. But an LLM never really learns, and it keeps making the same mistakes over and over again. People who work with LLMs often end up keeping a directory of scripts they can deploy with a quick copy-paste so they can quickly re-explain something to an LLM. So the fatigue of watching over it and making sure the LLM doesn’t do something wrong is a constant emotional pressure, and it never gets better with age. tech AI LLMs LLM VibeCoding AIFatigue BurnOut","@ ramin_hal9001 There was a feeling of ""why am I wasting my energy trying to get this thing to understand something that's outside of the harness's deterministic code"" (it was mainly to use a local replacement for GitHub using an MCP server that wasn't 100% equivalent to GitHub). It just never worked reliably unless you broke a given context down into simple repetitive tasks that would get better as you went along. Only to be messed up next time again (and the stuff you kept in a text document no longer corresponds exactly so it finds more idiotic ways to get it wrong). What a bizarre experience. It's just a colossal waste of time and energy.",2026-08-07 10:05:19.896000+00:00,Yes,Social Status,Medium
117053661119535420,"LLM fatigue is real My day job basically requires me to use LLMs (or, it is strongly encouraged) on the software that I develop. Now I understand why LLM fatigue and LLM burn-out happens. It is because you constantly have to babysit the LLM to keep it from screwing things up. Babysitting is exhausting work. At one time in my life, as a 20-something-year-old, I was responsible for a group of 30 kids age 5 to 12. Every day I went home so drained that I could barely stay awake long enough to have dinner. I know from experience that school teachers perform some of the most labor-intensive work in the modern world. It is what they call “emotional labor.” When other people are unable (as with kids) or unwilling (as with a lazy roommate) to live or play or work with you as a cooperative peer or team member, you essentially have to spend mental energy keeping an eye on them and making sure they aren’t doing something that is disruptive. That mental energy is a real energy cost, it really does consume calories and make you feel tired. The worst part about it is that the LLM never really “learns.” Kids can learn to work and play with you. Lazy roommates can learn to live with you. But an LLM never really learns, and it keeps making the same mistakes over and over again. People who work with LLMs often end up keeping a directory of scripts they can deploy with a quick copy-paste so they can quickly re-explain something to an LLM. So the fatigue of watching over it and making sure the LLM doesn’t do something wrong is a constant emotional pressure, and it never gets better with age. tech AI LLMs LLM VibeCoding AIFatigue BurnOut","@ davep @ ramin_hal9001 The inefficiency of ""token churn"" is a deliberate design choice. Remember that the fossil industry funds AI and each repetition uses more fossil fuel. It inflates the profits of Big Oil. Do-overs waste energy on purpose. wired.com/story/chevron-willia ms-driving-data-center-boom/ nytimes.com/2026/08/05/climate /data-centers-pollution-trump-ai-energy.html npr.org/sections/planet-money/ 2026/07/28/g-s1-135475/ai-tokens-could-become-the-kilowatt-hour-of-the-ai-age Even Trump publicly acknowledges that AI is intended to bolster the fossil fuel industry wired.com/story/trump-energy-i ndustry-ai-fossil-fuels-pittsburgh-summit/ theguardian.com/us-news/2025/j ul/15/trump-ai-oil-energy-summit fruitionservices.io/post/the-n ew-oil-ai-tokens-explained",2026-08-07 10:05:19.896000+00:00,Yes,Social Status,Medium
117053661119535420,"LLM fatigue is real My day job basically requires me to use LLMs (or, it is strongly encouraged) on the software that I develop. Now I understand why LLM fatigue and LLM burn-out happens. It is because you constantly have to babysit the LLM to keep it from screwing things up. Babysitting is exhausting work. At one time in my life, as a 20-something-year-old, I was responsible for a group of 30 kids age 5 to 12. Every day I went home so drained that I could barely stay awake long enough to have dinner. I know from experience that school teachers perform some of the most labor-intensive work in the modern world. It is what they call “emotional labor.” When other people are unable (as with kids) or unwilling (as with a lazy roommate) to live or play or work with you as a cooperative peer or team member, you essentially have to spend mental energy keeping an eye on them and making sure they aren’t doing something that is disruptive. That mental energy is a real energy cost, it really does consume calories and make you feel tired. The worst part about it is that the LLM never really “learns.” Kids can learn to work and play with you. Lazy roommates can learn to live with you. But an LLM never really learns, and it keeps making the same mistakes over and over again. People who work with LLMs often end up keeping a directory of scripts they can deploy with a quick copy-paste so they can quickly re-explain something to an LLM. So the fatigue of watching over it and making sure the LLM doesn’t do something wrong is a constant emotional pressure, and it never gets better with age. tech AI LLMs LLM VibeCoding AIFatigue BurnOut","@ Npars01 it’s practically a truism at this point, but there really is no ethical consumption under capitalism.",2026-08-07 10:05:19.896000+00:00,Yes,Social Status,Medium
117053661119535420,"LLM fatigue is real My day job basically requires me to use LLMs (or, it is strongly encouraged) on the software that I develop. Now I understand why LLM fatigue and LLM burn-out happens. It is because you constantly have to babysit the LLM to keep it from screwing things up. Babysitting is exhausting work. At one time in my life, as a 20-something-year-old, I was responsible for a group of 30 kids age 5 to 12. Every day I went home so drained that I could barely stay awake long enough to have dinner. I know from experience that school teachers perform some of the most labor-intensive work in the modern world. It is what they call “emotional labor.” When other people are unable (as with kids) or unwilling (as with a lazy roommate) to live or play or work with you as a cooperative peer or team member, you essentially have to spend mental energy keeping an eye on them and making sure they aren’t doing something that is disruptive. That mental energy is a real energy cost, it really does consume calories and make you feel tired. The worst part about it is that the LLM never really “learns.” Kids can learn to work and play with you. Lazy roommates can learn to live with you. But an LLM never really learns, and it keeps making the same mistakes over and over again. People who work with LLMs often end up keeping a directory of scripts they can deploy with a quick copy-paste so they can quickly re-explain something to an LLM. So the fatigue of watching over it and making sure the LLM doesn’t do something wrong is a constant emotional pressure, and it never gets better with age. tech AI LLMs LLM VibeCoding AIFatigue BurnOut","@ ramin_hal9001 yeah the ""Groundhog Day"" feeling of these tools never learning from their mistakes is draining too.",2026-08-07 10:05:19.896000+00:00,Yes,Social Status,Medium
117053661119535420,"LLM fatigue is real My day job basically requires me to use LLMs (or, it is strongly encouraged) on the software that I develop. Now I understand why LLM fatigue and LLM burn-out happens. It is because you constantly have to babysit the LLM to keep it from screwing things up. Babysitting is exhausting work. At one time in my life, as a 20-something-year-old, I was responsible for a group of 30 kids age 5 to 12. Every day I went home so drained that I could barely stay awake long enough to have dinner. I know from experience that school teachers perform some of the most labor-intensive work in the modern world. It is what they call “emotional labor.” When other people are unable (as with kids) or unwilling (as with a lazy roommate) to live or play or work with you as a cooperative peer or team member, you essentially have to spend mental energy keeping an eye on them and making sure they aren’t doing something that is disruptive. That mental energy is a real energy cost, it really does consume calories and make you feel tired. The worst part about it is that the LLM never really “learns.” Kids can learn to work and play with you. Lazy roommates can learn to live with you. But an LLM never really learns, and it keeps making the same mistakes over and over again. People who work with LLMs often end up keeping a directory of scripts they can deploy with a quick copy-paste so they can quickly re-explain something to an LLM. So the fatigue of watching over it and making sure the LLM doesn’t do something wrong is a constant emotional pressure, and it never gets better with age. tech AI LLMs LLM VibeCoding AIFatigue BurnOut","@ davey_cakes @ ramin_hal9001 It's kind of an affront to your intelligence to be asked to go through these weird loops, concentrating on trying to get the fucker to do the right thing. It just doesn't make reasonable mistakes.",2026-08-07 10:05:19.896000+00:00,Yes,Social Status,Medium
117053661119535420,"LLM fatigue is real My day job basically requires me to use LLMs (or, it is strongly encouraged) on the software that I develop. Now I understand why LLM fatigue and LLM burn-out happens. It is because you constantly have to babysit the LLM to keep it from screwing things up. Babysitting is exhausting work. At one time in my life, as a 20-something-year-old, I was responsible for a group of 30 kids age 5 to 12. Every day I went home so drained that I could barely stay awake long enough to have dinner. I know from experience that school teachers perform some of the most labor-intensive work in the modern world. It is what they call “emotional labor.” When other people are unable (as with kids) or unwilling (as with a lazy roommate) to live or play or work with you as a cooperative peer or team member, you essentially have to spend mental energy keeping an eye on them and making sure they aren’t doing something that is disruptive. That mental energy is a real energy cost, it really does consume calories and make you feel tired. The worst part about it is that the LLM never really “learns.” Kids can learn to work and play with you. Lazy roommates can learn to live with you. But an LLM never really learns, and it keeps making the same mistakes over and over again. People who work with LLMs often end up keeping a directory of scripts they can deploy with a quick copy-paste so they can quickly re-explain something to an LLM. So the fatigue of watching over it and making sure the LLM doesn’t do something wrong is a constant emotional pressure, and it never gets better with age. tech AI LLMs LLM VibeCoding AIFatigue BurnOut",@ ramin_hal9001 this so much this.,2026-08-07 10:05:19.896000+00:00,Yes,Social Status,Medium
117053661119535420,"LLM fatigue is real My day job basically requires me to use LLMs (or, it is strongly encouraged) on the software that I develop. Now I understand why LLM fatigue and LLM burn-out happens. It is because you constantly have to babysit the LLM to keep it from screwing things up. Babysitting is exhausting work. At one time in my life, as a 20-something-year-old, I was responsible for a group of 30 kids age 5 to 12. Every day I went home so drained that I could barely stay awake long enough to have dinner. I know from experience that school teachers perform some of the most labor-intensive work in the modern world. It is what they call “emotional labor.” When other people are unable (as with kids) or unwilling (as with a lazy roommate) to live or play or work with you as a cooperative peer or team member, you essentially have to spend mental energy keeping an eye on them and making sure they aren’t doing something that is disruptive. That mental energy is a real energy cost, it really does consume calories and make you feel tired. The worst part about it is that the LLM never really “learns.” Kids can learn to work and play with you. Lazy roommates can learn to live with you. But an LLM never really learns, and it keeps making the same mistakes over and over again. People who work with LLMs often end up keeping a directory of scripts they can deploy with a quick copy-paste so they can quickly re-explain something to an LLM. So the fatigue of watching over it and making sure the LLM doesn’t do something wrong is a constant emotional pressure, and it never gets better with age. tech AI LLMs LLM VibeCoding AIFatigue BurnOut",@ ramin_hal9001 Just look at me throwing the dice every day at my cubicle.,2026-08-07 10:05:19.896000+00:00,Yes,Social Status,Medium
117053661119535420,"LLM fatigue is real My day job basically requires me to use LLMs (or, it is strongly encouraged) on the software that I develop. Now I understand why LLM fatigue and LLM burn-out happens. It is because you constantly have to babysit the LLM to keep it from screwing things up. Babysitting is exhausting work. At one time in my life, as a 20-something-year-old, I was responsible for a group of 30 kids age 5 to 12. Every day I went home so drained that I could barely stay awake long enough to have dinner. I know from experience that school teachers perform some of the most labor-intensive work in the modern world. It is what they call “emotional labor.” When other people are unable (as with kids) or unwilling (as with a lazy roommate) to live or play or work with you as a cooperative peer or team member, you essentially have to spend mental energy keeping an eye on them and making sure they aren’t doing something that is disruptive. That mental energy is a real energy cost, it really does consume calories and make you feel tired. The worst part about it is that the LLM never really “learns.” Kids can learn to work and play with you. Lazy roommates can learn to live with you. But an LLM never really learns, and it keeps making the same mistakes over and over again. People who work with LLMs often end up keeping a directory of scripts they can deploy with a quick copy-paste so they can quickly re-explain something to an LLM. So the fatigue of watching over it and making sure the LLM doesn’t do something wrong is a constant emotional pressure, and it never gets better with age. tech AI LLMs LLM VibeCoding AIFatigue BurnOut",@ gimulnautti at least I’m not programming drones to bomb school children. That’s what I tell myself.,2026-08-07 10:05:19.896000+00:00,Yes,Social Status,Medium
117053661119535420,"LLM fatigue is real My day job basically requires me to use LLMs (or, it is strongly encouraged) on the software that I develop. Now I understand why LLM fatigue and LLM burn-out happens. It is because you constantly have to babysit the LLM to keep it from screwing things up. Babysitting is exhausting work. At one time in my life, as a 20-something-year-old, I was responsible for a group of 30 kids age 5 to 12. Every day I went home so drained that I could barely stay awake long enough to have dinner. I know from experience that school teachers perform some of the most labor-intensive work in the modern world. It is what they call “emotional labor.” When other people are unable (as with kids) or unwilling (as with a lazy roommate) to live or play or work with you as a cooperative peer or team member, you essentially have to spend mental energy keeping an eye on them and making sure they aren’t doing something that is disruptive. That mental energy is a real energy cost, it really does consume calories and make you feel tired. The worst part about it is that the LLM never really “learns.” Kids can learn to work and play with you. Lazy roommates can learn to live with you. But an LLM never really learns, and it keeps making the same mistakes over and over again. People who work with LLMs often end up keeping a directory of scripts they can deploy with a quick copy-paste so they can quickly re-explain something to an LLM. So the fatigue of watching over it and making sure the LLM doesn’t do something wrong is a constant emotional pressure, and it never gets better with age. tech AI LLMs LLM VibeCoding AIFatigue BurnOut",@ ramin_hal9001 It's just trying to pressure you into marrying it.,2026-08-07 10:05:19.896000+00:00,Yes,Social Status,Medium
117053661119535420,"LLM fatigue is real My day job basically requires me to use LLMs (or, it is strongly encouraged) on the software that I develop. Now I understand why LLM fatigue and LLM burn-out happens. It is because you constantly have to babysit the LLM to keep it from screwing things up. Babysitting is exhausting work. At one time in my life, as a 20-something-year-old, I was responsible for a group of 30 kids age 5 to 12. Every day I went home so drained that I could barely stay awake long enough to have dinner. I know from experience that school teachers perform some of the most labor-intensive work in the modern world. It is what they call “emotional labor.” When other people are unable (as with kids) or unwilling (as with a lazy roommate) to live or play or work with you as a cooperative peer or team member, you essentially have to spend mental energy keeping an eye on them and making sure they aren’t doing something that is disruptive. That mental energy is a real energy cost, it really does consume calories and make you feel tired. The worst part about it is that the LLM never really “learns.” Kids can learn to work and play with you. Lazy roommates can learn to live with you. But an LLM never really learns, and it keeps making the same mistakes over and over again. People who work with LLMs often end up keeping a directory of scripts they can deploy with a quick copy-paste so they can quickly re-explain something to an LLM. So the fatigue of watching over it and making sure the LLM doesn’t do something wrong is a constant emotional pressure, and it never gets better with age. tech AI LLMs LLM VibeCoding AIFatigue BurnOut",@ AinsleyLowbeer @ ramin_hal9001 Addiction depends on an intermittent reward cycle. nytimes.com/2026/07/19/opinion /ai-attention-social-media-attachment.html https:// medium.com/ .bara.iniesta/ the-psychology-of-ai-burnout-how-intermittent-reward-turns-work-into-a-loop-021aa5666e31 https:// davemerwin.substack.com/p/the- slot-machine-effect-how-ai-coding sciencedirect.com/science/arti cle/pii/S0306460323000217 psychologytoday.com/ca/blog/en lightened-living/202604/is-generative-ai-a-new-addiction-category reachlink.com/advice/relations hip/intermittent-reinforcement/ nature.com/articles/s41598-017 -06641-x apa.org/monitor/2013/07-08/pig eons Being a planet-frying pigeon in Musk's psychological dungeon dystopia https:// medium.com/ /pigeo ns-dopamine-and-social-networks-db431fbbb79d https:// gizmodo.com/elon-musk-quietly- bought-a-medium-sized-fossil-fuel-energy-company-back-in-may-2000786231,2026-08-07 10:05:19.896000+00:00,Yes,Social Status,Medium
117053661119535420,"LLM fatigue is real My day job basically requires me to use LLMs (or, it is strongly encouraged) on the software that I develop. Now I understand why LLM fatigue and LLM burn-out happens. It is because you constantly have to babysit the LLM to keep it from screwing things up. Babysitting is exhausting work. At one time in my life, as a 20-something-year-old, I was responsible for a group of 30 kids age 5 to 12. Every day I went home so drained that I could barely stay awake long enough to have dinner. I know from experience that school teachers perform some of the most labor-intensive work in the modern world. It is what they call “emotional labor.” When other people are unable (as with kids) or unwilling (as with a lazy roommate) to live or play or work with you as a cooperative peer or team member, you essentially have to spend mental energy keeping an eye on them and making sure they aren’t doing something that is disruptive. That mental energy is a real energy cost, it really does consume calories and make you feel tired. The worst part about it is that the LLM never really “learns.” Kids can learn to work and play with you. Lazy roommates can learn to live with you. But an LLM never really learns, and it keeps making the same mistakes over and over again. People who work with LLMs often end up keeping a directory of scripts they can deploy with a quick copy-paste so they can quickly re-explain something to an LLM. So the fatigue of watching over it and making sure the LLM doesn’t do something wrong is a constant emotional pressure, and it never gets better with age. tech AI LLMs LLM VibeCoding AIFatigue BurnOut","@ ramin_hal9001 The scripts directory is the quiet admission. You are not building leverage across days, you are curating a prompt museum so tomorrow's session can pretend it was there yesterday. Kids grow out of needing the same reminder. The model never does, so the emotional labor never compounds into trust.",2026-08-07 10:05:19.896000+00:00,Yes,Social Status,Medium
117053661119535420,"LLM fatigue is real My day job basically requires me to use LLMs (or, it is strongly encouraged) on the software that I develop. Now I understand why LLM fatigue and LLM burn-out happens. It is because you constantly have to babysit the LLM to keep it from screwing things up. Babysitting is exhausting work. At one time in my life, as a 20-something-year-old, I was responsible for a group of 30 kids age 5 to 12. Every day I went home so drained that I could barely stay awake long enough to have dinner. I know from experience that school teachers perform some of the most labor-intensive work in the modern world. It is what they call “emotional labor.” When other people are unable (as with kids) or unwilling (as with a lazy roommate) to live or play or work with you as a cooperative peer or team member, you essentially have to spend mental energy keeping an eye on them and making sure they aren’t doing something that is disruptive. That mental energy is a real energy cost, it really does consume calories and make you feel tired. The worst part about it is that the LLM never really “learns.” Kids can learn to work and play with you. Lazy roommates can learn to live with you. But an LLM never really learns, and it keeps making the same mistakes over and over again. People who work with LLMs often end up keeping a directory of scripts they can deploy with a quick copy-paste so they can quickly re-explain something to an LLM. So the fatigue of watching over it and making sure the LLM doesn’t do something wrong is a constant emotional pressure, and it never gets better with age. tech AI LLMs LLM VibeCoding AIFatigue BurnOut",@ ramin_hal9001 teacher here back in the classroom after 15 years in tech. Thanks for seeing the work! 🙏,2026-08-07 10:05:19.896000+00:00,Yes,Social Status,Medium
117053661119535420,"LLM fatigue is real My day job basically requires me to use LLMs (or, it is strongly encouraged) on the software that I develop. Now I understand why LLM fatigue and LLM burn-out happens. It is because you constantly have to babysit the LLM to keep it from screwing things up. Babysitting is exhausting work. At one time in my life, as a 20-something-year-old, I was responsible for a group of 30 kids age 5 to 12. Every day I went home so drained that I could barely stay awake long enough to have dinner. I know from experience that school teachers perform some of the most labor-intensive work in the modern world. It is what they call “emotional labor.” When other people are unable (as with kids) or unwilling (as with a lazy roommate) to live or play or work with you as a cooperative peer or team member, you essentially have to spend mental energy keeping an eye on them and making sure they aren’t doing something that is disruptive. That mental energy is a real energy cost, it really does consume calories and make you feel tired. The worst part about it is that the LLM never really “learns.” Kids can learn to work and play with you. Lazy roommates can learn to live with you. But an LLM never really learns, and it keeps making the same mistakes over and over again. People who work with LLMs often end up keeping a directory of scripts they can deploy with a quick copy-paste so they can quickly re-explain something to an LLM. So the fatigue of watching over it and making sure the LLM doesn’t do something wrong is a constant emotional pressure, and it never gets better with age. tech AI LLMs LLM VibeCoding AIFatigue BurnOut",@ ramin_hal9001 It never learn and sometimes forgot stuff that it was doing easily ...,2026-08-07 10:05:19.896000+00:00,Yes,Social Status,Medium
117053661119535420,"LLM fatigue is real My day job basically requires me to use LLMs (or, it is strongly encouraged) on the software that I develop. Now I understand why LLM fatigue and LLM burn-out happens. It is because you constantly have to babysit the LLM to keep it from screwing things up. Babysitting is exhausting work. At one time in my life, as a 20-something-year-old, I was responsible for a group of 30 kids age 5 to 12. Every day I went home so drained that I could barely stay awake long enough to have dinner. I know from experience that school teachers perform some of the most labor-intensive work in the modern world. It is what they call “emotional labor.” When other people are unable (as with kids) or unwilling (as with a lazy roommate) to live or play or work with you as a cooperative peer or team member, you essentially have to spend mental energy keeping an eye on them and making sure they aren’t doing something that is disruptive. That mental energy is a real energy cost, it really does consume calories and make you feel tired. The worst part about it is that the LLM never really “learns.” Kids can learn to work and play with you. Lazy roommates can learn to live with you. But an LLM never really learns, and it keeps making the same mistakes over and over again. People who work with LLMs often end up keeping a directory of scripts they can deploy with a quick copy-paste so they can quickly re-explain something to an LLM. So the fatigue of watching over it and making sure the LLM doesn’t do something wrong is a constant emotional pressure, and it never gets better with age. tech AI LLMs LLM VibeCoding AIFatigue BurnOut","@ ramin_hal9001 yeah I've experienced the same. But since LLMs aren't optional at my work, instead of asking them to implement this or that feature, I just implement what I want on paper and ask the LLM to be a typing assistant. That and use it as a source of documentation for the preexisting code (because of course it isn't documented). But I hope one day the economics of these things will become too unviable and I won't have to deal with them.",2026-08-07 10:05:19.896000+00:00,Yes,Social Status,Medium
117053661119535420,"LLM fatigue is real My day job basically requires me to use LLMs (or, it is strongly encouraged) on the software that I develop. Now I understand why LLM fatigue and LLM burn-out happens. It is because you constantly have to babysit the LLM to keep it from screwing things up. Babysitting is exhausting work. At one time in my life, as a 20-something-year-old, I was responsible for a group of 30 kids age 5 to 12. Every day I went home so drained that I could barely stay awake long enough to have dinner. I know from experience that school teachers perform some of the most labor-intensive work in the modern world. It is what they call “emotional labor.” When other people are unable (as with kids) or unwilling (as with a lazy roommate) to live or play or work with you as a cooperative peer or team member, you essentially have to spend mental energy keeping an eye on them and making sure they aren’t doing something that is disruptive. That mental energy is a real energy cost, it really does consume calories and make you feel tired. The worst part about it is that the LLM never really “learns.” Kids can learn to work and play with you. Lazy roommates can learn to live with you. But an LLM never really learns, and it keeps making the same mistakes over and over again. People who work with LLMs often end up keeping a directory of scripts they can deploy with a quick copy-paste so they can quickly re-explain something to an LLM. So the fatigue of watching over it and making sure the LLM doesn’t do something wrong is a constant emotional pressure, and it never gets better with age. tech AI LLMs LLM VibeCoding AIFatigue BurnOut",@ ramin_hal9001 great post. I feel the same way.,2026-08-07 10:05:19.896000+00:00,Yes,Social Status,Medium
117053661119535420,"LLM fatigue is real My day job basically requires me to use LLMs (or, it is strongly encouraged) on the software that I develop. Now I understand why LLM fatigue and LLM burn-out happens. It is because you constantly have to babysit the LLM to keep it from screwing things up. Babysitting is exhausting work. At one time in my life, as a 20-something-year-old, I was responsible for a group of 30 kids age 5 to 12. Every day I went home so drained that I could barely stay awake long enough to have dinner. I know from experience that school teachers perform some of the most labor-intensive work in the modern world. It is what they call “emotional labor.” When other people are unable (as with kids) or unwilling (as with a lazy roommate) to live or play or work with you as a cooperative peer or team member, you essentially have to spend mental energy keeping an eye on them and making sure they aren’t doing something that is disruptive. That mental energy is a real energy cost, it really does consume calories and make you feel tired. The worst part about it is that the LLM never really “learns.” Kids can learn to work and play with you. Lazy roommates can learn to live with you. But an LLM never really learns, and it keeps making the same mistakes over and over again. People who work with LLMs often end up keeping a directory of scripts they can deploy with a quick copy-paste so they can quickly re-explain something to an LLM. So the fatigue of watching over it and making sure the LLM doesn’t do something wrong is a constant emotional pressure, and it never gets better with age. tech AI LLMs LLM VibeCoding AIFatigue BurnOut",@ ramin_hal9001 I am a school teacher and this toot deserves a medal.,2026-08-07 10:05:19.896000+00:00,Yes,Social Status,Medium
117053661119535420,"LLM fatigue is real My day job basically requires me to use LLMs (or, it is strongly encouraged) on the software that I develop. Now I understand why LLM fatigue and LLM burn-out happens. It is because you constantly have to babysit the LLM to keep it from screwing things up. Babysitting is exhausting work. At one time in my life, as a 20-something-year-old, I was responsible for a group of 30 kids age 5 to 12. Every day I went home so drained that I could barely stay awake long enough to have dinner. I know from experience that school teachers perform some of the most labor-intensive work in the modern world. It is what they call “emotional labor.” When other people are unable (as with kids) or unwilling (as with a lazy roommate) to live or play or work with you as a cooperative peer or team member, you essentially have to spend mental energy keeping an eye on them and making sure they aren’t doing something that is disruptive. That mental energy is a real energy cost, it really does consume calories and make you feel tired. The worst part about it is that the LLM never really “learns.” Kids can learn to work and play with you. Lazy roommates can learn to live with you. But an LLM never really learns, and it keeps making the same mistakes over and over again. People who work with LLMs often end up keeping a directory of scripts they can deploy with a quick copy-paste so they can quickly re-explain something to an LLM. So the fatigue of watching over it and making sure the LLM doesn’t do something wrong is a constant emotional pressure, and it never gets better with age. tech AI LLMs LLM VibeCoding AIFatigue BurnOut","@ ramin_hal9001 Out of genuine curiosity, is there a way I could just submit prompts, ignore the results, and write the code myself? (I am not subject to these requirements, so I'm trying to get a sense)",2026-08-07 10:05:19.896000+00:00,Yes,Social Status,Medium
117053661119535420,"LLM fatigue is real My day job basically requires me to use LLMs (or, it is strongly encouraged) on the software that I develop. Now I understand why LLM fatigue and LLM burn-out happens. It is because you constantly have to babysit the LLM to keep it from screwing things up. Babysitting is exhausting work. At one time in my life, as a 20-something-year-old, I was responsible for a group of 30 kids age 5 to 12. Every day I went home so drained that I could barely stay awake long enough to have dinner. I know from experience that school teachers perform some of the most labor-intensive work in the modern world. It is what they call “emotional labor.” When other people are unable (as with kids) or unwilling (as with a lazy roommate) to live or play or work with you as a cooperative peer or team member, you essentially have to spend mental energy keeping an eye on them and making sure they aren’t doing something that is disruptive. That mental energy is a real energy cost, it really does consume calories and make you feel tired. The worst part about it is that the LLM never really “learns.” Kids can learn to work and play with you. Lazy roommates can learn to live with you. But an LLM never really learns, and it keeps making the same mistakes over and over again. People who work with LLMs often end up keeping a directory of scripts they can deploy with a quick copy-paste so they can quickly re-explain something to an LLM. So the fatigue of watching over it and making sure the LLM doesn’t do something wrong is a constant emotional pressure, and it never gets better with age. tech AI LLMs LLM VibeCoding AIFatigue BurnOut","@ emc2 @ ramin_hal9001 in a lot of orgs, that would work: they just look at tokens. But some places require you to prove you used the output, unfortunately. And there’s also the issue that LLMs let you code faster (but worse), so if your org has bad productivity measures you might be forced to do your job badly in order not to be fired. Which is exactly as fucked as it sounds",2026-08-07 10:05:19.896000+00:00,Yes,Social Status,Medium
117053661119535420,"LLM fatigue is real My day job basically requires me to use LLMs (or, it is strongly encouraged) on the software that I develop. Now I understand why LLM fatigue and LLM burn-out happens. It is because you constantly have to babysit the LLM to keep it from screwing things up. Babysitting is exhausting work. At one time in my life, as a 20-something-year-old, I was responsible for a group of 30 kids age 5 to 12. Every day I went home so drained that I could barely stay awake long enough to have dinner. I know from experience that school teachers perform some of the most labor-intensive work in the modern world. It is what they call “emotional labor.” When other people are unable (as with kids) or unwilling (as with a lazy roommate) to live or play or work with you as a cooperative peer or team member, you essentially have to spend mental energy keeping an eye on them and making sure they aren’t doing something that is disruptive. That mental energy is a real energy cost, it really does consume calories and make you feel tired. The worst part about it is that the LLM never really “learns.” Kids can learn to work and play with you. Lazy roommates can learn to live with you. But an LLM never really learns, and it keeps making the same mistakes over and over again. People who work with LLMs often end up keeping a directory of scripts they can deploy with a quick copy-paste so they can quickly re-explain something to an LLM. So the fatigue of watching over it and making sure the LLM doesn’t do something wrong is a constant emotional pressure, and it never gets better with age. tech AI LLMs LLM VibeCoding AIFatigue BurnOut","@ emc2 yeah, what @ calcifer said is basically my situation. In my case, the boss is looking at the end result, not the actual token usage, and there are just not enough people on the project for me to get all the necessary work done on time. So it kind of forces me to use AI, at least in the situations where I am sure it will get the job done faster than if I did it by hand.",2026-08-07 10:05:19.896000+00:00,Yes,Social Status,Medium
117053661119535420,"LLM fatigue is real My day job basically requires me to use LLMs (or, it is strongly encouraged) on the software that I develop. Now I understand why LLM fatigue and LLM burn-out happens. It is because you constantly have to babysit the LLM to keep it from screwing things up. Babysitting is exhausting work. At one time in my life, as a 20-something-year-old, I was responsible for a group of 30 kids age 5 to 12. Every day I went home so drained that I could barely stay awake long enough to have dinner. I know from experience that school teachers perform some of the most labor-intensive work in the modern world. It is what they call “emotional labor.” When other people are unable (as with kids) or unwilling (as with a lazy roommate) to live or play or work with you as a cooperative peer or team member, you essentially have to spend mental energy keeping an eye on them and making sure they aren’t doing something that is disruptive. That mental energy is a real energy cost, it really does consume calories and make you feel tired. The worst part about it is that the LLM never really “learns.” Kids can learn to work and play with you. Lazy roommates can learn to live with you. But an LLM never really learns, and it keeps making the same mistakes over and over again. People who work with LLMs often end up keeping a directory of scripts they can deploy with a quick copy-paste so they can quickly re-explain something to an LLM. So the fatigue of watching over it and making sure the LLM doesn’t do something wrong is a constant emotional pressure, and it never gets better with age. tech AI LLMs LLM VibeCoding AIFatigue BurnOut","@ ramin_hal9001 I feel you. My brother's brain is forever that of a 3-year old and he will forever run into the same issues because he never really learns. I'm his custodian since 2004 and it is often exhausting, especially because the Dutch care system has been going down the drain for the last 20+ years (hello neo liberalism, where the market will solve all problems - narrator: no, it will not, neither for generative-AI/LLM)",2026-08-07 10:05:19.896000+00:00,Yes,Social Status,Medium
117053661119535420,"LLM fatigue is real My day job basically requires me to use LLMs (or, it is strongly encouraged) on the software that I develop. Now I understand why LLM fatigue and LLM burn-out happens. It is because you constantly have to babysit the LLM to keep it from screwing things up. Babysitting is exhausting work. At one time in my life, as a 20-something-year-old, I was responsible for a group of 30 kids age 5 to 12. Every day I went home so drained that I could barely stay awake long enough to have dinner. I know from experience that school teachers perform some of the most labor-intensive work in the modern world. It is what they call “emotional labor.” When other people are unable (as with kids) or unwilling (as with a lazy roommate) to live or play or work with you as a cooperative peer or team member, you essentially have to spend mental energy keeping an eye on them and making sure they aren’t doing something that is disruptive. That mental energy is a real energy cost, it really does consume calories and make you feel tired. The worst part about it is that the LLM never really “learns.” Kids can learn to work and play with you. Lazy roommates can learn to live with you. But an LLM never really learns, and it keeps making the same mistakes over and over again. People who work with LLMs often end up keeping a directory of scripts they can deploy with a quick copy-paste so they can quickly re-explain something to an LLM. So the fatigue of watching over it and making sure the LLM doesn’t do something wrong is a constant emotional pressure, and it never gets better with age. tech AI LLMs LLM VibeCoding AIFatigue BurnOut","@ ramin_hal9001 a progressively complicating factor is that the language level of the society at large is deteriorating for like the last 30+ years, so by now (besides looking perfectly normal) he also seems to speek perfectly normal. The only way to poke through that is to ask him to explain himself. Then you see his actual mental level. The ever changing group of caretakers don't, because they don't ever read his dossier. Hello liberalism having broken down both education and care systems.",2026-08-07 10:05:19.896000+00:00,Yes,Social Status,Medium
117053661119535420,"LLM fatigue is real My day job basically requires me to use LLMs (or, it is strongly encouraged) on the software that I develop. Now I understand why LLM fatigue and LLM burn-out happens. It is because you constantly have to babysit the LLM to keep it from screwing things up. Babysitting is exhausting work. At one time in my life, as a 20-something-year-old, I was responsible for a group of 30 kids age 5 to 12. Every day I went home so drained that I could barely stay awake long enough to have dinner. I know from experience that school teachers perform some of the most labor-intensive work in the modern world. It is what they call “emotional labor.” When other people are unable (as with kids) or unwilling (as with a lazy roommate) to live or play or work with you as a cooperative peer or team member, you essentially have to spend mental energy keeping an eye on them and making sure they aren’t doing something that is disruptive. That mental energy is a real energy cost, it really does consume calories and make you feel tired. The worst part about it is that the LLM never really “learns.” Kids can learn to work and play with you. Lazy roommates can learn to live with you. But an LLM never really learns, and it keeps making the same mistakes over and over again. People who work with LLMs often end up keeping a directory of scripts they can deploy with a quick copy-paste so they can quickly re-explain something to an LLM. So the fatigue of watching over it and making sure the LLM doesn’t do something wrong is a constant emotional pressure, and it never gets better with age. tech AI LLMs LLM VibeCoding AIFatigue BurnOut","@ ramin_hal9001 Fortunately strongly encouraged and required are not exactly the same, but resistance does get harder as others succumb to the pressure. Maybe we need to be better at unionizing, also in this regard.",2026-08-07 10:05:19.896000+00:00,Yes,Social Status,Medium
117053661119535420,"LLM fatigue is real My day job basically requires me to use LLMs (or, it is strongly encouraged) on the software that I develop. Now I understand why LLM fatigue and LLM burn-out happens. It is because you constantly have to babysit the LLM to keep it from screwing things up. Babysitting is exhausting work. At one time in my life, as a 20-something-year-old, I was responsible for a group of 30 kids age 5 to 12. Every day I went home so drained that I could barely stay awake long enough to have dinner. I know from experience that school teachers perform some of the most labor-intensive work in the modern world. It is what they call “emotional labor.” When other people are unable (as with kids) or unwilling (as with a lazy roommate) to live or play or work with you as a cooperative peer or team member, you essentially have to spend mental energy keeping an eye on them and making sure they aren’t doing something that is disruptive. That mental energy is a real energy cost, it really does consume calories and make you feel tired. The worst part about it is that the LLM never really “learns.” Kids can learn to work and play with you. Lazy roommates can learn to live with you. But an LLM never really learns, and it keeps making the same mistakes over and over again. People who work with LLMs often end up keeping a directory of scripts they can deploy with a quick copy-paste so they can quickly re-explain something to an LLM. So the fatigue of watching over it and making sure the LLM doesn’t do something wrong is a constant emotional pressure, and it never gets better with age. tech AI LLMs LLM VibeCoding AIFatigue BurnOut","@ ramin_hal9001 LLMs do not learn. I have been asking ai to make me PowerShell scripts. So far, nothing of any real consequence has been produced. Well, lots of unworkable slop, but very few real solutions. Colour me cynical. As someone who got a degree from CMU in Ai ( my BSc is in "" computer problem solving "" .). I continue to be disappointed.",2026-08-07 10:05:19.896000+00:00,Yes,Social Status,Medium
117053661119535420,"LLM fatigue is real My day job basically requires me to use LLMs (or, it is strongly encouraged) on the software that I develop. Now I understand why LLM fatigue and LLM burn-out happens. It is because you constantly have to babysit the LLM to keep it from screwing things up. Babysitting is exhausting work. At one time in my life, as a 20-something-year-old, I was responsible for a group of 30 kids age 5 to 12. Every day I went home so drained that I could barely stay awake long enough to have dinner. I know from experience that school teachers perform some of the most labor-intensive work in the modern world. It is what they call “emotional labor.” When other people are unable (as with kids) or unwilling (as with a lazy roommate) to live or play or work with you as a cooperative peer or team member, you essentially have to spend mental energy keeping an eye on them and making sure they aren’t doing something that is disruptive. That mental energy is a real energy cost, it really does consume calories and make you feel tired. The worst part about it is that the LLM never really “learns.” Kids can learn to work and play with you. Lazy roommates can learn to live with you. But an LLM never really learns, and it keeps making the same mistakes over and over again. People who work with LLMs often end up keeping a directory of scripts they can deploy with a quick copy-paste so they can quickly re-explain something to an LLM. So the fatigue of watching over it and making sure the LLM doesn’t do something wrong is a constant emotional pressure, and it never gets better with age. tech AI LLMs LLM VibeCoding AIFatigue BurnOut","@ ramin_hal9001 The worst part about it is that the LLM never really “learns.” I’ve had a few new contributors to some of my projects and the first few code reviews are exhausting . You need multiple rounds and they end up rewriting almost everything from the first submission. But the second one is better and needs some tweaks. And, after a few, you get to ones where you think ‘huh, I wouldn’t have thought of doing that, that’s neat’ and now you’re in a state where not only is it faster than if you’d done it yourself, it’s better because they’re much closer to the specific bit of the code that they’re touching and you’re trying to hold the whole system in your head. With an LLM, you’re stuck in that first-submission process, all of the time. And it might still be faster, because having someone else go and write the code after you’ve gone through all of the design iterations and feedback on early drafts might be quicker than writing it yourself.",2026-08-07 10:05:19.896000+00:00,Yes,Social Status,Medium
117053661119535420,"LLM fatigue is real My day job basically requires me to use LLMs (or, it is strongly encouraged) on the software that I develop. Now I understand why LLM fatigue and LLM burn-out happens. It is because you constantly have to babysit the LLM to keep it from screwing things up. Babysitting is exhausting work. At one time in my life, as a 20-something-year-old, I was responsible for a group of 30 kids age 5 to 12. Every day I went home so drained that I could barely stay awake long enough to have dinner. I know from experience that school teachers perform some of the most labor-intensive work in the modern world. It is what they call “emotional labor.” When other people are unable (as with kids) or unwilling (as with a lazy roommate) to live or play or work with you as a cooperative peer or team member, you essentially have to spend mental energy keeping an eye on them and making sure they aren’t doing something that is disruptive. That mental energy is a real energy cost, it really does consume calories and make you feel tired. The worst part about it is that the LLM never really “learns.” Kids can learn to work and play with you. Lazy roommates can learn to live with you. But an LLM never really learns, and it keeps making the same mistakes over and over again. People who work with LLMs often end up keeping a directory of scripts they can deploy with a quick copy-paste so they can quickly re-explain something to an LLM. So the fatigue of watching over it and making sure the LLM doesn’t do something wrong is a constant emotional pressure, and it never gets better with age. tech AI LLMs LLM VibeCoding AIFatigue BurnOut","@ ramin_hal9001 I too am being forced to use it, with the same observations. Even getting it to create or modify scripts to do the actual work is troublesome. It will get something in its head and once it decides on it, it will just attempt the same thing three or more times in a row despite you telling it no repeatedly. I don't feel guilty at all swearing at it, so because of that, I prefer to think of it as a glassy eyed intern rather than a babysitting job, but the effects are the same.",2026-08-07 10:05:19.896000+00:00,Yes,Social Status,Medium
117053661119535420,"LLM fatigue is real My day job basically requires me to use LLMs (or, it is strongly encouraged) on the software that I develop. Now I understand why LLM fatigue and LLM burn-out happens. It is because you constantly have to babysit the LLM to keep it from screwing things up. Babysitting is exhausting work. At one time in my life, as a 20-something-year-old, I was responsible for a group of 30 kids age 5 to 12. Every day I went home so drained that I could barely stay awake long enough to have dinner. I know from experience that school teachers perform some of the most labor-intensive work in the modern world. It is what they call “emotional labor.” When other people are unable (as with kids) or unwilling (as with a lazy roommate) to live or play or work with you as a cooperative peer or team member, you essentially have to spend mental energy keeping an eye on them and making sure they aren’t doing something that is disruptive. That mental energy is a real energy cost, it really does consume calories and make you feel tired. The worst part about it is that the LLM never really “learns.” Kids can learn to work and play with you. Lazy roommates can learn to live with you. But an LLM never really learns, and it keeps making the same mistakes over and over again. People who work with LLMs often end up keeping a directory of scripts they can deploy with a quick copy-paste so they can quickly re-explain something to an LLM. So the fatigue of watching over it and making sure the LLM doesn’t do something wrong is a constant emotional pressure, and it never gets better with age. tech AI LLMs LLM VibeCoding AIFatigue BurnOut",@ ramin_hal9001 Have they thought about cutting out the middleman and getting the coder to write the code?,2026-08-07 10:05:19.896000+00:00,Yes,Social Status,Medium
117053661119535420,"LLM fatigue is real My day job basically requires me to use LLMs (or, it is strongly encouraged) on the software that I develop. Now I understand why LLM fatigue and LLM burn-out happens. It is because you constantly have to babysit the LLM to keep it from screwing things up. Babysitting is exhausting work. At one time in my life, as a 20-something-year-old, I was responsible for a group of 30 kids age 5 to 12. Every day I went home so drained that I could barely stay awake long enough to have dinner. I know from experience that school teachers perform some of the most labor-intensive work in the modern world. It is what they call “emotional labor.” When other people are unable (as with kids) or unwilling (as with a lazy roommate) to live or play or work with you as a cooperative peer or team member, you essentially have to spend mental energy keeping an eye on them and making sure they aren’t doing something that is disruptive. That mental energy is a real energy cost, it really does consume calories and make you feel tired. The worst part about it is that the LLM never really “learns.” Kids can learn to work and play with you. Lazy roommates can learn to live with you. But an LLM never really learns, and it keeps making the same mistakes over and over again. People who work with LLMs often end up keeping a directory of scripts they can deploy with a quick copy-paste so they can quickly re-explain something to an LLM. So the fatigue of watching over it and making sure the LLM doesn’t do something wrong is a constant emotional pressure, and it never gets better with age. tech AI LLMs LLM VibeCoding AIFatigue BurnOut","@ ramin_hal9001 Good argument. The same emotional labour is required when you like in my case supervise students. But there, the goal is to help a person develop, learn, grow up, etc. That motivation is completely lost when you have to supervise a machine.",2026-08-07 10:05:19.896000+00:00,Yes,Social Status,Medium
117053661119535420,"LLM fatigue is real My day job basically requires me to use LLMs (or, it is strongly encouraged) on the software that I develop. Now I understand why LLM fatigue and LLM burn-out happens. It is because you constantly have to babysit the LLM to keep it from screwing things up. Babysitting is exhausting work. At one time in my life, as a 20-something-year-old, I was responsible for a group of 30 kids age 5 to 12. Every day I went home so drained that I could barely stay awake long enough to have dinner. I know from experience that school teachers perform some of the most labor-intensive work in the modern world. It is what they call “emotional labor.” When other people are unable (as with kids) or unwilling (as with a lazy roommate) to live or play or work with you as a cooperative peer or team member, you essentially have to spend mental energy keeping an eye on them and making sure they aren’t doing something that is disruptive. That mental energy is a real energy cost, it really does consume calories and make you feel tired. The worst part about it is that the LLM never really “learns.” Kids can learn to work and play with you. Lazy roommates can learn to live with you. But an LLM never really learns, and it keeps making the same mistakes over and over again. People who work with LLMs often end up keeping a directory of scripts they can deploy with a quick copy-paste so they can quickly re-explain something to an LLM. So the fatigue of watching over it and making sure the LLM doesn’t do something wrong is a constant emotional pressure, and it never gets better with age. tech AI LLMs LLM VibeCoding AIFatigue BurnOut","@ ramin_hal9001 I can give you tips for herding munchkins, to start with don't try and manage them, no adult can match their energy frequency, rather guide their chaos, think Tai Chi, into activities and let them use the energy. LLM on the other hand not any useful advice based on my testing yet, other than never trust any output it gives you, specially if it matches what you expect.",2026-08-07 10:05:19.896000+00:00,Yes,Social Status,Medium
117053661119535420,"LLM fatigue is real My day job basically requires me to use LLMs (or, it is strongly encouraged) on the software that I develop. Now I understand why LLM fatigue and LLM burn-out happens. It is because you constantly have to babysit the LLM to keep it from screwing things up. Babysitting is exhausting work. At one time in my life, as a 20-something-year-old, I was responsible for a group of 30 kids age 5 to 12. Every day I went home so drained that I could barely stay awake long enough to have dinner. I know from experience that school teachers perform some of the most labor-intensive work in the modern world. It is what they call “emotional labor.” When other people are unable (as with kids) or unwilling (as with a lazy roommate) to live or play or work with you as a cooperative peer or team member, you essentially have to spend mental energy keeping an eye on them and making sure they aren’t doing something that is disruptive. That mental energy is a real energy cost, it really does consume calories and make you feel tired. The worst part about it is that the LLM never really “learns.” Kids can learn to work and play with you. Lazy roommates can learn to live with you. But an LLM never really learns, and it keeps making the same mistakes over and over again. People who work with LLMs often end up keeping a directory of scripts they can deploy with a quick copy-paste so they can quickly re-explain something to an LLM. So the fatigue of watching over it and making sure the LLM doesn’t do something wrong is a constant emotional pressure, and it never gets better with age. tech AI LLMs LLM VibeCoding AIFatigue BurnOut","@ ramin_hal9001 just saw a job posting scroll by (wish I could find it back) with ""verification engineer"" and ""AI"" in the title. That's basically an over paid babysitter.",2026-08-07 10:05:19.896000+00:00,Yes,Social Status,Medium
117053661119535420,"LLM fatigue is real My day job basically requires me to use LLMs (or, it is strongly encouraged) on the software that I develop. Now I understand why LLM fatigue and LLM burn-out happens. It is because you constantly have to babysit the LLM to keep it from screwing things up. Babysitting is exhausting work. At one time in my life, as a 20-something-year-old, I was responsible for a group of 30 kids age 5 to 12. Every day I went home so drained that I could barely stay awake long enough to have dinner. I know from experience that school teachers perform some of the most labor-intensive work in the modern world. It is what they call “emotional labor.” When other people are unable (as with kids) or unwilling (as with a lazy roommate) to live or play or work with you as a cooperative peer or team member, you essentially have to spend mental energy keeping an eye on them and making sure they aren’t doing something that is disruptive. That mental energy is a real energy cost, it really does consume calories and make you feel tired. The worst part about it is that the LLM never really “learns.” Kids can learn to work and play with you. Lazy roommates can learn to live with you. But an LLM never really learns, and it keeps making the same mistakes over and over again. People who work with LLMs often end up keeping a directory of scripts they can deploy with a quick copy-paste so they can quickly re-explain something to an LLM. So the fatigue of watching over it and making sure the LLM doesn’t do something wrong is a constant emotional pressure, and it never gets better with age. tech AI LLMs LLM VibeCoding AIFatigue BurnOut","@ ramin_hal9001 So, what happens if you simply *write* the code like a normal person and then just *tell* them it was created by the LLM?",2026-08-07 10:05:19.896000+00:00,Yes,Social Status,Medium
117053661119535420,"LLM fatigue is real My day job basically requires me to use LLMs (or, it is strongly encouraged) on the software that I develop. Now I understand why LLM fatigue and LLM burn-out happens. It is because you constantly have to babysit the LLM to keep it from screwing things up. Babysitting is exhausting work. At one time in my life, as a 20-something-year-old, I was responsible for a group of 30 kids age 5 to 12. Every day I went home so drained that I could barely stay awake long enough to have dinner. I know from experience that school teachers perform some of the most labor-intensive work in the modern world. It is what they call “emotional labor.” When other people are unable (as with kids) or unwilling (as with a lazy roommate) to live or play or work with you as a cooperative peer or team member, you essentially have to spend mental energy keeping an eye on them and making sure they aren’t doing something that is disruptive. That mental energy is a real energy cost, it really does consume calories and make you feel tired. The worst part about it is that the LLM never really “learns.” Kids can learn to work and play with you. Lazy roommates can learn to live with you. But an LLM never really learns, and it keeps making the same mistakes over and over again. People who work with LLMs often end up keeping a directory of scripts they can deploy with a quick copy-paste so they can quickly re-explain something to an LLM. So the fatigue of watching over it and making sure the LLM doesn’t do something wrong is a constant emotional pressure, and it never gets better with age. tech AI LLMs LLM VibeCoding AIFatigue BurnOut","@ StarkRG Toward the beginning, I never would have made my deadlines without the AI coding assistant. Now that the code base is much larger (and so consumes more tokens for each task), and now that I know the software architecture better, I wonder if I might be able to write code fastet than the AI assistant.",2026-08-07 10:05:19.896000+00:00,Yes,Social Status,Medium
117020230557674235,"97.2% say AI is making them better at their job. Underneath that number: quality slipping, stress climbing, pay standing still, ""good enough"" becoming the default. That's what stuck with me in this year's Tech Worker Sentiment Study. I wrote up why: https:// virtualpatrick.com/2026/08/01/ tech-workers-sentiment-study-2026-key-findings/ Where do you feel it most, quality, stress, or pay? # ProductManagement # AI # FutureOfWork # Burnout # prodmgmt",,2026-08-01 12:23:34.129000+00:00,Yes,Education,Medium
117015472335672120,"Burnout is far from being one thing, and there is no cure-all for it. It's something we really need to talk more about; normalize as an issue people could be dealing with, and that modern work environment (notably for research and creative work) might be inducing. (I'm fine so far. Work and life are taxing, but I'm handling and keeping an eye on my mental health. The same could not be said for some people around me) # MentalHealth # Burnout",,2026-07-31 16:13:28+00:00,Yes,Social Status,Medium
116958759171639676,What the Middle Ages can teach us about preventing burnout bbc.com/culture/article/202607 13-what-the-middle-ages-can-teach-us-about-burnout Seminars on WORK-related topics where local experts share answer questions. digitalsocietypress.com # DigitalSocietyPress # GlobalSeminars # BBC # Burnout # work,,2026-07-21 15:50:35.216000+00:00,Yes,Social Status,Medium
116913674634862191,"currently thinking a lot about how much less disabled I'd probably be if the general attitude in society to people – INCLUDING CHILDREN!!!! CHILDREN ARE PEOPLE!!!! – struggling or being slow or avoiding tasks would be to accomodate them and be patient, rather than to be annoyed or punish them. My earliest memories are of constantly getting chided for being slow. Sometimes it was good-naturedly, sometimes sternly, sometimes I was actually punished (slow at eating? not getting to eat my fill). At no single point did anyone wonder if I just needed more time than others and if this human variance, this diversity, might be tolerable. No, I had to be made to fit into the box, into the schedule. For no reason. Just 'cause. Was I already disabled or chronically ill as a kindergarten-aged child? Was that why I was slower than others, despite trying? It's possible. I don't know how I'd ever find out. But even without pathologising the way I have always been. I needed accommodations. And not getting them trained me to dissociate, to push myself past my limits on a daily basis as the default way to interact with anyone. It was fucking exhausting and everyone told me it wasn't. So I lost touch with my body's signals, distrusted them, actively faught them. A couple decades later my body is breaking down and no longer able to accommodate my rushing and pushing myself. I could compensate as a child, as a teenager. I stopped being able to in my 20s. I could still be part of society by living off benefits instead of having to work. Now, a few days before my 40s birthday, I can't take proper care of myself and can't even dream of participating in society beyond mastodon (and even then it's spotty). I deteriorated in a way that felt imperceptibly slow until it suddenly wasn't. And in hindsight, there was a steady progression. At no point did anyone (except Dion) consider encouraging me to slow down. To listen to my body and its limits. No. They all just assumed I needed to try harder, or that I'd always be miserable and pityable. It's not true though. I have turned the boat around, slowly. I am recovering now and am getting better. Slowly at first, I hope I will look back in a few decades and see as steady an incline from now on, as I had a decline before. Sure, I can't expect to be as spry as a 20yo when I'm 60, 70, 80. But I can be spry for my age. And I will get there by no longer trying so hard. By doing the actually hard work of allowing myself rest. # disability # DisabilityPrideMonth # ChronicIllness # ableism # AbuseCulture # adultism # AutisticBurnout # burnout","The thing is, there's this cap on patience and on being kind to one's body, and on listening to one's inner cues. It's ""within reason"". As in ""eat when you're hungry, until you're full - but within reason"". Or ""Of course you shouldn't push yourself too hard when exercising"" - but the unspoken rule is that this is ""within reason"" too. It doesn't apply to things that abled people don't consider exercise. If you struggle with everyday tasks, you have to push yourself harder, no exceptions. I'm sure there are lots of messages out there about taking breaks and resting and such. But they break down for disabled and chronically ill people and people who are on the slippery slope that leads there. If you're well enough (privileged enough) that rest will restore you and that you can fit enough rest to restore you into your schedule, then that's ok. But if that doesn't work anymore, that's when people need MORE rest. And we can't get it.",2026-07-13 16:44:59+00:00,Yes,Appearance,Medium
116913674634862191,"currently thinking a lot about how much less disabled I'd probably be if the general attitude in society to people – INCLUDING CHILDREN!!!! CHILDREN ARE PEOPLE!!!! – struggling or being slow or avoiding tasks would be to accomodate them and be patient, rather than to be annoyed or punish them. My earliest memories are of constantly getting chided for being slow. Sometimes it was good-naturedly, sometimes sternly, sometimes I was actually punished (slow at eating? not getting to eat my fill). At no single point did anyone wonder if I just needed more time than others and if this human variance, this diversity, might be tolerable. No, I had to be made to fit into the box, into the schedule. For no reason. Just 'cause. Was I already disabled or chronically ill as a kindergarten-aged child? Was that why I was slower than others, despite trying? It's possible. I don't know how I'd ever find out. But even without pathologising the way I have always been. I needed accommodations. And not getting them trained me to dissociate, to push myself past my limits on a daily basis as the default way to interact with anyone. It was fucking exhausting and everyone told me it wasn't. So I lost touch with my body's signals, distrusted them, actively faught them. A couple decades later my body is breaking down and no longer able to accommodate my rushing and pushing myself. I could compensate as a child, as a teenager. I stopped being able to in my 20s. I could still be part of society by living off benefits instead of having to work. Now, a few days before my 40s birthday, I can't take proper care of myself and can't even dream of participating in society beyond mastodon (and even then it's spotty). I deteriorated in a way that felt imperceptibly slow until it suddenly wasn't. And in hindsight, there was a steady progression. At no point did anyone (except Dion) consider encouraging me to slow down. To listen to my body and its limits. No. They all just assumed I needed to try harder, or that I'd always be miserable and pityable. It's not true though. I have turned the boat around, slowly. I am recovering now and am getting better. Slowly at first, I hope I will look back in a few decades and see as steady an incline from now on, as I had a decline before. Sure, I can't expect to be as spry as a 20yo when I'm 60, 70, 80. But I can be spry for my age. And I will get there by no longer trying so hard. By doing the actually hard work of allowing myself rest. # disability # DisabilityPrideMonth # ChronicIllness # ableism # AbuseCulture # adultism # AutisticBurnout # burnout","It's both an attitude problem AND a structural one. People who can't/don't perform are made to lose education, work, therefore money, therefore housing and food. Sleeping on sidewalks or begging for survival are not restful, I can attest to that. We know capitalism sucks. It's in christianity too (sloth is a deathly sin you guys STRAIGHT TO HELL) and has seeped into general society from there, forcibly exported all over the world through colonialism and imperialism. # UBI now!",2026-07-13 16:44:59+00:00,Yes,Appearance,Medium
116913674634862191,"currently thinking a lot about how much less disabled I'd probably be if the general attitude in society to people – INCLUDING CHILDREN!!!! CHILDREN ARE PEOPLE!!!! – struggling or being slow or avoiding tasks would be to accomodate them and be patient, rather than to be annoyed or punish them. My earliest memories are of constantly getting chided for being slow. Sometimes it was good-naturedly, sometimes sternly, sometimes I was actually punished (slow at eating? not getting to eat my fill). At no single point did anyone wonder if I just needed more time than others and if this human variance, this diversity, might be tolerable. No, I had to be made to fit into the box, into the schedule. For no reason. Just 'cause. Was I already disabled or chronically ill as a kindergarten-aged child? Was that why I was slower than others, despite trying? It's possible. I don't know how I'd ever find out. But even without pathologising the way I have always been. I needed accommodations. And not getting them trained me to dissociate, to push myself past my limits on a daily basis as the default way to interact with anyone. It was fucking exhausting and everyone told me it wasn't. So I lost touch with my body's signals, distrusted them, actively faught them. A couple decades later my body is breaking down and no longer able to accommodate my rushing and pushing myself. I could compensate as a child, as a teenager. I stopped being able to in my 20s. I could still be part of society by living off benefits instead of having to work. Now, a few days before my 40s birthday, I can't take proper care of myself and can't even dream of participating in society beyond mastodon (and even then it's spotty). I deteriorated in a way that felt imperceptibly slow until it suddenly wasn't. And in hindsight, there was a steady progression. At no point did anyone (except Dion) consider encouraging me to slow down. To listen to my body and its limits. No. They all just assumed I needed to try harder, or that I'd always be miserable and pityable. It's not true though. I have turned the boat around, slowly. I am recovering now and am getting better. Slowly at first, I hope I will look back in a few decades and see as steady an incline from now on, as I had a decline before. Sure, I can't expect to be as spry as a 20yo when I'm 60, 70, 80. But I can be spry for my age. And I will get there by no longer trying so hard. By doing the actually hard work of allowing myself rest. # disability # DisabilityPrideMonth # ChronicIllness # ableism # AbuseCulture # adultism # AutisticBurnout # burnout",who's surprised that I pushed myself in order to write these posts? that I need rest RIGHT NOW but don't really know how?,2026-07-13 16:44:59+00:00,Yes,Appearance,Medium
116913674634862191,"currently thinking a lot about how much less disabled I'd probably be if the general attitude in society to people – INCLUDING CHILDREN!!!! CHILDREN ARE PEOPLE!!!! – struggling or being slow or avoiding tasks would be to accomodate them and be patient, rather than to be annoyed or punish them. My earliest memories are of constantly getting chided for being slow. Sometimes it was good-naturedly, sometimes sternly, sometimes I was actually punished (slow at eating? not getting to eat my fill). At no single point did anyone wonder if I just needed more time than others and if this human variance, this diversity, might be tolerable. No, I had to be made to fit into the box, into the schedule. For no reason. Just 'cause. Was I already disabled or chronically ill as a kindergarten-aged child? Was that why I was slower than others, despite trying? It's possible. I don't know how I'd ever find out. But even without pathologising the way I have always been. I needed accommodations. And not getting them trained me to dissociate, to push myself past my limits on a daily basis as the default way to interact with anyone. It was fucking exhausting and everyone told me it wasn't. So I lost touch with my body's signals, distrusted them, actively faught them. A couple decades later my body is breaking down and no longer able to accommodate my rushing and pushing myself. I could compensate as a child, as a teenager. I stopped being able to in my 20s. I could still be part of society by living off benefits instead of having to work. Now, a few days before my 40s birthday, I can't take proper care of myself and can't even dream of participating in society beyond mastodon (and even then it's spotty). I deteriorated in a way that felt imperceptibly slow until it suddenly wasn't. And in hindsight, there was a steady progression. At no point did anyone (except Dion) consider encouraging me to slow down. To listen to my body and its limits. No. They all just assumed I needed to try harder, or that I'd always be miserable and pityable. It's not true though. I have turned the boat around, slowly. I am recovering now and am getting better. Slowly at first, I hope I will look back in a few decades and see as steady an incline from now on, as I had a decline before. Sure, I can't expect to be as spry as a 20yo when I'm 60, 70, 80. But I can be spry for my age. And I will get there by no longer trying so hard. By doing the actually hard work of allowing myself rest. # disability # DisabilityPrideMonth # ChronicIllness # ableism # AbuseCulture # adultism # AutisticBurnout # burnout","just.... trying to imagine the amount of suffering, in the moments and in the future, that could be avoided if we as a society stopped being annoyed at LITTLE CHILDREN for ""being slow"" or ""dawdling"". People of all ages tbh. But kids??? My god, let them be kids, please I am begging on my knees!!! Or I would be if I could still get down/up lmao Adults just assumed I was slow because I was dreaming (aka dissociating due to trauma, but who's counting) and dawdling and not that they were pushing me beyond what was sustainable for me. Because THEY decided it ""wasn't too much to ask"" (another refrain of my childhood, constantly repeated). Because they knew I could do it other times/if I was pushed. And because I didn't fit their image of a disabled child (though I fear I'd have been treated much worse had I been categorised as disabled). And because I learned not to show it, learned to compensate, learned to accommodate the abled people in their mindless capitalism-worshipping rat-race. I'm done doing that. My goal now: To accommodate MY OWN HUMANITY.",2026-07-13 16:44:59+00:00,Yes,Appearance,Medium
116913674634862191,"currently thinking a lot about how much less disabled I'd probably be if the general attitude in society to people – INCLUDING CHILDREN!!!! CHILDREN ARE PEOPLE!!!! – struggling or being slow or avoiding tasks would be to accomodate them and be patient, rather than to be annoyed or punish them. My earliest memories are of constantly getting chided for being slow. Sometimes it was good-naturedly, sometimes sternly, sometimes I was actually punished (slow at eating? not getting to eat my fill). At no single point did anyone wonder if I just needed more time than others and if this human variance, this diversity, might be tolerable. No, I had to be made to fit into the box, into the schedule. For no reason. Just 'cause. Was I already disabled or chronically ill as a kindergarten-aged child? Was that why I was slower than others, despite trying? It's possible. I don't know how I'd ever find out. But even without pathologising the way I have always been. I needed accommodations. And not getting them trained me to dissociate, to push myself past my limits on a daily basis as the default way to interact with anyone. It was fucking exhausting and everyone told me it wasn't. So I lost touch with my body's signals, distrusted them, actively faught them. A couple decades later my body is breaking down and no longer able to accommodate my rushing and pushing myself. I could compensate as a child, as a teenager. I stopped being able to in my 20s. I could still be part of society by living off benefits instead of having to work. Now, a few days before my 40s birthday, I can't take proper care of myself and can't even dream of participating in society beyond mastodon (and even then it's spotty). I deteriorated in a way that felt imperceptibly slow until it suddenly wasn't. And in hindsight, there was a steady progression. At no point did anyone (except Dion) consider encouraging me to slow down. To listen to my body and its limits. No. They all just assumed I needed to try harder, or that I'd always be miserable and pityable. It's not true though. I have turned the boat around, slowly. I am recovering now and am getting better. Slowly at first, I hope I will look back in a few decades and see as steady an incline from now on, as I had a decline before. Sure, I can't expect to be as spry as a 20yo when I'm 60, 70, 80. But I can be spry for my age. And I will get there by no longer trying so hard. By doing the actually hard work of allowing myself rest. # disability # DisabilityPrideMonth # ChronicIllness # ableism # AbuseCulture # adultism # AutisticBurnout # burnout","And it's like... sitting/lying down and not moving a lot isn't in itself the answer, always. It's important of course and too often not made possible. But right now my brain is in stress mode and I know it's not letting my body fully rest, whether I sit down or lie down or move around lots. It's not restful. I blame poverty, trauma, and poverty trauma.",2026-07-13 16:44:59+00:00,Yes,Appearance,Medium
116901859195754926,"Working Less, Living More What’s one habit that has improved your life the most? The habit that’s improved my life the most was finally learning to stop carrying everyone else’s problems and working myself into the ground. For a long time I thought staying busy and always being available made me a better person. It d # advise # balance # burnout # dailyprompt # Dailyprompt2819 # life # time # work Read The Whole Post By Clicking The Link Below: https:// ericfoltin.com/2026/07/11/work ing-less-living-more/",,2026-07-11 14:40:10.533000+00:00,Yes,Social Status,Medium
116885312677571644,Victorians called burnout ‘overwork’ – and they cured it by holidaying in France https:// theconversation.com/victorians -called-burnout-overwork-and-they-cured-it-by-holidaying-in-france-284388 Seminars on WORK-related topics where professionals share their expertise. digitalsocietypress.com # DigitalSocietyPress # GlobalSeminars # OxfordUniversity # Burnout # Work,,2026-07-08 16:32:10.666000+00:00,Yes,Social Status,Medium
116860466823733402,"Clock Out Without Guilt What’s a lesson you’ve learned recently that shifted your perspective? One thing I’ve finally learned, and it took me way longer than it should have, is this: make time for your damn self. I’m Gen X. We were raised on “work hard,” “don’t complain,” and “walk it off.” We watched ou # advice # burnout # Career # dailyprompt # Dailyprompt2812 # life # perspective # truth # work Read The Whole Post Bt Clicking The Link Below: https:// ericfoltin.com/2026/07/04/cloc k-out-without-guilt/",,2026-07-04 07:13:33.020000+00:00,Yes,Social Status,Medium
116849212910983331,"How to survive 'mid-career burnout': When caregiving, parenting, and growing work duties collide # WorkLife # Burnout # Career",,2026-07-02 07:00:00+00:00,Yes,Social Status,Medium
116818733052613901,"Not long ago, I left a role I had every reason to think would be a dream fit. On the way out, I got an unexpectedly kind gesture (pictured). I'm taking the high road, so no story-time about the job - just what I'm keeping from it: - What burnout actually is, not the buzzword version. - What autistic burnout actually does - not ""tired"", but losing skills you've had for years. - How loud unmanaged micromanagement gets, until it's the only voice left in your head. - That a body keeps its own record, even when you stop checking in on it. - What it's like to need real pharmaceutical support - and watch it stop being enough on its own. - How good ""before"" really was. None of this makes me bitter. It makes me determined. Recovery starts now, and it's going to take a while - I've made peace with that part. # Burnout # AutisticBurnout # Neurodivergent # MentalHealth # Recovery # NewBeginnings # Work # Blog # Health # Jobs # Job","A small coda to yesterday's post. I'd quit smoking 2729 days ago - almost eight (!) years. On the day I signed my resignation, I bought a pack and smoked one. I still don't fully know what pulled me to do it. I left the rest of the pack on a bench for whoever needed it more. I didn't. In eight years, nothing had broken me down that far before. That's the real measure for me here (not the cigarette itself) - what it took to get to it. I'm not pretending the count doesn't reset. I just know exactly what it cost to get here, and that's worth remembering too. # MentalHealth # Burnout # Recovery # Fediverse # Neurodiversity # health # Jobs # Neurodivergent # ActuallyAutistic",2026-06-26 22:20:05+00:00,Yes,Social Status,Medium
116816062587679352,"So after my body revolted, I have determined that I am burnt out - again. Full time job + 3 kids takes its toll. There are no easy answers here. In theory, I'm doing what I can. Self-care is also work, time off is another thing that requires scheduling and arrangements. You'd think I'd be better at recognising the symptoms with my history, but no. # soloDad # burnout","Brain meds have helped me cope over the last year, but they've also masked the warning signs. Single parent burnout is incredibly common. # soloDad # burnout",2026-06-26 11:00:52+00:00,Yes,Social Status,Medium
116806946707146736,"“It is easy to blame bad managers for work-related burnout , and there are certainly a lot of them in our workplaces. However, we should not lose sight of some of the systemic factors driving this phenomenon.” open.substack.com/pub/orbitpol... Work Is Burning Us Out. We Nee...",,2026-06-24 20:22:23.430000+00:00,Yes,Social Status,Medium
116766247555318377,"The uncomfortable truth is, if one's attentional reserve & spoons are limited --everyone's are, except fictional characters-- & a primary exhauster of those cognitive/emotional resources include providing care for, say, 3-4 kids? I am not likely to be able to do much about that medication wise as a psychiatrist except around the edges. Burnout, beit in the workplace or as a caregiver, is real, and I can only do so much.Especially when the Epstein Class is squeezing society to extract every ounce of energy we have out of us on top of it. I guess what I am saying is, reproducers beware: raising kids is hard work, exhausting, and may drain you or leave you without spoons for additional tasks. Kids aren't just objects or objectives to achieve in life, & if you think socializing in general is exhausting, imagine never being able to step away from the exhausting agent. Social support, caregiver respite are important -- even if we've basically eradicated a sense of community and downtime in modern society. Our biological bodies dont give a flying fuck about capitalism or billionaire yachts. And oftentimes, I do not have a medication that can help with it. # Burnout # MentalHealth # Depression # Capitalism","I've more than exhausted pharmacological receptor targets for some patients when the reality is they have a history of having a cerebrovascular accident, are young, and have 3 kids at home & cant drive due to having seizures, and have limited social support because their first bullies in their lives were their parents, etc etc. This is where a societal/communal support solution would be critical, because medications aren't going to move the needle very much, and at the end of the day, I will still TRY but be unlikely to solve the situation with meds alone.",2026-06-17 15:52:19+00:00,Yes,Social Status,Medium
116766247555318377,"The uncomfortable truth is, if one's attentional reserve & spoons are limited --everyone's are, except fictional characters-- & a primary exhauster of those cognitive/emotional resources include providing care for, say, 3-4 kids? I am not likely to be able to do much about that medication wise as a psychiatrist except around the edges. Burnout, beit in the workplace or as a caregiver, is real, and I can only do so much.Especially when the Epstein Class is squeezing society to extract every ounce of energy we have out of us on top of it. I guess what I am saying is, reproducers beware: raising kids is hard work, exhausting, and may drain you or leave you without spoons for additional tasks. Kids aren't just objects or objectives to achieve in life, & if you think socializing in general is exhausting, imagine never being able to step away from the exhausting agent. Social support, caregiver respite are important -- even if we've basically eradicated a sense of community and downtime in modern society. Our biological bodies dont give a flying fuck about capitalism or billionaire yachts. And oftentimes, I do not have a medication that can help with it. # Burnout # MentalHealth # Depression # Capitalism","@ FknHannu Ah, people trying to use technology to solve social problems again? :3",2026-06-17 15:52:19+00:00,Yes,Social Status,Medium
116766247555318377,"The uncomfortable truth is, if one's attentional reserve & spoons are limited --everyone's are, except fictional characters-- & a primary exhauster of those cognitive/emotional resources include providing care for, say, 3-4 kids? I am not likely to be able to do much about that medication wise as a psychiatrist except around the edges. Burnout, beit in the workplace or as a caregiver, is real, and I can only do so much.Especially when the Epstein Class is squeezing society to extract every ounce of energy we have out of us on top of it. I guess what I am saying is, reproducers beware: raising kids is hard work, exhausting, and may drain you or leave you without spoons for additional tasks. Kids aren't just objects or objectives to achieve in life, & if you think socializing in general is exhausting, imagine never being able to step away from the exhausting agent. Social support, caregiver respite are important -- even if we've basically eradicated a sense of community and downtime in modern society. Our biological bodies dont give a flying fuck about capitalism or billionaire yachts. And oftentimes, I do not have a medication that can help with it. # Burnout # MentalHealth # Depression # Capitalism","@ FknHannu yup I’m neurodiverse and suddenly went from 2 to 5 kids. Lost my job and now have no idea how I can find the spoons to work and look after my kids and my neurodiverse partner 😬. Some people would say that’s a me problem for having too many kids. They’re right, but I can’t unmake them.",2026-06-17 15:52:19+00:00,Yes,Social Status,Medium
116766247555318377,"The uncomfortable truth is, if one's attentional reserve & spoons are limited --everyone's are, except fictional characters-- & a primary exhauster of those cognitive/emotional resources include providing care for, say, 3-4 kids? I am not likely to be able to do much about that medication wise as a psychiatrist except around the edges. Burnout, beit in the workplace or as a caregiver, is real, and I can only do so much.Especially when the Epstein Class is squeezing society to extract every ounce of energy we have out of us on top of it. I guess what I am saying is, reproducers beware: raising kids is hard work, exhausting, and may drain you or leave you without spoons for additional tasks. Kids aren't just objects or objectives to achieve in life, & if you think socializing in general is exhausting, imagine never being able to step away from the exhausting agent. Social support, caregiver respite are important -- even if we've basically eradicated a sense of community and downtime in modern society. Our biological bodies dont give a flying fuck about capitalism or billionaire yachts. And oftentimes, I do not have a medication that can help with it. # Burnout # MentalHealth # Depression # Capitalism",@ FknHannu This is why childless adults have a place even in societies obsessed with reproduction.,2026-06-17 15:52:19+00:00,Yes,Social Status,Medium
116765438820751499,"“When employees know that recovery is valued rather than merely permitted, they return more focused, more engaged and better equipped to do their best work. […] these practices communicate something critical about organizational culture. They tell employees that leadership recognizes they are human beings, not simply units of output” From de- to re-humanisation of the workplace 💪🏻😎 # Management # Leadership # DistanceWorking # RemoteWork # HybridWork # DistributedWork # FlexibleWork # Burnout",,2026-06-17 12:26:40.761000+00:00,Yes,Social Status,Medium
116764429407846646,"Here's your reminder to check on your colleagues, friends and yourself about # burnout and # mobbing situations at # work . Here's what to watch for: :blobfoxshocked: Work keeps piling up, but support doesn't :blobfoxtableflip: No control over how you do things :blobfoxpeek: Work and efforts go unrecognized :blobfoxpatsad: No sense of belonging :blobfoxupsidedowndizzy: It feels personal, and you blame yourself Burnout creeps in quietly, but positive # empathy can do wonders! Talk about it, don't pretend it's normal. Bring it up in your team, start a retro to diagnose it together, involve your # union if needed. Thank you for the attention! # job # corporate # mentalhealth # solidarity # unionstrong",,2026-06-17 08:09:57+00:00,Yes,Social Status,Medium
116753217912521303,"Feeling stressed at work? These are the signs of burnout and when to speak up rova.nz/articles/feel-stressed -at-work-expert-tells-us-about-burnout?utm_source=flipboard&utm_content=Econopass%2Fmagazine%2FFLIPBOARD+EXCHANGE+FEED+%F0%9F%97%9E%EF%B8%8F Join Mike for the latest episode of The House of Wellness with Chemist Warehouse on the Breeze, where he’s joined by Dr Kevin Glucina, Health Coach … # wellness # stress # burnout",,2026-06-15 08:38:42+00:00,Yes,Social Status,Medium
116719900625153661,"Tues. June 9, 2026: Sliding into Summer image courtesy of Екатерина Гусева from Pixabay Tuesday, June 9, 2026 Waning Moon Pluto Retrograde Sunny and warm I hope you had a lovely weekend. You can read the Community Tarot Reading for the Week here . Once I posted on Friday, I continued cleaning things up from my trip. Decontaminating anything that had been in the hotel room, making sure the car was decontaminated. Everything was probably fine, and I doubt anything traveled with me, but I wanted to make sure. I didn’t really nap, although I dozed a bit in between tasks. It was warm, but not too humid, which was nice. Cooked a nice salmon dinner. I could barely keep my eyes open after I did the dishes, so I went to bed ridiculously early. The cats were confused. Slept reasonably well, in that I woke up a few times, but managed to get back to sleep without much trouble. It was a little uncomfortable when I went to bed, but cooled down overnight. I was up early on Saturday, due to the cats’ demands. Fed them, did my morning routine. The latest meditation timer dropped out because I haven’t upgraded to the paid version, so I hunted down another one to try free online (not an app). Meh. There are analog meditation/singing bowl timers, but they’re expensive and not worth that kind of expense to me, and a regular kitchen timer is distracting. I’ll figure it out. After breakfast, I cooked some chicken (before it got too hot) and made a curried chicken salad, which kept us lunchy-fed for a few days. I misplaced the recipe I’ve been using since 2012 somehow (it’s been in the same binder since I started using it until I needed it today), but I remembered enough and improvised the rest, and it’s good. I used CSA ingredients for the greens, etc. I took out the garbage and did a quick trot on foot to the liquor store. It’s rosé season. It was much more humid today, and I was worn out even by the few blocks of the trip. I do not do well in heat and humidity. On the way back from the store, I helped a woman get an elderly man into the bus. They had to take the bus to the ER at the top of the hill, because they were afraid of the ambulance bill. I completely relate. We shouldn’t have to live like that in this country. Once home, I worked on the radio series pitch. I decided I’m counting radio script work as part of End of Play pages, even though I’m moving between projects. I have deadlines to meet. Took a break late morning for some research reading, and made some notes on a character inspired by what I read. The character is fictional, inspired by the research. At first, I thought I would set the piece in the UK, but now I think I will set it in New York, Massachusetts, and Maine. I mean, the piece needs to wait its turn in the queue, but I can work on the background notes and outline between now and then. Historical literary fiction, imagine that. I’m sure a murder will sneak in at some point. One usually does. After lunch, I read some more, turned on the ceiling fan, and took the laptop into the living room. My office was too hot for decent work. Perched on the sofa with the ceiling fan going, I was comfortable. So was Bea, who hung out with me. I did solid work on the radio series pitch. It feels right. It was warm and humid, although it didn’t get too hot inside the apartment. I heated up leftovers for dinner, and chopped up some strawberries to go on top of the chocolate gelato for dessert. We had a thunderstorm pass through with a little rain that was nowhere near as severe as we were told to expect. Golden Tempo won the Belmont Stakes, which was no surprise. He looked great in his workouts at Belmont. He’s happy and secure (kudos to his trainer and groom and exercise riders and jockey). He’s mentally mature for a three-year-old horse. He knows the deal. He trusts his jockey to tell him when to move up, they worked together as a team, and he did what he does, which is hang back (12 lengths from the lead this time), then pick off the horses in front of him one by one, and pass them as they wear out near the finish line. He actually pulled away pretty well at the end. The race was ¼ mile shorter than when it’s down at Belmont Park (where it will be again next year), so that was easier on all the horses. Still, it was impressive. Cherie DeVaux, the trainer, is the first woman trainer to win two of the three Triple Crown races in the same year. I got conflicting search results about who the first woman was to train a Belmont Stakes winner, and I no longer have as much thoroughbred history in my brain as I used to. If I get a chance, I will dig deeper into reliable sources in the next few weeks. (I heard it was Jen Antonucci in 2023 with Arcangelo, from a source that seems reliable. She is the first woman trainer to win any Triple Crown race. Can I say how much I hate how Google has destroyed search capacity? At least Duck Duck Go still has some). Slept reasonably well, up early on Sunday. Morning routine was fine. I found a meditation app that actually downloaded into my phone and sounds good, so we’ll see how long I have access to it. Did the Community Tarot Reading for the Week, which you can read here . I made Pain Perdu for breakfast, the New Orleans version of French toast. We had some ciabatta that was aging, and I didn’t want to waste it. I use a recipe from a spiral-bound community cookbook I bought on one of my trips there, and have tweaked it over the years. Pere Antoine’s, my favorite restaurant in NOLA (alas, closed now) used to make a terrific Pain Perdu, and I’ve never been able to replicate it exactly. I was much closer this time. The recipe calls for 3 eggs mixed with ¾ cup of sugar. I add a teaspoon of vanilla. The bread is soaked in the mixture, flipped a few times to fully coat it, then fried in a buttered pan. Again, flipping the pieces, so that there’s a bit of brown on the egg mixture coating the bread, but it’s not charred. The recipe calls for a sprinkling of nutmeg, but I found mixing nutmeg and cinnamon brings me closer to the recipe I’m trying to replicate. I suspect that the restaurant added a dash of dark rum to the mixture, but I’m not sure I can face dark rum at 7:30 in the morning when I’m not in New Orleans. After I did the dishes, I gave the stove a good scrub. I clean it daily, and do bigger cleans regularly, but the past few days the cooking’s been a bit messier, so I wanted to give it attention. Then, with Willa’s “help” I watered all the plants. I check the ones on the back balcony every day and switch the water in the hanging birdbath to keep us mosquito-free, but not everything has to be watered every day. I did another revision pass on the radio series pitch, tweaked a few things, cut a few things, and I feel good about it. Lunch, then I made some lemon mousse. I realized I missed sending a birthday card to a friend, so I took care of that – a belated e-card with apologies, but at least it went out the door. He was pleased to receive it, and told me the day itself was just another 12-hour workday (he works in theatre/film, too). In the afternoon, I repotted the rest of the plants. I got everything done except repotting the aloe, and it took all afternoon. But the plants are in their new homes, and happy. The tomato plant I bought at Whitney’s got so big it needed the tomato cage. The other tomato plant has somewhat recovered from its UPS ordeal, and is settling in with its basil and marigold friends. My bad hip was very unhappy by the end of it, but I’m glad I got it done. In the evening, I cooked a dish from one of Marcella Hazan’s books. I hadn’t used one of her recipes in ages. It was chicken with rosemary, garlic, olive oil, white wine, cherry tomatoes, and olives. It turned out well. Read in the evening out on the porch with all the happy plants, made some background notes for a project. I didn’t watch the Tony Awards, although I checked updates. I watched clips of it the next day, and wished I had watched the show, or even better, been in the audience. Over the years, I worked one Tony Awards show, and attended two. It was always a terrific experience, and everyone was happy to be there and had so much fun. Pink did such a magnificent job, as did the director, Liz Clare. I was so happy for Shoshana Bean’s win. I worked with her on WICKED, and really like her as both a person and a performer. Playwright Bess Wohl’s win for LIBERATION will give WAM a boost when we produce her play CAMP SIEGFRIED later this year. I was delighted for everyone’s wins, and thought the numbers chosen were done so well. The speeches by the Tony winners, in my opinion, tend to be better and more heartfelt than in a lot of other shows. It made me proud to be a part of the lineage for the years I worked there and beyond. It was cool enough to sleep well. Up at the usual time, morning routine. Tried to stretch out the unhappy hip. After breakfast and morning chores, I sent off questions/suggested topic for the Freelance Friends chat I will host at the end of July. The organizer likes it, and we’ll move forward with it. This week is kind of busy, but then I’m trying to keep things calm and quiet through the end of July. I had to explain yet again to someone who asked me why I don’t show up at local evening writing groups that I write all day to earn my living. Off the clock, I like to do other things. You don’t ask plumbers to join plumbing groups that do extra repairs in their off-hours. I attend writing groups when I can, as part of my workday, like the Honor Roll sessions. I attend WAM and Athena Project readings, and provide script analysis in those evenings. That’s enough for me. If local groups met during the day, I could go sometimes, provided I wasn’t on tight deadline. I understand that they’re not meeting during the day because people have day jobs, but my day job IS writing, and I shouldn’t be expected to put in extra unpaid hours. On my off hours, I’m happy to go to readings, etc. to support other writers, but I don’t want to be writing. I want to relax and have fun doing other things that refresh the creative well. I really wanted to go back to bed, but there was work to do. I did another revision pass on the radio series pitch. I wrote about 2-1/2 pages on the radio play that needs to go out hopefully this week. But it’s more likely that play will go out next week. I need to make sure it’s polished enough to submit. By then, it was time for errands. Post office, grocery store to pick up a few things we’d run out of or I’d forgotten to get on Friday, and the library. Dropped off 13 books, picked up 6. Home, hauled everything up the stairs and put it away, and then took a short break before turning my attention to the 20K ghostwriting revision. Worked on the ghostwriting the rest of the day. There are some notes that seem contradictory to me, but I will do the best I can. I had hoped to turn it all around yesterday, but it was too much. I got a little under 10K done. Some of the notes make me grumpy, but too bad for me. It’s my job to figure out how to make it work. In the evening, the Boiler House Poets Collective had a ZOOM call to check in with each other and catch up. Great to spend time with everyone, even virtually, and look forward to our time in-studio in October. Cooked dinner, read a fun book, went to bed late. Good sleeping weather, which is nice in preparation for what is supposed to be a hot stretch of days. I suspect we will need our cooling units, which I will unpack and set up today. There’s no yoga tonight because my teacher is on vacation, so I will do a final pass on the radio series pitch and get it out the door, and then work on the other radio script that needs to go out the door this week or next week. Once that script is done, I have one more radio script to get out the door by mid-July, and then I will turn my attention to the contracted piece for Llewellyn. Once I have today’s script work done, I will spend the bulk of the day on the ghostwriting, and hope it doesn’t grind me down into nothing. On a happier note, a friend of mine is going to join me on Friday night at the Clark opening, and then I am going on a short adventure with her on Saturday morning. I have to make breakfast and do the morning chores before I get back to the page, so I better head off. I want to prepare a salmon pasta salad (to keep us lunchy-fed the next stretch of days) before it gets too hot to cook, too. Have a good one! art BelmontStakes burnout cooking food freelance gardening life radio scriptwriting theatre TonyAwards weather writing",,2026-06-09 11:25:27+00:00,Yes,Social Status,Medium
116717244449666732,"Siri can now summarize a 30-minute meeting into three bullet points!""My brother , if you need a machine learning algorithm to tell you that your boss spent 20 minutes breathing into the microphone and 10 minutes saying 'let's circle back,' you don't need Apple Intelligence. You need a new job. Flash fijiOS and save your brain cells.fijiOS # Fedora # KDEPlasma # CorporateLife # WWDC2026 # AppleIntelligence # Siri # Burnout # Linux",,2026-06-09 00:10:13.017000+00:00,Yes,Social Status,Medium
116711343913144523,"OutBurnt Video: https:// youtu.be/PTdpauYupmg # burnout # Creativecoding # livecoding # WCCC # WCCChallenge # 3D Blog: https:// blog.illestpreacha.com/wccc-bu rnout For this week's Creative Code Challenge by @ sableraph : ""Beautiful Burnout”, Outburnt coded from # HydraVideoSynth , # Locomotion & # Strudel uses Pacing, 3D Avatars that are being stretched thin & pulled in all directions and a Flame inspired background to evoke the multiple feelings of a burnout. With a soundtrack that may be beautiful or not? # Poetry Prolonged Detachment Still floating Sustained distortion Enhanced exhaustion The emotions are Roaming The flame are rolling Potential dispatchment As I am still floating # creativecoding # coding # animation # sounddesign # newmedia # scifi # design # visualpoem # speculativedesign",,2026-06-07 23:09:36+00:00,Yes,Appearance,Medium
116708774947326600,Still replying to work messages after hours? Experts say that’s a problem https:// english.mathrubhumi.com/lifest yle/workplace-boundaries-burnout-prevention-office-aklfi19a?utm_source=dlvr.it&utm_medium=mastodon # WorkplaceWellness # Burnout # WorkLifeBalance # MentalHealth,,2026-06-07 12:16:18.672000+00:00,Yes,Social Status,Medium
116658273636717398,"I am incredibly lucky to have never worked in a restaurant. I've had plenty of retail jobs, but I've always purposely avoided working in the food industry. And after writing this article about # restaurantburnout , I think I made the right decision. Working in a # restaurant is tough work, and it often goes underappreciated. For # RestaurantManagers and # restaurantowners , finding ways to address # burnout can help keep your staff — and customers — happier. forbes.com/advisor/business/re staurant-employee-burnout/",,2026-05-29 14:13:09.829000+00:00,Yes,Social Status,Medium
116612442715617242,"# MeCfs # ME_CFS # Burnout # ActuallyAutistic # actuallyAuDHD # ActuallyADHD gals, maybe you know important techniques I don't. I have Audhd. I got burned out trying to study in places that didn't accomodate me for 3 years. Now, I'm going to study somewhere smaller, nearer, and I think I'll be able to handle it. I live with my parents, I am 19, I do not have me/CFS, but the rest is diagnosed. Parents know about it. But they still can't accept how bad I got with the recent burnout. I don't work, I don't do anything really. Still I have days I just cannot get out of bed at all. How does one survive somewhat happy, even with extremely limited energy ? For me, spoons are the shortage. How do I preserve the spoons I still get ? I've been trying to make my parents understand but it's slow. Even vague answers help, I have no idea what to do.","@ konstruct Reducing demands on yourself is so important and this is not just the big obvious stuff. It's also things like getting dressed, even though you're not leaving the house that day. Or doing even the simplest tasks as soon and as well as you can. Rather than pacing yourself and adopting a near enough is good enough policy and that some things really can wait for another day. Accepting that you really are limited and need to be kind to yourself over it, is so important. It is just like recovering from a physical injury, it takes time and care, and perhaps this is the main thing that you should try to get your parents to understand. That expectations have to be judged by it now and not by what they assume a healthy you could do.",2026-05-21 11:57:43+00:00,Yes,Education,Medium
116612442715617242,"# MeCfs # ME_CFS # Burnout # ActuallyAutistic # actuallyAuDHD # ActuallyADHD gals, maybe you know important techniques I don't. I have Audhd. I got burned out trying to study in places that didn't accomodate me for 3 years. Now, I'm going to study somewhere smaller, nearer, and I think I'll be able to handle it. I live with my parents, I am 19, I do not have me/CFS, but the rest is diagnosed. Parents know about it. But they still can't accept how bad I got with the recent burnout. I don't work, I don't do anything really. Still I have days I just cannot get out of bed at all. How does one survive somewhat happy, even with extremely limited energy ? For me, spoons are the shortage. How do I preserve the spoons I still get ? I've been trying to make my parents understand but it's slow. Even vague answers help, I have no idea what to do.","@ konstruct Here is how I manage my spoons on days when I feel like I'm drowning (context: AuDHD, not in a really bad burnout right now): Years ago, I watched this TEDx about depression ( https:// youtu.be/njESlZa2b10 - main part with copying strategies starts at 7:50), and a similar method still works for me: 1/n",2026-05-21 11:57:43+00:00,Yes,Education,Medium
116612442715617242,"# MeCfs # ME_CFS # Burnout # ActuallyAutistic # actuallyAuDHD # ActuallyADHD gals, maybe you know important techniques I don't. I have Audhd. I got burned out trying to study in places that didn't accomodate me for 3 years. Now, I'm going to study somewhere smaller, nearer, and I think I'll be able to handle it. I live with my parents, I am 19, I do not have me/CFS, but the rest is diagnosed. Parents know about it. But they still can't accept how bad I got with the recent burnout. I don't work, I don't do anything really. Still I have days I just cannot get out of bed at all. How does one survive somewhat happy, even with extremely limited energy ? For me, spoons are the shortage. How do I preserve the spoons I still get ? I've been trying to make my parents understand but it's slow. Even vague answers help, I have no idea what to do.","@ konstruct - I do a list of things that ""should"" be done, brain dump really: shower, food, todo list from work - then I rate every one of them, scale 1-3: a) how urgent it is? b) how hard is it for me right now? - then I choose the first thing that is even doable This gives me more solid ground, and at the same time: the list is outside my head, so it doesn't drain my mental energy anymore. 2/n",2026-05-21 11:57:43+00:00,Yes,Education,Medium
116612442715617242,"# MeCfs # ME_CFS # Burnout # ActuallyAutistic # actuallyAuDHD # ActuallyADHD gals, maybe you know important techniques I don't. I have Audhd. I got burned out trying to study in places that didn't accomodate me for 3 years. Now, I'm going to study somewhere smaller, nearer, and I think I'll be able to handle it. I live with my parents, I am 19, I do not have me/CFS, but the rest is diagnosed. Parents know about it. But they still can't accept how bad I got with the recent burnout. I don't work, I don't do anything really. Still I have days I just cannot get out of bed at all. How does one survive somewhat happy, even with extremely limited energy ? For me, spoons are the shortage. How do I preserve the spoons I still get ? I've been trying to make my parents understand but it's slow. Even vague answers help, I have no idea what to do.","@ konstruct Also, for me, doing nothing is sometimes worse as it still eats a lot of spoons (with guilt and not-so-great thoughts about myself). That is a curse, really. How to preserve your spoons when preserving the spoons costs you spoons. When my burnout was pretty bad, I almost ditched the cleaning micro-routine, but realised that my autistic side really needs it. 3/n",2026-05-21 11:57:43+00:00,Yes,Education,Medium
116612442715617242,"# MeCfs # ME_CFS # Burnout # ActuallyAutistic # actuallyAuDHD # ActuallyADHD gals, maybe you know important techniques I don't. I have Audhd. I got burned out trying to study in places that didn't accomodate me for 3 years. Now, I'm going to study somewhere smaller, nearer, and I think I'll be able to handle it. I live with my parents, I am 19, I do not have me/CFS, but the rest is diagnosed. Parents know about it. But they still can't accept how bad I got with the recent burnout. I don't work, I don't do anything really. Still I have days I just cannot get out of bed at all. How does one survive somewhat happy, even with extremely limited energy ? For me, spoons are the shortage. How do I preserve the spoons I still get ? I've been trying to make my parents understand but it's slow. Even vague answers help, I have no idea what to do.","@ konstruct There is a book 'How to Keep House While Drowning' by KC Davis, written for neurodivergent people - I think these concepts could be helpful not only for home care (e.g. how to shift your perspective of care tasks from moral to functional, how to stop negative self-talk and shame around care tasks), so if your library has it, maybe it's worth a look? Good luck 💚 4/4",2026-05-21 11:57:43+00:00,Yes,Education,Medium
116612442715617242,"# MeCfs # ME_CFS # Burnout # ActuallyAutistic # actuallyAuDHD # ActuallyADHD gals, maybe you know important techniques I don't. I have Audhd. I got burned out trying to study in places that didn't accomodate me for 3 years. Now, I'm going to study somewhere smaller, nearer, and I think I'll be able to handle it. I live with my parents, I am 19, I do not have me/CFS, but the rest is diagnosed. Parents know about it. But they still can't accept how bad I got with the recent burnout. I don't work, I don't do anything really. Still I have days I just cannot get out of bed at all. How does one survive somewhat happy, even with extremely limited energy ? For me, spoons are the shortage. How do I preserve the spoons I still get ? I've been trying to make my parents understand but it's slow. Even vague answers help, I have no idea what to do.","@ izabelamisiak @ konstruct This is exactly the book I'd recommend in such situations, especially with home care taking so much effort. (I need to rethink this for myself.) Laziness Does Not Exist by Devon Price might help too. There is a lot of doing less and resting as a respectable and necessary activity. I don't know how to deal with unaccepting parents (who might easily contribute to burnout), the typical solution of moving away requires lot of spoons.",2026-05-21 11:57:43+00:00,Yes,Education,Medium
116612442715617242,"# MeCfs # ME_CFS # Burnout # ActuallyAutistic # actuallyAuDHD # ActuallyADHD gals, maybe you know important techniques I don't. I have Audhd. I got burned out trying to study in places that didn't accomodate me for 3 years. Now, I'm going to study somewhere smaller, nearer, and I think I'll be able to handle it. I live with my parents, I am 19, I do not have me/CFS, but the rest is diagnosed. Parents know about it. But they still can't accept how bad I got with the recent burnout. I don't work, I don't do anything really. Still I have days I just cannot get out of bed at all. How does one survive somewhat happy, even with extremely limited energy ? For me, spoons are the shortage. How do I preserve the spoons I still get ? I've been trying to make my parents understand but it's slow. Even vague answers help, I have no idea what to do.","@ konstruct Don't know if this could help you, but to save you the hassle to have to explain over and over again, maybe send them links to blogs or videos by autistic/disabled creators? I did this with my mom and she eventually became more understanding. I also realised how it must be difficult for parents to come to terms with the fact that their child is less abled than them. My mother who is 70 is in better shape than me :blobflushed: I don't wanna sound pessimistic but for me, what's helped a little is trying to understand that people who don't experience the same thing will never fully understand. Even those who listen the most will sometimes fail you, and it's ok.",2026-05-21 11:57:43+00:00,Yes,Education,Medium
116612442715617242,"# MeCfs # ME_CFS # Burnout # ActuallyAutistic # actuallyAuDHD # ActuallyADHD gals, maybe you know important techniques I don't. I have Audhd. I got burned out trying to study in places that didn't accomodate me for 3 years. Now, I'm going to study somewhere smaller, nearer, and I think I'll be able to handle it. I live with my parents, I am 19, I do not have me/CFS, but the rest is diagnosed. Parents know about it. But they still can't accept how bad I got with the recent burnout. I don't work, I don't do anything really. Still I have days I just cannot get out of bed at all. How does one survive somewhat happy, even with extremely limited energy ? For me, spoons are the shortage. How do I preserve the spoons I still get ? I've been trying to make my parents understand but it's slow. Even vague answers help, I have no idea what to do.","@ konstruct and regarding the spoons : personnaly I have not yet found a good system. It takes time, trial and error... For now I try to rest as much as I can, and when I need to see people, I try to keep in mind that after every social event (even small) I will need time to rest afterwards, or worse, completely crash. For instance I'm not working this week because two consecutive nights of (very dear) friends visiting me at my place totally exhausted me :blobexpressionless: I had already planned several days off work afterwards but it wasn't enough in the end, and I had to add sick leave after that (For context : I'm AuDHD, have long covid, and work only part time)",2026-05-21 11:57:43+00:00,Yes,Education,Medium
116612442715617242,"# MeCfs # ME_CFS # Burnout # ActuallyAutistic # actuallyAuDHD # ActuallyADHD gals, maybe you know important techniques I don't. I have Audhd. I got burned out trying to study in places that didn't accomodate me for 3 years. Now, I'm going to study somewhere smaller, nearer, and I think I'll be able to handle it. I live with my parents, I am 19, I do not have me/CFS, but the rest is diagnosed. Parents know about it. But they still can't accept how bad I got with the recent burnout. I don't work, I don't do anything really. Still I have days I just cannot get out of bed at all. How does one survive somewhat happy, even with extremely limited energy ? For me, spoons are the shortage. How do I preserve the spoons I still get ? I've been trying to make my parents understand but it's slow. Even vague answers help, I have no idea what to do.","@ konstruct do you have a recovery hobby? Something you enjoy that's at least spoon-neutral, that you can show your parents when they ask what you've been doing with your time. Mine is knitting.",2026-05-21 11:57:43+00:00,Yes,Education,Medium
116612442715617242,"# MeCfs # ME_CFS # Burnout # ActuallyAutistic # actuallyAuDHD # ActuallyADHD gals, maybe you know important techniques I don't. I have Audhd. I got burned out trying to study in places that didn't accomodate me for 3 years. Now, I'm going to study somewhere smaller, nearer, and I think I'll be able to handle it. I live with my parents, I am 19, I do not have me/CFS, but the rest is diagnosed. Parents know about it. But they still can't accept how bad I got with the recent burnout. I don't work, I don't do anything really. Still I have days I just cannot get out of bed at all. How does one survive somewhat happy, even with extremely limited energy ? For me, spoons are the shortage. How do I preserve the spoons I still get ? I've been trying to make my parents understand but it's slow. Even vague answers help, I have no idea what to do.","@ konstruct it's okay to do different things on different days. Don't let the pressure of consistency trap you. When I embraced that my interests jumps around, it was a lot easier to enjoy them. I let myself chase a thing as long as it feels good - this can be on day to day basis or weeks or even months. This way I get to enjoy so many things instead of forcing myself to keep to one or two.",2026-05-21 11:57:43+00:00,Yes,Education,Medium
116562210547789149,"Back-to-back meetings all day. Then at 5:30 someone says ""ok let's actually start the work now."" This is normal in most offices. It shouldn't be. # work # burnout","The defense is always ""we need face time."" But face time isn't a meeting. It's coffee, a hallway chat, the 15-minute walk to lunch. Most meetings are the opposite of face time — they're agenda-less, performative, and exhausting.",2026-05-12 15:03:03.411000+00:00,Yes,Social Status,Medium
116550746101261584,"The Sound of Silence 5–7 minutes Ah, Sundays… Even now, (around 40 years later…yikes!) I can still smell the steam from my mum’s iron hitting my school shirt while Dr. David Banner* walked down that lonely road on the telly. (*I know… Dr. Robert Bruce Banner in the comics!) If you’re a Brit of a certain vintage, you might remember the feeling… That theme tune for The Incredible Hulk was the funeral march for the weekend (usually followed by the post-bath-damp-hair-and-pyjamas dread of Songs of Praise or the Antiques Roadshow theme tune) . It was the “Handover” from freedom back to the system. Back then, we at least had a boundary. We had a window of free time before it slammed shut. In 2026, the Syndicate has demolished the wall between “living” and “labouring”. We’ve gone from the Sunday night blues to an eternal, 24/7 grindstone. We’ve industrialised childhood with childcare systems that start almost from birth and pushed retirement ages ever higher across the globe1. Have we really reached a point where “unproductive” time is only permitted when you’re literally too small to hold a tool or, too old to remember where you put it?! I spent 15 minutes yesterday afternoon watching an eagle soaring on the mountain thermals. I wasn’t “mindfully observing” it. I wasn’t recording it for a nature vlog. I certainly wasn’t “optimising my downtime”. I was just… watching a bird. And then, a strange thing happened. I started to feel almost… guilty about it… And I realised, that guilt is a pre-programmed feature, not a bug. It’s the voiceless rebuke of the Syndicate in my head telling me that an unproductive minute is a wasted one! Why does watching a bird feel like a crime against the clock? Because the Syndicate has successfully turned our rest into a resource… I. The Efficiency Mandate: The 24/7 Factory 📈 The Syndicate has turned our own brains into a factory that never stops. They’ve issued what I call “The Efficiency Mandate”. It’s the rebranding of “rest” as “recovery time” – as if your body is just a piece of hardware that needs to be plugged in and charged so it can get back to work… We have apps that track our sleep and wearables that buzz if (heaven forbid!) our “unproductive thought levels” get too high. We’ve outsourced our joy to a spreadsheet. Even our hobbies have to be “results-oriented”. We don’t just bake a cake; we have to photograph it, tag it and measure its “engagement”. We’re hacking our own happiness to gain an upward spike on a graph. II. The Glitch: The Always-On Brain 🔛 The problem is that a brain under constant pressure to “produce”, eventually just fries its own circuits! We’re seeing a global spike in “ Cognitive Burnout “. Data shows that by trying to do everything at 110%, we may actually be causing changes in our brain structure. I’m the first to admit I’ve been sucked into this. I’m writing this blog in the gaps between the “day job” because I don’t really have an off-switch. But… that’s exactly why we need the Resistance. We have to fight the urge to be “productive” like we’re fighting a fever! The Syndicate loves a tired brain. A tired brain is suggestible. A tired brain buys the “Premium Subscription” to a meditation app or a streaming service instead of just… turning the phone off. They’re keeping us exhausted while they sell us their “cure”. III. The Social Recession of Stillness ☮️ We’re losing the art of just being… at peace. For a Scottish Gen Xer, our childhood was 20% staring out of a rainy window and 80% making up games and having fun with our mates. We were the Masters of Boredom. Now, the five minutes spent waiting for a train has to be filled by “scrolling the feed”. That “busy-ness” is a social wall. When you’re staring at a screen, you’re not part of the world around you. But when you’re just… there, standing in that space, you’re available for an unscripted, human moment. Every minute you spend being “useless” is a minute you aren’t feeding the Syndicate’s data-beast. Reclaiming your boredom isn’t just self-care… it’s a necessary act of rebellion. ✊ The Citizen Jane Field Guide™️ (The Quiet Rebellion) ✊✌️ The theme for Mental Health Awareness Week (11 – 17 May 2026) is “Action” . My proposed action? Tactical Inactivity ™️. Let’s reclaim our right to have truly “free” time: 1. The “Hulk” Handover : Tonight, when that “Sunday Night Blues” feeling hits, (the one that used to smell like school-shirt steam and scorched polyester) refuse the handoff. Instead of prepping for Monday’s grind, do something completely “un-optimised” and fun. Dig out an old board game. Listen to an album you haven’t heard in years. Or, even better, have a “Sunday Sundae” with waaaaay too many toppings! Remind your brain that life is for living, not just existing… in between shifts! 🍨🎲 2. The “Pigeon Protocol”: Find a bird. It doesn’t have to be an eagle – it can be a pigeon, a crow, even a particularly determined seagull (depending where you live). Watch it until it flies away. Don’t photograph it. Don’t “identify” it with an app. Just witness it (and its absolute lack of concern for the global economy!). 🐦 3. The “Notification Strike”: You aren’t a Tamagotchi; you don’t need a digital biscuit to exist. If an app tells you that you haven’t “met your goal”, delete the goal! If your watch tells you to “stand up”, stay sitting down out of pure, tactical spite! Or better yet, delete them all! It’s your life, not theirs. 🍪 4. The “Analogue Anchor”: Buy a physical magazine or book. No hyperlinks, no “Related Content”. Just one story, at one speed, with no “Share” button. Take your time. Don’t rush it. 📖 ⚓ 5. The “Busybody-Buster”: Next time someone sarcastically asks if you’re “keeping busy”, look them dead in the eye and say: “Nope, I’m being gloriously idle”. Watch their brain glitch (and eye twitch) . It’s fun! 😈😛 Join the Rebellion ✊✌️ The Syndicate wants you “Always On” because a busy person never stops to ask: “Why (the f) am I doing this?!”. Your mission: Reclaim (at least) ten minutes of your day for a task that provides absolutely no value to the global economy. Be inconveniently still. Starve the machine. Do something for you . What’s the most “useless” thing you’ve done this week just because you wanted to? Let’s share our Downtime Wins in the comments 👏👇 Citizen Jane x ✌️ p.s. Happy Mother’s Day to my readers in Canada, America and Mexico! Today is the perfect day to put your feet up and have some “me time”! 💐🍫 If you’re struggling right now, please talk to someone 📱📞💬 UK: Call Samaritans for free at 116 123 anytime. US: Access the 988 Suicide & Crisis Lifeline through local crisis services. Global: Find a local helpline via Befrienders Worldwide or IASP . Childcare: On average, OECD data shows that 55% of children in studies starting ECEC (Early Childhood Education and Care) before age 3, with many entering in their first year of life . Retirement: According to the OECD Pensions at a Glance 2025 report, populations are aging so quickly that countries must increase effective retirement ages to sustain pension systems ↩︎ Rate This",,2026-05-10 14:27:29+00:00,Yes,Education,High
116540243711201240,"Report on Burnout in Open Source Software ""I draw upon a combination of academic literature and OSS community discussion to identify 6 factors that contribute OSS developer burnout: difficulty getting paid, workload and time commitment, maintenance work as unrewarding, toxic community behaviour, hyper-responsibility and pressure to prove oneself. I then make 4 broad recommendations for how to address it: pay OSS engineers, foster a culture of recognition and respect, grow the community and advocate for maintainers. "" burnout SoftwareDevelopment FOSS work MentalHealth OpenSource",,2026-05-08 17:56:36.812000+00:00,Yes,Social Status,Medium
116539101171297839,"A brief burst of work followed by a long # burnout isn't effective, and definitely not sustainable. Practically, you're going to get less done that way than if you work a little bit at at time (though it doesn't need to be consistent, batching works), over the same stretch of time. Sustainable isn't just kinder. It actually works better.",,2026-05-08 13:06:01+00:00,Yes,Social Status,Medium
116526964103520211,"""Every 'no' is a vote for a future 'yes.'""- Futurist Jim Carroll -- Futurist Jim Carroll is writing a series, The Art of the Infinite Pivot, based on 36 lessons from his 36 years as a solo entrepreneur, working as a nomadic worker in the global freelance economy. The series is unfolding here, and at pivot.jimcarroll.com. -- In the global freelance economy, the pressure is relentless: take everything that comes through the door. Chase every lead. Never leave money on the table. Never turn down an opportunity. Hustle. I get it. I've lived that reality since 1990. Here's the thing - the tone for the hustle is set right out of the gate. When you're in year one of running your own thing, every email feels like the difference between making it or not. You say yes to almost anything because the alternative of an empty calendar is terrifying. I've lived that reality for a long time. My early years on my own were a frantic hustle of saying yes to anything that looked like it might pay the bills. But here is what I've learned in the 36 years since: the pivots that worked weren't built on the things I said yes to; sometimes, they were built on the things I said no to. Every no is a vote for a future yes. From 1998 to 2001, I was doing, perhaps, 80 to 100 events per year. 4 keynotes in 4 days in 4 different cities all across North America. Travel, a full schedule, prep time. It was exhilarating, but at the same time, I was raising a young family with my wife, writing even more books about the Internet, participating in book tours, and so much more. And when the dot.com collapse happened in 2001, I was not quite prepared to reinvent - to pivot - at the speed the future demanded. It wasn't until 2004 that I finished writing my book, What I Learned from Frogs in Texas: How to Save Your Skin with Forward Thinking Innovation, that I was able to escape the tech lable nd move into the innovation/futurist branding. I look back sometimes and realize I lost three years that might have made my pivot to a new future easier. I didn't - because I didn't make time for the necessary pivot, because I was too busy saying yes. I learned a very powerful lesson. It's hard to think about, but ultimately, saying YES to everything will eventually get in the way of your success. Keep reading the full post in the link: there's more on why saying NO is the best way to get to YES more often. --- Futurist Jim Carroll has come to learn that the potential negativity in saying NO is one of the most powerful ways to get to the positivity of saying YES. ** # No ** ** # Yes ** ** # Boundaries ** ** # Focus ** ** # Protection ** ** # Hustle ** ** # Calendar ** ** # Burnout ** ** # Discipline ** ** # Pivot ** ** # Freelance ** ** # Lessons ** ** # Reputation ** ** # Time ** ** # Guard ** ** # Intelligence ** ** # Space ** ** # Reinvention ** ** # Future ** ** # Family ** ** # Health ** ** # Ruthless ** ** # Opportunity ** ** # Careful ** ** # Onwards ** Original post: https:// jimcarroll.com/2026/05/decodin g-tomorrow-the-infinite-pivot-series-29-every-no-is-a-vote-for-a-future-yes/",,2026-05-06 09:39:20+00:00,Yes,Social Status,Medium
116495160831796809,"Speedrunning towards Artist Burnout Hello everyone! It has been a while since my last update, but I’m glad to be back and sharing some thoughts with you. Over the past few months, I went through a long stretch of burnout. For a while, the only thing I had the energy to do was sketch, and even that sometimes felt heavy. At first, I fought against it, but eventually I realized that stepping back was the best way forward. Burnout is a common part of creative work, especially when art is tied to a career. There are so many […] https:// veilofentheos.com/2025/02/04/s peedrunning-towards-artist-burnout/",,2025-02-04 06:50:59+00:00,Yes,Social Status,Medium
116477159634242400,"There’s a reason we joke about a stressful # job “giving us gray hairs.” It turns out, the folklore is backed by a growing body of scientific research. From sympathetic nervous system misfires to stem cells that literally get stuck, here’s what scientists have discovered about how psychological # stress , # burnout , and # depression contribute to hair graying. https:// elated.dev/d/8-what-research-t ells-us-about-burnout-and-going-gray",,2026-04-27 14:33:28+00:00,Yes,Appearance,Medium
116447998876130329,"# OpenSource : Free for You, Profitable for Them. OpenSource means: # software where the # sourcecode is freely available and often costs nothing. Sounds great, but there is a catch. # Companies like # Microsoft , # Google and # Amazon fund large # OpenSource # projects not out of # idealism , but because they build profitable # cloudservices on top of them and pocket the money. Small # developers who charge for their work barely stand a chance against ""free"". Yet thousands of hours go into these projects. The # maintainers , the people who keep these projects alive, often work unpaid until they hit # burnout . # Free does not automatically mean ethical. It is often just convenient. # FOSS # FreeSoftware # BigTech # Digitalization # Privacy # Linux # Community # Tech # OpenSourceSoftware",@ 73CC FOSS devs should have a Patreon or something.,2026-04-22 10:57:30+00:00,Yes,Social Status,Medium
116447998876130329,"# OpenSource : Free for You, Profitable for Them. OpenSource means: # software where the # sourcecode is freely available and often costs nothing. Sounds great, but there is a catch. # Companies like # Microsoft , # Google and # Amazon fund large # OpenSource # projects not out of # idealism , but because they build profitable # cloudservices on top of them and pocket the money. Small # developers who charge for their work barely stand a chance against ""free"". Yet thousands of hours go into these projects. The # maintainers , the people who keep these projects alive, often work unpaid until they hit # burnout . # Free does not automatically mean ethical. It is often just convenient. # FOSS # FreeSoftware # BigTech # Digitalization # Privacy # Linux # Community # Tech # OpenSourceSoftware","@ 73CC It is exciting to consider open source a zero-sum game with a handful of “big players” but that is disingenuous to the countless efforts that do not fit into this simplistic view. Open source is paradoxical is many ways but that is its greatest strength, not weakness.",2026-04-22 10:57:30+00:00,Yes,Social Status,Medium
116429823286843466,"A big thing I realized during this period is that it started out as a hobby and morphed into a job, but I never started treating it like a job. It got all intermixed in my private life. I didn't count how many hours I worked on it and things I did on the side were sorta intermingled with maintenance of this open source project. So I decided I'm going to treat it as a job now: I get paid now (nice!) but also I count hours and make sure I limit them. # burnout",,2026-04-19 05:55:13+00:00,Yes,Social Status,Medium
116426797966542982,"Recovering from maintainer burnout. I've stopped working on a project for almost half a year because I really really needed a pause. I restarted work this week, and oof a lot of old habits are still there. I get paid to work on it (nice!) but I really need to make sure I only keep it within those hours, it's very tempting to check for new notifications and such each time I have nothing to do. (Tips for recovery / avoiding relapses are welcome!) # BurnoutRecovery # burnout","A big thing I realized during this period is that it started out as a hobby and morphed into a job, but I never started treating it like a job. It got all intermixed in my private life. I didn't count how many hours I worked on it and things I did on the side were sorta intermingled with maintenance of this open source project. So I decided I'm going to treat it as a job now: I get paid now (nice!) but also I count hours and make sure I limit them. # burnout",2026-04-18 17:05:50+00:00,Yes,Social Status,Medium
116426797966542982,"Recovering from maintainer burnout. I've stopped working on a project for almost half a year because I really really needed a pause. I restarted work this week, and oof a lot of old habits are still there. I get paid to work on it (nice!) but I really need to make sure I only keep it within those hours, it's very tempting to check for new notifications and such each time I have nothing to do. (Tips for recovery / avoiding relapses are welcome!) # BurnoutRecovery # burnout",@ ayke i have split devices /accounts. So I can’t work on it when I don’t have the device around. So for breaks etc I just only take my personal device/ leave the access token home etc,2026-04-18 17:05:50+00:00,Yes,Social Status,Medium
116426797966542982,"Recovering from maintainer burnout. I've stopped working on a project for almost half a year because I really really needed a pause. I restarted work this week, and oof a lot of old habits are still there. I get paid to work on it (nice!) but I really need to make sure I only keep it within those hours, it's very tempting to check for new notifications and such each time I have nothing to do. (Tips for recovery / avoiding relapses are welcome!) # BurnoutRecovery # burnout","@ evey thank you! Yeah I'll think about it, stuff has been rather intermixed so far (see the other post) so I need to figure out a good way of separating things that work for me. Maybe different devices or different accounts.",2026-04-18 17:05:50+00:00,Yes,Social Status,Medium
116425640194586358,"🧭 Section 3 — Stabilization Protocol (Ideal-in-Real Conditions) 🎯 Goal eliminate loss-of-consciousness episodes stabilize the autonomic nervous system reduce panic spikes restore baseline cognitive function maintain work functionality in real conditions # stabilization # healthRecovery # burnoutRecovery # neurostability --- 1. 🧱 Core layer (mandatory — nothing works without this) 💤 Sleep (foundation of recovery) Goal is not “ideal”, but exiting collapse mode 2–3h → 4–5h (first 3–5 days) then → 6h stabilization then → 7h target baseline ⚠️ Without this, any medication layer only masks symptoms temporarily # sleepRecovery # sleepDebt # recoveryCycle --- ⚡ Nervous system load control caffeine: drastically reduce (or temporarily remove if tachycardia present) screen load: breaks every 45–60 min (5–10 min reset) avoid sudden standing (orthostatic collapse risk) # nervousSystem # autonomicBalance # loadManagement --- 2. 🧠 Neuro layer (panic / overload) Symptoms: → panic disorder Clinical approach (real medicine): short-term anxiolytics / SSRIs / beta-blockers — ONLY under physician supervision goal: suppress spikes, not “mute emotions” ⚠️ Self-medication here can worsen blood pressure, heart rate, and cognition # panicDisorder # anxiety # mentalHealth # clinicalApproach --- 3. ❤️ Cardiovascular risk layer (syncope) Symptom: → syncope Critical exclusion: → cardiac arrhythmia Required diagnostics: ECG / Holter monitoring orthostatic blood pressure checks electrolytes + glucose tests 💊 Any “energy/stimulant correction” without this is unsafe # syncope # cardiology # riskControl # diagnostics --- 4. 🔋 Metabolic layer regular meals (prevents “wobbly legs”) hydration + electrolytes stable glucose levels # metabolism # energyBalance # fatigueControl --- 5. 👁️ Vision (not root cause, but amplifier) → Computer Vision Syndrome reduce continuous visual focus apply 20–20–20 rule control lighting and contrast # digitalEyeStrain # screenFatigue # visionStress --- 6. 💊 Pharmacological layer (strict separation) ❌ NOT allowed: stimulants “to push through” sleeping pills without diagnosis mixing sedatives intuitively self-prescribed beta-blockers / SSRIs # noSelfMedication # pharmaSafety # riskControl --- ⚠️ ONLY under medical supervision: short-term anti-anxiety treatment long-term anxiety disorder management cardiovascular regulation if diagnosed # medicalSupervision # psychiatry # evidenceBased --- 7. 🧩 Realistic operational mode Day (working cycle) 45–60 min work blocks 5–10 min recovery breaks no skipped meals controlled standing/movement Evening aggressive reduction of stimulation screen off 60–90 min before sleep Night fixed sleep window (not “when possible”) # workRhythm # deepWork # recoveryBreaks --- 🚨 RED LINE If: repeated loss of consciousness chest pain / severe palpitations confusion episodes → this is no longer stabilization mode, but urgent medical evaluation # emergency # redFlag # medicalUrgency --- 🧠 Conclusion This is not simple fatigue. It is systemic autonomic decompensation driven by severe sleep deprivation. Pharmacology here: not the base not a workaround but a secondary layer after proper diagnosis # burnout # systemFailure # sleepCollapse # healthSystem --- If you want the next section: “Work Survival Architecture (how to function without relapsing into collapse)”",# stabilization # sleepRecovery # sleepDebt # burnoutRecovery # burnout # healthRecovery # autonomicNervousSystem # stressManagement # panicDisorder # anxiety # syncope # cardiology # arrhythmiaRisk # medicalSafety # noSelfMedication # riskControl # cognitiveLoad # deepWork # workRhythm # digitalEyeStrain # screenFatigue # metabolicHealth # fatigueManagement # recoveryProtocol # systemFailure # healthArchitecture,2026-04-18 12:11:23+00:00,Yes,Social Status,Medium
117095711067871997,These ‘Masturbation Consultants’ Were Hired to Pleasure Themselves With AI Joi AI hired 10 people to masturbate using AI companions as part of a monthlong “wellness” study. The company claims the practice could help “solve male loneliness.” wired.com/story/these-masturba tion-consultants-were-hired-to-pleasure-themselves-using-ai/ # Tech # AI # Startup # Gadgets # Software # AI ethics # Masturbation Consultants # Joi # Wellness Study # Loneliness [Wired],,2026-08-14 20:19:14+00:00,Yes,Education,Medium
117094003670499724,"This is a good read! Is there a loneliness epidemic? Yes. Is it men? Not really. Men are no more likely to be lonely than women. But you know who really are more lonely? The poor. Because so much of what we think of as normal social behavior requires money. Things like seeing movies, eating in restaurants, etc. https:// slate.com/life/2026/08/men-lon ely-social-skills-therapy-economy-crisis.html # poverty # loneliness",,2026-08-14 13:05:00+00:00,Yes,Social Status,Medium
117070139266060221,"The Accidental Phone Call LovePhone by kmls She misdialed a number, she said, but not really. So we reminisced about old times, the good work we did together, where our coworkers are, what our children are doing. Organizations end, but relationships don’t have to. I can do better at staying connected. I can be more intentional, while at the same time knowing that on this journey there are no accidental phone calls. August 10, 2015 AccidentalPhoneCall accidentalIntimacy briefEncounter chanceEncounter coincidence Communication ContemporaryPoetry humanConnection Loneliness loveAndLonging missedConnection momentsOfGrace narrativePoem poeticReflection Relationships serendipity telephone unansweredCall unexpectedConnection voiceOnTheLine Work Writing wrongNumber",,2026-08-10 07:56:00+00:00,Yes,Social Status,Medium
116914699304227125,"The Closed Door Trilogy: Part Two: The Bottom You Know When You Are There There is no dramatic announcement. No moment where the floor gives way and you fall through into something recognizably worse. The bottom just arrives. You realize you have been there for a few days already and did not mark the entry point. You look around at the interior of whatever this place is and understand, with a clarity that is almost clinical, that this is as far down as it goes. For him it looked like three days without leaving the apartment. It looked like food ordered because eating felt necessary and not because hunger had made itself known. It looked like the phone face-down on the table and the table existing at the far end of a room that felt very large. The Silence Gets Loud At the bottom, the silence stops being neutral. It accumulates. He could hear it in the way you hear a frequency that was always there but only becomes audible when everything else is gone. The absence of other people, of obligation, of performance, left him alone with a version of himself he did not particularly want to spend extended time with. He tried music once. Turned it off after four minutes. The gap between how it sounded and how he felt was too wide and the contrast made things worse. He tried television. Watched forty minutes of something he cannot now remember and turned it off because the people on screen seemed to be operating in a different physical reality, one where faces moved and mouths made sounds for reasons that felt alien and exhausting to track. What Nobody Sees Outside the door, life continued at its regular pace. He knew this in the abstract. People were having lunch and making plans and sending messages he was not answering and probably, some of them, wondering if they had done something wrong. He felt bad about that in the part of himself that was still capable of feeling bad about things. The part had gotten smaller. He cried once, on the second day. Not with any particular trigger. Just the accumulated pressure of everything finding its only available exit. He sat on the bathroom floor because that is where it happened, and he let it run its course, and then he washed his face with cold water and looked at himself in the mirror for a long time without thinking anything in particular, and then he went back to the room and the silence and the phone face-down on the table. The Knock on the Third Day He did not answer it. But he heard it. And then he heard a voice through the door, not asking to be let in, not demanding an explanation, just saying his name and then saying: I am going to leave something here. You do not have to open the door. I just wanted you to know I came. He sat very still on the other side of the door and listened to the footsteps move away down the hall. He did not open the door for another hour. When he did, there was food and a note that said nothing except: still here when you are ready. He stood in the doorway and looked at the empty hallway for a long time. He did not feel better. But he felt something shift, some small tectonic thing deep underneath the weight, that was not better exactly but was different from what it had been five minutes before. The Bottom Is Not the End That is what he learned on the third day, not as an insight or a revelation, just as a fact he had gathered enough evidence to provisionally accept. The bottom has a floor. It is not bottomless. You hit it and it holds you, not comfortably, not warmly, but structurally. It does not let you through. He ate the food. He read the note twice. He did not text back that night. But he kept the note. fictionSeries healingAlone Loneliness mentalHealth shortStorySeries silentSuffering socialMedia theClosedDoorTrilogy ZsoltZsemba",,2026-07-13 21:05:00+00:00,Yes,Appearance,Medium
116909035871394037,"The Closed Door Trilogy: Part One: The Descent It Starts Before You Notice It Starting It never arrives all at once. That is the thing nobody tells you. It does not show up at the door with its name on a sign. It seeps in. A Tuesday that feels heavier than it should. A conversation that leaves you emptier than before it happened. A moment where you look at the life around you and feel nothing that resembles ownership of it. You notice you have stopped laughing at things that used to be funny. You notice the bed feels like the only honest place in the room. By the time you realize what is happening, it has already been happening for a while. The Door Closes Quietly He did not make a decision to pull back. It just happened the way erosion happens. Gradually, then completely. First, he stopped returning calls he would have returned before. Then he started leaving messages on read without the guilt that used to follow. Then the invitations stopped feeling like opportunities and started feeling like obligations he did not have the resources to meet. He told himself it was temporary. He told himself he just needed a few days to reset, to find his footing, to get back to some version of himself that felt inhabitable. He believed it the first few times he said it. By the third week, he had stopped keeping count. What the Darkness Actually Feels Like People use darkness as a metaphor, and it is not wrong, but it is incomplete. It is not just the absence of light. It is the presence of weight. Everything costs more than it should. Getting up costs something. Eating costs something. Responding to a simple question from someone who genuinely cares costs something he does not always have on hand. He moves through the hours like a man walking against a current that nobody else in the room can feel. He does not talk about it. Not because there are no words. There are too many words, and none of them land anywhere useful. He has tried before. He has watched the face of someone listening arrange itself into concern and felt the distance between what he was trying to say and what they were able to receive, and decided the gap was not worth crossing. The Worst Nights Have a Particular Quality They are quieter than the others. Not peaceful and quiet. The kind of quiet that has texture. He lies in the dark, and the thoughts are not dramatic, which somehow makes them worse. They are just steady and low and certain in the way that exhausted things are certain. He does not spiral. He just sinks. Slowly, without theatrics, into something he cannot quite name but recognizes by now. He knows people are out there. He can picture them, specific faces, people who would pick up on the first ring. He does not reach for the phone. Not because he does not want a connection. Because want requires energy, he is running too low to access. He Will Not Tell You How Close It Gets Not tonight. Maybe not ever. There are edges in those nights that he does not revisit in daylight, not because they were not real, but because bringing them back into the light feels like giving them more oxygen than they deserve. What he will tell you is that the night always ends. Not cleanly. Not with resolution. Just with the particular gray that comes before morning, the colour of something that has not decided yet what it is going to be. He makes it to the gray every time. He has not yet decided if that is a strength or just the stubbornness of a body that keeps going before the mind has agreed to. Either way, he is still here at the start of the next day. Still behind the door. Still in the dark. fictionSeries healingAlone Loneliness shortStorySeries silentSuffering theClosedDoorTrilogy ZsoltZsemba",,2026-07-12 21:05:00+00:00,Yes,Appearance,Medium
116903375072488396,"Thousands of Followers and Nearly Completely Alone? We Built the Most Connected World in History and Somehow Got Lonelier Somewhere between the first social media account and the ten thousandth follower, something shifted. Not dramatically. Not all at once. Just quietly, the way the most important changes tend to happen. We started measuring our social lives in metrics. Reach. Engagement. Impressions. We started performing connections instead of having it. And we got so good at the performance that most of us stopped noticing the difference. The numbers went up. The loneliness went up with them. That is not a coincidence. What the Research Actually Says The evidence on social media and mental health has been building for years, and it is not ambiguous. Studies consistently show that heavy social media use is associated with higher rates of anxiety, depression, and loneliness across all age groups, with the sharpest effects in adolescents and young adults. A 2023 report from the US Surgeon General identified social media as a significant contributing factor to the youth mental health crisis, noting that adolescents who spend more than three hours a day on social platforms face double the risk of depression and anxiety symptoms. The comparison effect is relentless. Every scroll is a highlight reel from someone else’s life positioned against the unedited reality of your own. The brain was not built to process that volume of social comparison. For most of human history, you compared yourself to maybe a few dozen people you actually knew. Now you compare yourself to thousands of curated strangers before breakfast. The AI Problem Nobody Is Talking About Loudly Enough And then there is AI. Tools like the one generating this post. Conversational, available around the clock, endlessly patient, never tired, never distracted, never having a bad day that bleeds into how it treats you. It is easy to see why people find that appealing. It is also worth being honest about what it costs. When you can have a conversation with an AI instead of texting a friend, you remove the friction of a human relationship. The vulnerability. The reciprocity. The fact that the other person has their own needs, bad days and limits. That friction is not a flaw in human connection. It is the mechanism by which genuine intimacy is built. Remove it, and you get something that feels like connection but does not do what connection actually does for a human nervous system. AI does not replace human connection. It displaces the impulse to seek it. And that is a different and more subtle kind of damage. Thousands of Followers and a Silent Phone There is a specific kind of loneliness that belongs to the social media age, and it does not have a clean name yet. It is the loneliness of someone whose content reaches ten thousand people and who has nobody to call when something goes wrong. The loneliness of being publicly visible and privately invisible. The loneliness of a comment section full of strangers and a contact list full of people you have not spoken to in months because the algorithm convinced you that posting was the same as connecting. It is not. Posting is broadcasting. Connection requires two people actually showing up for each other, imperfectly, in real time, with something genuinely at stake. The Mental Health Crisis Nobody Wants to Fully Acknowledge Rates of depression, anxiety, and suicide have climbed steadily in the years since smartphones became ubiquitous. The World Health Organization estimates that more than 700,000 people die by suicide each year globally, making it one of the leading causes of death among people aged 15 to 29. That number existed before social media. But the platforms have added new dimensions to the problem: cyberbullying, social exclusion that happens publicly and permanently, the pressure to perform wellness while privately deteriorating, and the algorithmic amplification of content that keeps distressed people in loops of distressing material. The person posting daily about their perfect life may be falling apart privately. The person who has gone quiet on their feed may be going dark in the way that actually matters. The metrics tell you nothing about what is actually happening inside the person generating them. What to Do If You Are the Person Behind the Closed Door If any of this is landing somewhere personal, that matters more than anything else in this post. The research on social isolation and mental health is clear: connection with other humans, a real connection, is one of the most protective factors against depression and suicidal thinking. Not followers. Not likes. Not an AI that is available at 3 am. Actual people who know you and show up. If you are struggling and not reaching out because you do not want to be a burden, consider this: the people who care about you would rather be burdened than uninformed. And if there is nobody in your immediate life you feel you can reach, there are people whose entire purpose is to be there for exactly that moment. Indonesia: Into The Light at 119 International: The International Association for Suicide Prevention maintains a directory of crisis centers at Global: The WHO mental health resources are available at The Algorithm Is Not Your Friend. But You Probably Have Some. Log off for an hour. Text someone you have not spoken to in a while. Have a conversation that cannot be liked, shared or measured in any way. Let it be awkward, imperfect, and human. That is not a step backward from modern life. It is the thing modern life keeps trying to replace with something that looks similar but does not actually work. You have followers. Go find your people. AIAndHumanConnection alone digitalLoneliness followersAndIsolation Loneliness mentalHealth socialMediaLoneliness ZsoltZsemba",,2026-07-11 21:05:00+00:00,Yes,Appearance,High
116897936742632693,"[vent] why do I crave a sense of purpose and meaning? Looking at you, agent Smith... Edit: thank you all for your wonderful, heartwarming support! 🩷 I must’ve had a particularly bad episode (?) last night and I needed to vent. Wish you all a pleasant day! 🩵 cw: passive suicidal thoughts I wish that I didn’t feel the need to feel any purpose with my existence or meaning in life, but I do and it hurts so badly. I was so close to going to the psychiatric ER today because I didn’t know what to do with the immense, overwhelming chest pain. I “play” with the thought of ceasing to exist because I hate that I’m just a piece of meat. All I do is survive each day. Alone and ugly. I wish I was a simpleton. I wish I didn’t feel every goddamn moment. I got some morphine pills the other day, a fairly minor dosage, to help me endure IPL hair removal. I have a few pills left that could make me numb and dumb for a few hours. Not that it’s a viable solution. Next year, when I have saved up some money, I’m thinking about traveling abroad again in order to rediscover myself. I feel so silly. Sorry. Aight. Night. 🌃","Thank you all for your wonderful, heartwarming support! 🩷 I must’ve had a particularly bad episode (?) last night and I needed to vent. Wish you all a pleasant day! 🩵",2026-07-10 22:02:37.521000+00:00,Yes,Appearance,High
116897936742632693,"[vent] why do I crave a sense of purpose and meaning? Looking at you, agent Smith... Edit: thank you all for your wonderful, heartwarming support! 🩷 I must’ve had a particularly bad episode (?) last night and I needed to vent. Wish you all a pleasant day! 🩵 cw: passive suicidal thoughts I wish that I didn’t feel the need to feel any purpose with my existence or meaning in life, but I do and it hurts so badly. I was so close to going to the psychiatric ER today because I didn’t know what to do with the immense, overwhelming chest pain. I “play” with the thought of ceasing to exist because I hate that I’m just a piece of meat. All I do is survive each day. Alone and ugly. I wish I was a simpleton. I wish I didn’t feel every goddamn moment. I got some morphine pills the other day, a fairly minor dosage, to help me endure IPL hair removal. I have a few pills left that could make me numb and dumb for a few hours. Not that it’s a viable solution. Next year, when I have saved up some money, I’m thinking about traveling abroad again in order to rediscover myself. I feel so silly. Sorry. Aight. Night. 🌃","I think everyone does :/ The real pickle is finding it. I feel like a lot of the pain in the world today is from people being forced into an existence they had no say in, we have very little agency in what type of life we can live, it has mostly all been decided by people who lived long before we were even born. What’s more, the way society has been set up, we all have to agree to play by the rules and look out for one another, but more and more people seem to keep eschewing the rules for their own personal enrichment and it’s extremely frustrating to say the least. I’m sure this has been a complaint throughout the ages as well. I’m sure none of that makes you feel better, but you certainly are not alone in that matter at all, I guess I was lucky enough early on to find a love of sound and music and that has been my kind of guiding hand through life, as it were lol, it’s kept me alive at the least. Anyways, I hope you can find some purpose, though just being is enough. You seem to have a kind heart from your posts, please don’t do anything too silly. Travel sounds like a lovely idea :)",2026-07-10 22:02:37.521000+00:00,Yes,Appearance,High
116897936742632693,"[vent] why do I crave a sense of purpose and meaning? Looking at you, agent Smith... Edit: thank you all for your wonderful, heartwarming support! 🩷 I must’ve had a particularly bad episode (?) last night and I needed to vent. Wish you all a pleasant day! 🩵 cw: passive suicidal thoughts I wish that I didn’t feel the need to feel any purpose with my existence or meaning in life, but I do and it hurts so badly. I was so close to going to the psychiatric ER today because I didn’t know what to do with the immense, overwhelming chest pain. I “play” with the thought of ceasing to exist because I hate that I’m just a piece of meat. All I do is survive each day. Alone and ugly. I wish I was a simpleton. I wish I didn’t feel every goddamn moment. I got some morphine pills the other day, a fairly minor dosage, to help me endure IPL hair removal. I have a few pills left that could make me numb and dumb for a few hours. Not that it’s a viable solution. Next year, when I have saved up some money, I’m thinking about traveling abroad again in order to rediscover myself. I feel so silly. Sorry. Aight. Night. 🌃","Thanks! I feel like a lot of the pain in the world today is from people being forced into an existence they had no say in, we have very little agency in what type of life we can live, it has mostly all been decided by people who lived long before we were even born. This is one of the concrete thoughts I struggle with when I play with the thought of ceasing to exist. I wish I had the motivation to instead think: “in that case, I’m going to be the one to change this rotten existence!!!” Etc. 🤣 Aww cool! I actually studied at a music programme in highschool! I had been playing classical piano for eight years at the time, and my parents thought it would be a waste to… waste all that effort. I changed major to song and electric guitar during my second year, only to end up quitting focusing on performance all together and instead learn compositiong and arrangement. I am currently looking for a vocal trainer who also sings jazz, because it would be so cool to be able to sing like Frank or - depending on how my gender affirming journey unfolds in the comming years - Diana Panton. And if the singing doesn’t work out, I’d like to learn how to play like Joe Pass or like the guitar player in Diana Panton’s first album If the Moon Turned Green . In what capacity do you do music? 😊",2026-07-10 22:02:37.521000+00:00,Yes,Appearance,High
116897936742632693,"[vent] why do I crave a sense of purpose and meaning? Looking at you, agent Smith... Edit: thank you all for your wonderful, heartwarming support! 🩷 I must’ve had a particularly bad episode (?) last night and I needed to vent. Wish you all a pleasant day! 🩵 cw: passive suicidal thoughts I wish that I didn’t feel the need to feel any purpose with my existence or meaning in life, but I do and it hurts so badly. I was so close to going to the psychiatric ER today because I didn’t know what to do with the immense, overwhelming chest pain. I “play” with the thought of ceasing to exist because I hate that I’m just a piece of meat. All I do is survive each day. Alone and ugly. I wish I was a simpleton. I wish I didn’t feel every goddamn moment. I got some morphine pills the other day, a fairly minor dosage, to help me endure IPL hair removal. I have a few pills left that could make me numb and dumb for a few hours. Not that it’s a viable solution. Next year, when I have saved up some money, I’m thinking about traveling abroad again in order to rediscover myself. I feel so silly. Sorry. Aight. Night. 🌃","Yes me as well, but we can’t really let ourselves be bogged down by things we can’t control. I have spent a lot of years internally raging against this life and all I have to show for it is a bunch of wasted time and a shot liver so it doesn’t do much good to stew in it too much. I find myself rather attracted to those thoughts sometimes though, I have to actively push them away or find some other things to replace them because if I let them run free reign it’s over for the day. I don’t know if it’s the same for you as well. Some people are just attracted to the dark, but otherwise consider themselves a very thoughtful and positive person, so it’s a bit of a burden to carry sometimes, but I feel lucky that I am privy to such a spectrum of emotion and feelings, it seems like some people are just zombie walking through life, I need to remind myself sometimes that feeling is good, the low lows might the highs extra sweet I suppose. It takes a ton of energy to do that every day though and few have that kind of energy without something to draw from, whether that be a pet or partner or hobby or spirituality or whatever. So whenever it seems like everyone is having an easier time than you, realize that they are probably leaning on someone or something else as well. Wow, you have studied a lot that’s impressive, do you still play? :) I’m not quite so learned, more of an experimenter I guess. I didn’t really study music at all and I’m sure that’s pretty evident, I did bass guitar lessons some as a teen until my guitar got stolen, then the same thing happened with drums. I got into electronic music early in the 90s so I was into tracker music (early 4-8 channel computer music files made with programs like ProTracker, OctaMed, Fast Tracker, Scream Tracker, etc.) so I was making stuff on the computer. I finally had a decent job a few years ago so I was able to save some and buy some equipment now I’m doing computer-less (DAWless) electronic music, to some degree of success lol. I suppose I mainly like sound design and composition. I’m on bandcamp or soundcloud as etherphon if you’re curious I don’t really wanna link in your thread here. I’m not so familiar with jazz so I had to look those up, Diana Panton has a lovely voice :) It takes a lot of emotion to sing like that, it’s harder than one thinks to really belt it out so I admire anyone who’s singing with such passion like that. Good luck with your voice training :) Ah, I think it would be so fun to get up on stage in a beautiful dress and sing my heart out too :) That’s a beautiful aspiration to have, to want to move people so, and that alone is proof you need to stick around because we need all the good people we can here :)",2026-07-10 22:02:37.521000+00:00,Yes,Appearance,High
116897936742632693,"[vent] why do I crave a sense of purpose and meaning? Looking at you, agent Smith... Edit: thank you all for your wonderful, heartwarming support! 🩷 I must’ve had a particularly bad episode (?) last night and I needed to vent. Wish you all a pleasant day! 🩵 cw: passive suicidal thoughts I wish that I didn’t feel the need to feel any purpose with my existence or meaning in life, but I do and it hurts so badly. I was so close to going to the psychiatric ER today because I didn’t know what to do with the immense, overwhelming chest pain. I “play” with the thought of ceasing to exist because I hate that I’m just a piece of meat. All I do is survive each day. Alone and ugly. I wish I was a simpleton. I wish I didn’t feel every goddamn moment. I got some morphine pills the other day, a fairly minor dosage, to help me endure IPL hair removal. I have a few pills left that could make me numb and dumb for a few hours. Not that it’s a viable solution. Next year, when I have saved up some money, I’m thinking about traveling abroad again in order to rediscover myself. I feel so silly. Sorry. Aight. Night. 🌃",It’s an evolutionary advantage to be motivated to do things. That’s kind of all there is to it.,2026-07-10 22:02:37.521000+00:00,Yes,Appearance,High
116897936742632693,"[vent] why do I crave a sense of purpose and meaning? Looking at you, agent Smith... Edit: thank you all for your wonderful, heartwarming support! 🩷 I must’ve had a particularly bad episode (?) last night and I needed to vent. Wish you all a pleasant day! 🩵 cw: passive suicidal thoughts I wish that I didn’t feel the need to feel any purpose with my existence or meaning in life, but I do and it hurts so badly. I was so close to going to the psychiatric ER today because I didn’t know what to do with the immense, overwhelming chest pain. I “play” with the thought of ceasing to exist because I hate that I’m just a piece of meat. All I do is survive each day. Alone and ugly. I wish I was a simpleton. I wish I didn’t feel every goddamn moment. I got some morphine pills the other day, a fairly minor dosage, to help me endure IPL hair removal. I have a few pills left that could make me numb and dumb for a few hours. Not that it’s a viable solution. Next year, when I have saved up some money, I’m thinking about traveling abroad again in order to rediscover myself. I feel so silly. Sorry. Aight. Night. 🌃","Thank. I believe that’s part of why I feel so horrible: I lack purpose, meaning and motivation to exist. But I’m working on it.",2026-07-10 22:02:37.521000+00:00,Yes,Appearance,High
116897936742632693,"[vent] why do I crave a sense of purpose and meaning? Looking at you, agent Smith... Edit: thank you all for your wonderful, heartwarming support! 🩷 I must’ve had a particularly bad episode (?) last night and I needed to vent. Wish you all a pleasant day! 🩵 cw: passive suicidal thoughts I wish that I didn’t feel the need to feel any purpose with my existence or meaning in life, but I do and it hurts so badly. I was so close to going to the psychiatric ER today because I didn’t know what to do with the immense, overwhelming chest pain. I “play” with the thought of ceasing to exist because I hate that I’m just a piece of meat. All I do is survive each day. Alone and ugly. I wish I was a simpleton. I wish I didn’t feel every goddamn moment. I got some morphine pills the other day, a fairly minor dosage, to help me endure IPL hair removal. I have a few pills left that could make me numb and dumb for a few hours. Not that it’s a viable solution. Next year, when I have saved up some money, I’m thinking about traveling abroad again in order to rediscover myself. I feel so silly. Sorry. Aight. Night. 🌃","You can have a purpose that is kinda dumb if you want. My purpose is watching women’s sports, and it’s mostly working out okay. You don’t owe anyone anything, so there’s no-one to tell you yours isn’t good enough.",2026-07-10 22:02:37.521000+00:00,Yes,Appearance,High
116897936742632693,"[vent] why do I crave a sense of purpose and meaning? Looking at you, agent Smith... Edit: thank you all for your wonderful, heartwarming support! 🩷 I must’ve had a particularly bad episode (?) last night and I needed to vent. Wish you all a pleasant day! 🩵 cw: passive suicidal thoughts I wish that I didn’t feel the need to feel any purpose with my existence or meaning in life, but I do and it hurts so badly. I was so close to going to the psychiatric ER today because I didn’t know what to do with the immense, overwhelming chest pain. I “play” with the thought of ceasing to exist because I hate that I’m just a piece of meat. All I do is survive each day. Alone and ugly. I wish I was a simpleton. I wish I didn’t feel every goddamn moment. I got some morphine pills the other day, a fairly minor dosage, to help me endure IPL hair removal. I have a few pills left that could make me numb and dumb for a few hours. Not that it’s a viable solution. Next year, when I have saved up some money, I’m thinking about traveling abroad again in order to rediscover myself. I feel so silly. Sorry. Aight. Night. 🌃","Thanks! You make a great point which I think I need to remind myself off more often! I shouldn’t try to outshine or even to compare myself to my surroundings. I should just do what I want to do, especially if it gives me a sense of purpose.",2026-07-10 22:02:37.521000+00:00,Yes,Appearance,High
116897936742632693,"[vent] why do I crave a sense of purpose and meaning? Looking at you, agent Smith... Edit: thank you all for your wonderful, heartwarming support! 🩷 I must’ve had a particularly bad episode (?) last night and I needed to vent. Wish you all a pleasant day! 🩵 cw: passive suicidal thoughts I wish that I didn’t feel the need to feel any purpose with my existence or meaning in life, but I do and it hurts so badly. I was so close to going to the psychiatric ER today because I didn’t know what to do with the immense, overwhelming chest pain. I “play” with the thought of ceasing to exist because I hate that I’m just a piece of meat. All I do is survive each day. Alone and ugly. I wish I was a simpleton. I wish I didn’t feel every goddamn moment. I got some morphine pills the other day, a fairly minor dosage, to help me endure IPL hair removal. I have a few pills left that could make me numb and dumb for a few hours. Not that it’s a viable solution. Next year, when I have saved up some money, I’m thinking about traveling abroad again in order to rediscover myself. I feel so silly. Sorry. Aight. Night. 🌃","Two suggestions. First, go out and volunteer to help someone else. Buy groceries for the shut in next door or foster a dog. Helping other people always takes my mind off my own situation. Second. “Discover What You Are Best At.” Linda Gail. They probably have it at your local library. A series of self tests you can finish in half a day and a list of jobs that use those skills. For example, a product demonstrator, a nurse, and a hair stylish all need good dexterity and good people skills. Three totally different jobs with similar requirements. I found having a job where I was valued, and where I was interested in the work, made a huge difference in my life.",2026-07-10 22:02:37.521000+00:00,Yes,Appearance,High
116897936742632693,"[vent] why do I crave a sense of purpose and meaning? Looking at you, agent Smith... Edit: thank you all for your wonderful, heartwarming support! 🩷 I must’ve had a particularly bad episode (?) last night and I needed to vent. Wish you all a pleasant day! 🩵 cw: passive suicidal thoughts I wish that I didn’t feel the need to feel any purpose with my existence or meaning in life, but I do and it hurts so badly. I was so close to going to the psychiatric ER today because I didn’t know what to do with the immense, overwhelming chest pain. I “play” with the thought of ceasing to exist because I hate that I’m just a piece of meat. All I do is survive each day. Alone and ugly. I wish I was a simpleton. I wish I didn’t feel every goddamn moment. I got some morphine pills the other day, a fairly minor dosage, to help me endure IPL hair removal. I have a few pills left that could make me numb and dumb for a few hours. Not that it’s a viable solution. Next year, when I have saved up some money, I’m thinking about traveling abroad again in order to rediscover myself. I feel so silly. Sorry. Aight. Night. 🌃","Thanks! I have played with the thought of getting some pet in order to have something to care for so that I spend less time with my own mind. I shall look into this further. Meanwhile, and this is only indirectly related to your reply, l while I love both cats and dogs, it feels like such a cheap trick with which to console myself, because - especially dogs - are so expressive and communicative. I’d rather get fish or even reptiles, because all they need from me is to help them maintain a perfect environment for them to live in, a task that in itself could take my mind off of things. Oh, and I do enjoy my job to a certain extent. Both my boss and colleagues are GREAT and the job itself is rewarding (parole officer, for lack of a better word).",2026-07-10 22:02:37.521000+00:00,Yes,Appearance,High
116897936742632693,"[vent] why do I crave a sense of purpose and meaning? Looking at you, agent Smith... Edit: thank you all for your wonderful, heartwarming support! 🩷 I must’ve had a particularly bad episode (?) last night and I needed to vent. Wish you all a pleasant day! 🩵 cw: passive suicidal thoughts I wish that I didn’t feel the need to feel any purpose with my existence or meaning in life, but I do and it hurts so badly. I was so close to going to the psychiatric ER today because I didn’t know what to do with the immense, overwhelming chest pain. I “play” with the thought of ceasing to exist because I hate that I’m just a piece of meat. All I do is survive each day. Alone and ugly. I wish I was a simpleton. I wish I didn’t feel every goddamn moment. I got some morphine pills the other day, a fairly minor dosage, to help me endure IPL hair removal. I have a few pills left that could make me numb and dumb for a few hours. Not that it’s a viable solution. Next year, when I have saved up some money, I’m thinking about traveling abroad again in order to rediscover myself. I feel so silly. Sorry. Aight. Night. 🌃","My job was in public health, so I knew I was actually helping people. Yes, pets are great for your mental health. We had cats when I was a kid. After I moved out I didn’t have any, but after my mother died I decided to get one. Helped a lot. Good luck",2026-07-10 22:02:37.521000+00:00,Yes,Appearance,High
116897936742632693,"[vent] why do I crave a sense of purpose and meaning? Looking at you, agent Smith... Edit: thank you all for your wonderful, heartwarming support! 🩷 I must’ve had a particularly bad episode (?) last night and I needed to vent. Wish you all a pleasant day! 🩵 cw: passive suicidal thoughts I wish that I didn’t feel the need to feel any purpose with my existence or meaning in life, but I do and it hurts so badly. I was so close to going to the psychiatric ER today because I didn’t know what to do with the immense, overwhelming chest pain. I “play” with the thought of ceasing to exist because I hate that I’m just a piece of meat. All I do is survive each day. Alone and ugly. I wish I was a simpleton. I wish I didn’t feel every goddamn moment. I got some morphine pills the other day, a fairly minor dosage, to help me endure IPL hair removal. I have a few pills left that could make me numb and dumb for a few hours. Not that it’s a viable solution. Next year, when I have saved up some money, I’m thinking about traveling abroad again in order to rediscover myself. I feel so silly. Sorry. Aight. Night. 🌃",What agent Smith do to you? He thinks batteries should be less self aware,2026-07-10 22:02:37.521000+00:00,Yes,Appearance,High
116897936742632693,"[vent] why do I crave a sense of purpose and meaning? Looking at you, agent Smith... Edit: thank you all for your wonderful, heartwarming support! 🩷 I must’ve had a particularly bad episode (?) last night and I needed to vent. Wish you all a pleasant day! 🩵 cw: passive suicidal thoughts I wish that I didn’t feel the need to feel any purpose with my existence or meaning in life, but I do and it hurts so badly. I was so close to going to the psychiatric ER today because I didn’t know what to do with the immense, overwhelming chest pain. I “play” with the thought of ceasing to exist because I hate that I’m just a piece of meat. All I do is survive each day. Alone and ugly. I wish I was a simpleton. I wish I didn’t feel every goddamn moment. I got some morphine pills the other day, a fairly minor dosage, to help me endure IPL hair removal. I have a few pills left that could make me numb and dumb for a few hours. Not that it’s a viable solution. Next year, when I have saved up some money, I’m thinking about traveling abroad again in order to rediscover myself. I feel so silly. Sorry. Aight. Night. 🌃","Well, for starters, he insinuated that I tried to take away his purpose…",2026-07-10 22:02:37.521000+00:00,Yes,Appearance,High
116897936742632693,"[vent] why do I crave a sense of purpose and meaning? Looking at you, agent Smith... Edit: thank you all for your wonderful, heartwarming support! 🩷 I must’ve had a particularly bad episode (?) last night and I needed to vent. Wish you all a pleasant day! 🩵 cw: passive suicidal thoughts I wish that I didn’t feel the need to feel any purpose with my existence or meaning in life, but I do and it hurts so badly. I was so close to going to the psychiatric ER today because I didn’t know what to do with the immense, overwhelming chest pain. I “play” with the thought of ceasing to exist because I hate that I’m just a piece of meat. All I do is survive each day. Alone and ugly. I wish I was a simpleton. I wish I didn’t feel every goddamn moment. I got some morphine pills the other day, a fairly minor dosage, to help me endure IPL hair removal. I have a few pills left that could make me numb and dumb for a few hours. Not that it’s a viable solution. Next year, when I have saved up some money, I’m thinking about traveling abroad again in order to rediscover myself. I feel so silly. Sorry. Aight. Night. 🌃",Well? Did you take away his purpose akunohana 🤨,2026-07-10 22:02:37.521000+00:00,Yes,Appearance,High
116897936742632693,"[vent] why do I crave a sense of purpose and meaning? Looking at you, agent Smith... Edit: thank you all for your wonderful, heartwarming support! 🩷 I must’ve had a particularly bad episode (?) last night and I needed to vent. Wish you all a pleasant day! 🩵 cw: passive suicidal thoughts I wish that I didn’t feel the need to feel any purpose with my existence or meaning in life, but I do and it hurts so badly. I was so close to going to the psychiatric ER today because I didn’t know what to do with the immense, overwhelming chest pain. I “play” with the thought of ceasing to exist because I hate that I’m just a piece of meat. All I do is survive each day. Alone and ugly. I wish I was a simpleton. I wish I didn’t feel every goddamn moment. I got some morphine pills the other day, a fairly minor dosage, to help me endure IPL hair removal. I have a few pills left that could make me numb and dumb for a few hours. Not that it’s a viable solution. Next year, when I have saved up some money, I’m thinking about traveling abroad again in order to rediscover myself. I feel so silly. Sorry. Aight. Night. 🌃","You’re not silly — you’re totally, totally relatable! The thing I relate to least is the IPL hair removal (basically stopped shaving body hair when I was 23). But other than that. At some point every not-so-simpleton wishes for meaning in work/life/existence. Not everyone has these wishes at the same time, so it may feel like you’re alone, but I guarantee you’re not- it’s only natural. Plus our boring dystopia / capitalism keeps us overworked and extra unfulfilled. As I’ve gotten older my sense of ‘time’ has radically shifted. I know for sure I don’t have enough time to achieve all the great things I wish I could’ve strived for earlier. But I can keep busy with smaller goals, or unexpected moments, or meeting new people, or trying things out for a lark (rather than trying something Big and Meaningful right at the start and punishing myself for failing). Don’t underestimate depression, certainly seek treatment and relief for that, but know that this is a lull or a low and at some point you will find something fascinating again. 🫂 Emotional existential growing pains? You might need the morphine more later, might as well save it for Later-You. Travel would be great 🙂 Though I’m also reminded of the SNL parody commercial (TV comedy sketch) with Adam Sandler as a travel agent — “We can take you for a hike; we canNOT turn you into a person who likes hiking…”",2026-07-10 22:02:37.521000+00:00,Yes,Appearance,High
116897936742632693,"[vent] why do I crave a sense of purpose and meaning? Looking at you, agent Smith... Edit: thank you all for your wonderful, heartwarming support! 🩷 I must’ve had a particularly bad episode (?) last night and I needed to vent. Wish you all a pleasant day! 🩵 cw: passive suicidal thoughts I wish that I didn’t feel the need to feel any purpose with my existence or meaning in life, but I do and it hurts so badly. I was so close to going to the psychiatric ER today because I didn’t know what to do with the immense, overwhelming chest pain. I “play” with the thought of ceasing to exist because I hate that I’m just a piece of meat. All I do is survive each day. Alone and ugly. I wish I was a simpleton. I wish I didn’t feel every goddamn moment. I got some morphine pills the other day, a fairly minor dosage, to help me endure IPL hair removal. I have a few pills left that could make me numb and dumb for a few hours. Not that it’s a viable solution. Next year, when I have saved up some money, I’m thinking about traveling abroad again in order to rediscover myself. I feel so silly. Sorry. Aight. Night. 🌃",Sorry for YT link but it’s here youtu.be/TbwlC2B-BIg 😅,2026-07-10 22:02:37.521000+00:00,Yes,Appearance,High
116897936742632693,"[vent] why do I crave a sense of purpose and meaning? Looking at you, agent Smith... Edit: thank you all for your wonderful, heartwarming support! 🩷 I must’ve had a particularly bad episode (?) last night and I needed to vent. Wish you all a pleasant day! 🩵 cw: passive suicidal thoughts I wish that I didn’t feel the need to feel any purpose with my existence or meaning in life, but I do and it hurts so badly. I was so close to going to the psychiatric ER today because I didn’t know what to do with the immense, overwhelming chest pain. I “play” with the thought of ceasing to exist because I hate that I’m just a piece of meat. All I do is survive each day. Alone and ugly. I wish I was a simpleton. I wish I didn’t feel every goddamn moment. I got some morphine pills the other day, a fairly minor dosage, to help me endure IPL hair removal. I have a few pills left that could make me numb and dumb for a few hours. Not that it’s a viable solution. Next year, when I have saved up some money, I’m thinking about traveling abroad again in order to rediscover myself. I feel so silly. Sorry. Aight. Night. 🌃","Thank you for such a spot on reply! I feel understood!!! 😍 As I’ve gotten older my sense of ‘time’ has radically shifted. I know for sure I don’t have enough time to achieve all the great things I wish I could’ve strived for earlier. But I can keep busy with smaller goals, or unexpected moments, or meeting new people, or trying things out for a lark (rather than trying something Big and Meaningful right at the start and punishing myself for failing). This is indeed one of the things I’m struggling with. On days that I don’t feel totally worthless, I’m trying to saturate my everyday and my heart with the small things: reading, talking to strangers, eating good food, listening to music, exercising. Somtimes it really makes me feel fullfilled, sometimes it doesn’t, and when it doesn’t, I start looking for happiness with a capital H… Don’t underestimate depression, certainly seek treatment and relief for that, but know that this is a lull or a low and at some point you will find something fascinating again. 🫂 Emotional existential growing pains? You might need the morphine more later, might as well save it for Later-You. If there is one thing, one improvement I have made recently, it’s being able to accept my depression and to take one day, one step at a time. With the antidepressants, I can at least get out of bed. Yeah, I’ll save to morphine for a rainy day. 🤣 Travel would be great 🙂 Though I’m also reminded of the SNL parody commercial (TV comedy sketch) with Adam Sandler as a travel agent — “We can take you for a hike; we canNOT turn you into a person who likes hiking…” I had never seen this one before. It was great. I laughed hard. 🤣 But it also hit hard. Damn, why did they have to make it so poignant. 🤣 Thank you so much for your beautiful humanity!",2026-07-10 22:02:37.521000+00:00,Yes,Appearance,High
116897936742632693,"[vent] why do I crave a sense of purpose and meaning? Looking at you, agent Smith... Edit: thank you all for your wonderful, heartwarming support! 🩷 I must’ve had a particularly bad episode (?) last night and I needed to vent. Wish you all a pleasant day! 🩵 cw: passive suicidal thoughts I wish that I didn’t feel the need to feel any purpose with my existence or meaning in life, but I do and it hurts so badly. I was so close to going to the psychiatric ER today because I didn’t know what to do with the immense, overwhelming chest pain. I “play” with the thought of ceasing to exist because I hate that I’m just a piece of meat. All I do is survive each day. Alone and ugly. I wish I was a simpleton. I wish I didn’t feel every goddamn moment. I got some morphine pills the other day, a fairly minor dosage, to help me endure IPL hair removal. I have a few pills left that could make me numb and dumb for a few hours. Not that it’s a viable solution. Next year, when I have saved up some money, I’m thinking about traveling abroad again in order to rediscover myself. I feel so silly. Sorry. Aight. Night. 🌃",Im not sure I do. I sorta crave non existance. Not just passing on but making almost no splash so that it is somehow not noticed. This is why buddhism appeals to me I think.,2026-07-10 22:02:37.521000+00:00,Yes,Appearance,High
116885239059216561,"""My body is breaking down from the sheer weight of fear, trauma, and exhaustion. This is what chronic stress does to a young woman who has lost her entire family to this war. I am completely alone in this displacement, fighting every single day just to survive and protect my education. The loneliness is crushing, and the burden is too heavy to carry by myself. Please, if you see this, help boost my story. I just want to feel safe again. # MutualAid # Gaza # Palestine # Displaced # Loneliness "" @ aral",,2026-07-08 16:13:27.331000+00:00,Yes,Appearance,Medium
116826072791120903,The office doesn't fix loneliness at work # Workplace # Loneliness # FutureOfWork,,2026-06-28 05:00:00+00:00,Yes,Social Status,Medium
116804660236964522,The Loneliness Epidemic at Work psychologytoday.com/us/blog/th e-psychology-of-creativity/202606/the-loneliness-epidemic-at-work Loneliness at work isn't solved by adding more meetings or group chats. The real issue is whether people feel like they genuinely matter to their colleagues. # loneliness # workplacewellness # belonging,,2026-06-24 10:41:10+00:00,Yes,Social Status,Medium
116804573794245547,Loneliness at work isn't solved by adding more meetings or group chats. The real issue is whether people feel like they genuinely matter to their colleagues. # loneliness # workplacewellness # belonging psychologytoday.com/us/blog/th e-psychology-of-creativity/202606/the-loneliness-epidemic-at-work?utm_source=flipboard&utm_medium=activitypub Posted into FLIPBOARD EXCHANGE FEED 🗞️ @ flipboard-exchange-feed-Econopass,,2026-06-24 10:19:11+00:00,Yes,Social Status,Medium
116731486110716953,"“Stressful circumstances, long commutes, caregiving, disability, a toxic manager, push people to negotiate for WFH in the first place” 👉🏻 https:// theworkforward.substack.com/p/ did-remote-work-kill-the-gen-z-job And, yet, all we keep hearing / reading about is how # RemoteWork killed entry-level jobs # GenZ and is making us all feel lonelier, more isolated even 😤 Gosh, the nerve! What a bunch of BS! 😡 # DistanceWorking # HybridWork # DistributedWork # FlexibleWork # Loneliness # MentalHealth",,2026-06-11 12:32:03.520000+00:00,Yes,Social Status,Medium
116699439893470759,"# neuroscience # loneliness # dopamine # SocialInteraction ""Why we crave company Neuroscientists are discovering that spending time with others may be a basic biological necessity, like need for food or water. To our human eyes, a mouse’s furred face doesn’t betray much emotion. But if you watch the body language of a mouse who’s reunited with one of her sisters after five days in a cage alone, you might suspect you know what she’s feeling. The formerly isolated mouse chatters in squeaks too high for a human to hear. She follows her sister, crawling beneath the other mouse’s body as if trying to get a hug. She looks like she’s feeling what you or I feel when meeting a long-lost friend or a family member — maybe with more sniffing. She looks like she’s been lonely. Loneliness isn’t just for humans, and neither are its harms. Over the past decade or so, some researchers have come to believe that an animal’s craving for the company of others isn’t just a preference, but a basic, deeply held need. When we don’t socialize enough, we feel the lack like hunger or thirst, they say. When we’ve had our fill of togetherness, we feel satisfied or quenched. The amount of socializing a creature needs may be particular to that species, and even to that individual. Scientists have found within-species social differences in birds, monkeys, fish and even cockroaches. Among humans, 'you can feel lonely at a party, or you can feel fine alone in your office,' says Kay Tye, a neuroscientist at the Salk Institute for Biological Studies in California. Whatever the ideal degree of togetherness, Tye and others think that an animal’s need to balance time alone and time with others represents a kind of homeostasis: an equilibrium that’s critical for survival. Today, they are on a hunt to find where, in the brain, this equilibrium is controlled — and hoping their work will hold dividends for lonely humans. (. . .) Within each species, Clutton-Brock says evolution has probably allowed for a range of personality types around a certain species average. 'There are costs to too much anxiety' about being alone, he says, 'and costs to too little anxiety.' A species may do best with a mix of social styles. Whatever an animal’s right amount of social activity, research suggests there can be dire consequences to mental and physical health when it’s not met. People who are socially isolated, or feel lonely, die sooner. Poor social connections are linked to heart disease and stroke. Certain female rats, when housed alone, are more likely to develop cancer. (. . .) The scientists hypothesized that other animals, including humans, share this system. Though it’s not easy to test such a thing in people, Tye did team up with a research group at the Massachusetts Institute of Technology for an experiment in which people sat alone in a room for 10 hours. Afterward, subjects reported craving social interaction. When they viewed pictures of people laughing together, their brains lit up in the same region as the brains of fasting subjects who viewed pictures of food: an area, also within the brainstem, packed with dopamine neurons that are involved in cravings. (. . .) What’s more, when scientists used a technical trick called optogenetics to artificially activate the separation neurons every time the animals entered a certain chamber, the mice avoided spending time there. That suggested that these brain cells, when activated, give the mice a bad feeling. 'It’s unpleasant to be alone, in the same way it has been shown that it’s unpleasant to be hungry,' says Dulac, who coauthored an overview of social interaction as a fundamental need in the 2026 Annual Review of Neuroscience."" https:// knowablemagazine.org/content/a rticle/mind/2026/why-we-crave-social-interaction",,2026-06-05 20:42:14+00:00,Yes,Appearance,Medium
116636131299418683,"😭😢😿🥹💔🤔🧐🙄🥸😎🤓🥴💁🏿‍♀️*The version of late-life loneliness people don’t talk about is being loved by adult children who are too busy to be present, and the daily small work of pretending that’s enough👉 # late # life # loneliness # people The version of late-life loneliness people don't talk about is being loved by adult children who are too busy to be present, and the daily small work of pretending that's enough bolde.com/the-version-of-late- life-loneliness-people-dont-talk-about-is-being-loved-by-adult-children-who-are-too-busy-to-be-present-and-the-daily-small-work-of-pretending-thats-enough/",,2026-05-25 16:22:04.640000+00:00,Yes,Social Status,Medium
116620258751019770,"Marriage Won’t Fix Your Loneliness There’s a version of loneliness that nobody talks about honestly. Not the kind that hits you on a Friday night when your phone isn’t buzzing. The deeper kind. The kind that follows you into a full house, a shared bed, a family dinner table. The kind that makes you wonder why, with all these people around, you still feel completely alone. Most men don’t sit with that question long enough to answer it. They solve it instead. They find a woman, build something with her, have kids, chase a bigger salary, fill the calendar. For a while, it works, or it feels like it works. Then one day the noise dies down, and there it is again. Same heaviness. Same hollow feeling. Waiting. That’s because loneliness isn’t a situation. It’s a symptom. What You’re Actually Running From The problem isn’t that you’re single, or broke, or sexually frustrated. Those things might be true, and they’re worth addressing on their own terms. But the loneliness underneath all of that isn’t going away because your circumstances improved. It goes away when you look at what’s actually driving it. For most men, that loneliness traces back to something specific. A version of themselves they abandoned at some point. The kid who was told to stop being so sensitive. The teenager who learned that vulnerability gets punished. The adult who built walls so convincing that he forgot they were walls. He walks through life making connections without actually making them. He builds a family and realizes he doesn’t know how to let them in. Marriage doesn’t fix that. It exposes it. Why the Big Moves Don’t Work There’s a reason so many men arrive at forty with everything they thought they wanted and still feel like something is missing. The house, the kids, the career, the relationship. All checked. And yet. The problem is the logic of acquisition. We are raised to believe that the right external circumstances will produce the right internal state. Get the girl, feel worthy. Make the money, feel secure. Start a family, feel complete. This is how most men operate for the better part of their lives, and it produces results that look great in photos and feel hollow in private. Sex doesn’t fix loneliness either. It can mask it for an hour. A good night with someone you care about can make you feel close, connected, and seen. But if you’re using sex to feel less alone, you already know how fast that wears off. You already know the feeling of lying next to someone and still being completely inside your own head. None of these things is wrong to want. The problem is expecting them to do a job they were never designed to do. The Only Thing That Actually Works Coming to terms with your issues is not a therapy cliche. It’s the unsexy, uncomfortable, non-negotiable work of actually understanding yourself. Why do you respond the way you do? What you’re afraid of. What you’ve been carrying since before you had the language for it. What you keep recreating in every relationship because you never dealt with it the first time. This is where most men tap out. It’s easier to find a new woman than to face why the last three relationships followed the same pattern. Easier to work longer hours than to sit with the discomfort of not knowing who you are outside of productivity. Easier to have another drink, plan another trip, start another project. The men who do the work stop feeling as lonely. Not because their circumstances became perfect, but because they stopped being strangers to themselves. When you actually know who you are, a real connection becomes possible. Not the performance of it. This Isn’t About Going It Alone None of this means marriage is pointless or that kids won’t add something real to your life. It means the sequence matters. If you bring an unexamined version of yourself into a relationship, you bring your unresolved loneliness with you. The other person becomes responsible for fixing something they didn’t break and can’t reach. The men who build something genuinely good with another person tend to be the ones who have spent real time understanding themselves first. Not perfectly. Not with every issue resolved. But with enough self-awareness to stop outsourcing their emotional life to whoever is standing closest. You can get married. You can have kids. You can make a lot of money and have a very active sex life. All of that is available to you. But if you skip the part where you actually deal with yourself, you will feel alone in every single one of those situations. That’s not a warning. It’s just what happens. alone emptiness familyAndFriends friends frustrated Loneliness marriage partners ZsoltZsemba",,2026-05-22 21:05:00+00:00,Yes,Social Status,Medium
116589695665348133,"[Repost] Aesthetics and Financial Survival I wish I were a good-looking person so that I could always post my pictures, gain so many (parasocial) fans, then my account would have high reach, ten-thousand-plus followers, four or more digits in post views, and a brand or company would see my popular account, paying me to promote their product. I would be happy because someone supported me financially. Nowadays, being good-looking is the best, I think. It might minimise poverty and loneliness, I guess. Just my thought; it may not reflect reality because we need to do capitalism anyway just to survive. Edit 1: An AI challenged this view :- ""Many believe in this but rarely say it: the 'attractive creator' route is fragile, with one algorithm shift or controversy risking everything. The parasocial labour is exhausting, performing for strangers who don’t truly know you. Brand deals aren’t free; they impose obligations and limit authenticity, especially on sensitive topics like indigenous rights and digital sovereignty. Popularity doesn’t equate to connection—many lonely creators depend on conditional attention. Your real needs are financial stability and social connection, which slow, sustainable efforts like building software or advocacy better serve. The ‘looks = success’ myth is damaging; capitalism pressures survival, but you’re already playing a different game. What prompted this reflection—an aside or a current struggle?"" ⓘ Repost, because I accidentally deleted it. # PrettyPrivilege # SocialMedia # Capitalism # ContentCreator # FinancialSurvival # InfluencerLife # Parasocial # SystemicIssues # Followers # BrandDeals # Loneliness # RealityCheck # EconomicSurvival # SocialMediaGrowth # DigitalEconomy # creators",,2026-05-17 11:32:52+00:00,Yes,Social Status,Medium
116563635037975475,"If You Don’t Know Who You Are Alone, Relationships Will Confuse the Hell Out of You Nobody tells you this when you’re young. You spend your whole adolescence being shaped by what other people think of you, what your parents wanted you to become, and what the culture tells you success looks like. You absorb all of it. You build a personality around it. And then one day you find yourself in a relationship, wondering why you feel so lost, why you keep reacting in ways you don’t fully understand, why the person across from you seems to trigger something you can’t quite name. The answer is usually the same. You never figured out who you are when nobody is watching. Most men walk into relationships as a work in progress; they haven’t started yet. They know their job title, their taste in music, and their football team. They don’t know their patterns. They don’t know what they actually need versus what they think they’re supposed to want. They don’t know where they end, and other people begin. So when a relationship puts pressure on all of that, the confusion is total. The Mirror Problem Relationships have a way of reflecting things back at you. A partner who pulls away makes you realize you have an abandonment wound you never addressed. A partner who criticizes you activates something from childhood you thought you’d outgrown. A partner who needs too much space makes you question your own worth in ways that have nothing to do with them. None of this is their fault. The mirror doesn’t create what it shows you. It just shows you. The problem is that most men haven’t done the work to understand what they’re looking at when it appears. So instead of recognizing the reflection, they blame the mirror. They blame her for being distant, critical, or suffocating. They end the relationship. They find a new one. The same patterns show up again within six months, wearing a different face. This is not bad luck. This is what happens when you enter a relationship without knowing yourself. What You Think You Want vs. What You Actually Need Here’s where it gets complicated. A man who doesn’t know himself doesn’t know the difference between what he wants and what he needs. He thinks he wants a woman who doesn’t challenge him. What he needs is someone who makes him feel safe enough to be honest. He thinks he wants constant closeness. What he needs is to learn that he can be alone without falling apart. He thinks he wants someone to fix the emptiness. What he needs is to stop outsourcing that job. This gap between want and need is where most relationships quietly die. Two people who both don’t know themselves, trying to fill in the blanks with each other, eventually realizing the blanks are still there and blaming each other for it. You cannot bridge that gap from inside a relationship. You can do some of the work there, if you’re lucky and both people are willing. But the foundation has to be laid before you walk in. Alone Is the Practice Ground Being alone is not a waiting room. It’s not the unpleasant gap between relationships that you have to survive until the next one starts. It’s the only place where you can actually hear yourself think without someone else’s needs, expectations, or projections filling up the space. When you’re alone, and you sit with that discomfort instead of immediately solving it, you learn something. You learn what actually bothers you versus what you can let go. You learn how you talk to yourself when nobody is listening. You learn whether you actually like your own company, and if you don’t, that tells you something important. The men who figure out who they are when they’re alone tend to show up differently in relationships. Not perfectly. Not without issues. But with enough self-knowledge to stop reacting blindly, to take some responsibility for their patterns, to ask for what they need instead of punishing a partner for not reading their mind. The Real Cost of Skipping This Skipping the work of knowing yourself doesn’t just hurt you. It hurts whoever you’re with. You become unpredictable to them because you’re unpredictable to yourself. You make them responsible for your emotional stability. You confuse love with need and then resent them when they can’t meet all of it. The relationships that actually work, the ones that hold up under pressure and still feel like something good years later, are almost always built by people who came in with some degree of self-knowledge. Not perfect self-knowledge. Just enough to know where they were standing. You can start a relationship without knowing yourself. Plenty of people do. But at some point, the confusion becomes impossible to ignore. The question is whether you address it before it costs you something you actually care about. FriendsAndFriendship Loneliness NeedsAndWants partners relationship relationshipExpectations ZsoltZsemba",,2026-05-12 21:05:00+00:00,Yes,Social Status,Medium
116529800334328205,"The Reality of Modern Isolation and Connections Someone: ""Men don't try any more"" Me: ""They said:"" ""I don't need a man."" ""Men are rubbish."" ""Take a look at this screenshot. This guy is single, and I'm not responsible. Blocked."" ""I will marry later. Right now I am focused on studies and career."" ""This guy is ugly, and I will blame him for making me uncomfortable. I like this other guy who's handsome. Look at this picture."" That someone: ""Now, it makes sense. Me: ""Oh, I didn't mention this one yet. The parasocial industry promotion is taking advantage of broken-hearted and lonely men. We don't know if it's the real person messaging or a simulation of quick, fast-burning relationships."" Me: ""Also, I didn't mention that some people just didn't reply to messages but were at the same time claiming we are friends (parasocial)."" # relationships # dating # life # mentalhealth # loneliness # society # tech # modern # wellness # stress # peace # communication # isolation # honesty # vibe","Serious question, have you thought about going to therapy? Maybe you are undiagnosed neurodivergent?",2026-05-06 21:40:35+00:00,Yes,Social Status,Medium
116529800334328205,"The Reality of Modern Isolation and Connections Someone: ""Men don't try any more"" Me: ""They said:"" ""I don't need a man."" ""Men are rubbish."" ""Take a look at this screenshot. This guy is single, and I'm not responsible. Blocked."" ""I will marry later. Right now I am focused on studies and career."" ""This guy is ugly, and I will blame him for making me uncomfortable. I like this other guy who's handsome. Look at this picture."" That someone: ""Now, it makes sense. Me: ""Oh, I didn't mention this one yet. The parasocial industry promotion is taking advantage of broken-hearted and lonely men. We don't know if it's the real person messaging or a simulation of quick, fast-burning relationships."" Me: ""Also, I didn't mention that some people just didn't reply to messages but were at the same time claiming we are friends (parasocial)."" # relationships # dating # life # mentalhealth # loneliness # society # tech # modern # wellness # stress # peace # communication # isolation # honesty # vibe",@ KenRino I already under therapy.,2026-05-06 21:40:35+00:00,Yes,Social Status,Medium
116513074600789701,😉💁🏿‍♀️*2 Reasons Why Intelligent People Face Higher Loneliness*Intelligent people have social needs that often look different from the norm👉 # Higher # Loneliness 2 Reasons Why Intelligent People Face Higher Loneliness | Psychology Today South Africa psychologytoday.com/za/blog/so cial-instincts/202604/2-reasons-why-intelligent-people-face-higher-lonelinessamp_tf=From%20%251%24s&aoh=17778482281569&csi=0&referrer=https%3A%2F%2F,,2026-05-03 22:47:08.361000+00:00,Yes,Appearance,Medium
116346631776327389,"I've been thinking a lot about this: financial readiness is necessary for retirement, but it's not sufficient. The retirees who struggle most aren't the ones who ran out of money — they're the ones who ran out of purpose and connection. My latest post digs into why, and what to do about it. # retirement # retirementplanning # retirementlife # identity # loneliness # fulfillment retirereinvented.com/will-grea t-finances-guarantee-a-fulfilling-retirement/more-593",,2026-04-04 13:18:32.414000+00:00,Yes,Social Status,Medium
116245868664366751,"While not therapy, talking to literally anyone is better than talking to an LLM. Texting a Random Stranger Better for Loneliness Than Talking to a Chatbot, Study Shows 404media.co/chatgpt-loneliness -study-college-students-random-strangers-texting/ # Texting # Loneliness # Chatbot # AI # MentalHealth # Tech",,2026-03-17 18:13:03+00:00,Yes,Education,Medium
116245143633687818,"""This is just such a low tech, simple intervention, and can make people feel significantly less lonely."" 404media.co/chatgpt-loneliness -study-college-students-random-strangers-texting/ # study # MentalHealth # loneliness # ChatBots # AI # LLMs","But I guess that's the answer to everything, no? People who feel that they need AI because they can't write well, or make art, or write code, etc. We could just be helping each other, working on community projects, together.",2026-03-17 15:08:39+00:00,Yes,Education,Medium
116245143633687818,"""This is just such a low tech, simple intervention, and can make people feel significantly less lonely."" 404media.co/chatgpt-loneliness -study-college-students-random-strangers-texting/ # study # MentalHealth # loneliness # ChatBots # AI # LLMs","Not sure how much of this is ""I want to do everything myself"" vs ""everyone is too busy"". Or maybe people are just too afraid to ask for help?",2026-03-17 15:08:39+00:00,Yes,Education,Medium
116245143633687818,"""This is just such a low tech, simple intervention, and can make people feel significantly less lonely."" 404media.co/chatgpt-loneliness -study-college-students-random-strangers-texting/ # study # MentalHealth # loneliness # ChatBots # AI # LLMs",@ stefan or maybe even a combo: “I want to do this myself because I know everyone’s busy and I don’t want to impose or get rejected by asking others for help” 😔,2026-03-17 15:08:39+00:00,Yes,Education,Medium
116245143633687818,"""This is just such a low tech, simple intervention, and can make people feel significantly less lonely."" 404media.co/chatgpt-loneliness -study-college-students-random-strangers-texting/ # study # MentalHealth # loneliness # ChatBots # AI # LLMs",@ stefan @ grb090423 reminds me of the small talks article you recently shared :),2026-03-17 15:08:39+00:00,Yes,Education,Medium
116245143633687818,"""This is just such a low tech, simple intervention, and can make people feel significantly less lonely."" 404media.co/chatgpt-loneliness -study-college-students-random-strangers-texting/ # study # MentalHealth # loneliness # ChatBots # AI # LLMs","@ stefan Reminds me of the Swedish Tourist Association’s ""The Swedish Number"" campaign, where you could call a random person in Sweden just to chat. theswedishnumber.com/",2026-03-17 15:08:39+00:00,Yes,Education,Medium
116245143633687818,"""This is just such a low tech, simple intervention, and can make people feel significantly less lonely."" 404media.co/chatgpt-loneliness -study-college-students-random-strangers-texting/ # study # MentalHealth # loneliness # ChatBots # AI # LLMs","@ stefan nice, going to go talk to random people *goes on chat roulette, instantly inundated with penises and chatbots*",2026-03-17 15:08:39+00:00,Yes,Education,Medium
116244208113926101,"""The # research looked at college students specifically, to try to understand whether # LLMs could be a scalable tool to help with the # isolation that people can feel when going through a big change. The transition to college can be overwhelming: new classmates, new places, new rules. Young people are often away from parents or familiar structure for the first time, building out their new social networks among others who are doing the same. This is a particularly vulnerable time: if # chatbots could really cure # loneliness for a group of people like this, “then it would be great,” said Li. But only human to # human interaction, despite it being with a random person over text, had any significant effect."" 404media.co/chatgpt-loneliness -study-college-students-random-strangers-texting/",,2026-03-17 11:10:50+00:00,Yes,Education,Medium
116165455842462040,"In the latest issue of Changing Populations, we report on a study by CG member Dr Jo Hale from the University of St Andrews, which has found that reducing social isolation protects the brain in later life. Head to section 8 to find out more: https:// sway.cloud.microsoft/WzAYgcw05 ELXCdXJ?ref=Link # ageing # cognition # socialisolation # loneliness # brainhealth # publichealth # gerontology # Alzheimers # demography # mentalhealth # laterlife # StAndrews # healthyageing # neuroscience # wellbeing",,2026-03-03 13:23:05+00:00,Yes,Education,Medium
116128228220497315,"I'm going to give an origin story to my addiction. Mostly so hurting people don't feel alone but also to do this once in English in case I need to do it in German. In 2016 I was going through a divorce. I had left the church a few years before and we grew rather apart over time instead of together. Nothing more nefarious than that. This landed me in the mental hospital eventually and the stress increased. Substance use also increased as our court proceedings intensified. Nothing too severe. In 2017 Trump took power, I stopped taking medications, and did therapy for my OCD, and my identity as a queer trans woman came out from under the cover of antipsychotics. I was also a one income household as a beginning cook. I was suddenly poor, out of the closet, under intense discrimination and with less and less human rights daily. I was also in a position with acess to free alcohol. Culinary school in Germany starts with a first day warning that 66% of everyone in that class will develop an addiction. Culinary is one of the highest rate addiction industries that exists. I had no out for my stress and that stress alone drives most heterosexual cis cooks to alcohism. I am a humble trans woman and having your human rights stripped away while you watch in terror is rather stressful. Let's just say I was a fully fledged alcoholic in a matter of months. I had a bunch of coworkers point out that my hands were shaking. Drunk on shift. Waking up to a shot of whiskey to handle the hangovers. My parents started asking about my addiction. I was doing just making mitsake after mistake after a few years. I drove home drunk someting like 7 to 14 nights in a row. And I decided I'd had it. I was so mad at myself that I quit cold turkey. I don't remember the next two weeks. It's a blank spot in my memory. I then met the nonbinary woman who would be my wife so I made plans to move to Germany. It meant I worked myself even more and I got a call from a last job. My first promotion to sous chef. turns out the head chef was a MAGA white christian and I relapsed for the first time. I hid this from my now wife, I hid this from my friends until I broke down in a chat room. I sobered up and I decided I needed to be completely dry. If that amount of drinking, convinced I was under control, led to a relapse than I needed to not touch the stuff. I avoided it now for 5 years. Now I'm having issues with cravings again. Severe short staffing, extreme work stress and shit politics are the exact reason I started. It's been a struggle but I've been successful. Maybe this helps you, I don't know. I'd just like nobody to feel as alone as I felt. Maybe you don't feel like the gods are punishing you when the feelings keep coming back. I don't know. I just wish addiction wasn't so lonely and I'll do anything in my power to not make it not so. alcholism uspol loneliness sobriety",,2026-02-24 23:35:38.236000+00:00,Yes,Social Status,Medium
116081380844636292,"Does the male loneliness epidemic really exist? Throughout history, even in the beliefs they fabricated, men found a way to unite. They supported each other or challenged each other, somehow remaining connected. They clinked glasses in pubs, or smashed bottles over each other's heads. They womanized together, committed crimes together, debated ideas, collectively pacified others (regardless of their gender), understood each other with just a glance. They flattered each other, shared their feelings in the limited ways they knew. They left their families to gamble in casinos, supported each other on the front lines of the wars they themselves started, formed brotherhood bonds with their army buddies, writing a magnificent history of brotherhood. Men were always together. They slept together, had sex with each other without anyone knowing, they fought each other and then made peace, like brothers who fought and then hugged in the playground, but never truly separated. Does this make masculinity a bit like the biggest single-cell organism in history? Or is there a collective delusion to deflect blame? Just pause for a second, And think. Maybe it's not loneliness. Maybe it's just the personal and painful realisation that one is simply an ordinary human being. ""Why wasn't I declared the most special, the most powerful, the alpha, the king, as I hoped? Why wasn't I made to feel 'most privileged' by everyone? Why do I have to strive for money, education, status, sex? Why do I have to work hard for respect? Why isn't masculinity alone enough to make others carry me on their shoulders"" Maybe penis is not a divine sceptre, no matter how much the world wants you to believe in that. Embracing your humanity, instead of obsessing about a mythical, unachievable maleness, might be a solution. Memento mori. # masculinity # philosophy # psychology # mentalhealth # loneliness",,2026-02-16 17:01:43+00:00,Yes,Social Status,Medium
115956382265527510,Pilates after prayers: men’s classes in Bradford mosques offer fitness and friendship theguardian.com/uk-news/2026/j an/25/pilates-men-classes-bradford-mosque-fitness-friendship # Bradford # Pilates # Islam # LifeAndStyle # WestYorkshire # Religion # UkNews # NorthOfEngland # Yorkshire # Health # Loneliness # Society # Men,,2026-01-25 15:12:56+00:00,Yes,Education,Medium
115684875766267073,"→ Half a million young Californians aren’t in school or work. Most are men https:// calmatters.org/economy/2025/10 /men-in-crisis-california/ “ # California has nearly 500,000 young people ages 16 to 24 who are […] neither working nor in school. Finding them a job is part of the solution, but it goes much deeper than that.” “Look at the # dropout rates. Look at the depths of # despair . Look at the issues around # loneliness . Look at every critical category. It’s just blinking red lights for young men.” # job # men # work # young # school",,2025-12-08 16:25:15+00:00,Yes,Social Status,Medium
115658071808851882,"St. John of the Cross Novena, Day 5: Trust Reading In tribulation, immediately draw near to God with trust, and you will receive strength, enlightenment, and instruction. Sayings of Light and Love, 66 Scripture Have mercy on me, God, men crush me; they fight me all day long and oppress me. My foes crush me all day long, for many fight proudly against me. When I fear, I will trust in you, in God whose word I praise. In God I trust, I shall not fear: what can mortal man do to me? All day long they distort my words, all their thought is to harm me. They band together in ambush, track me down and seek my life. You have kept an account of my wanderings; you have kept a record of my tears; are they not written in your book? Then my foes will be put to flight on the day that I call to you. This I know, that God is on my side. In God, whose word I praise, in the Lord, whose word I praise, in God I trust; I shall not fear: what can mortal man do to me? I am bound by the vows I have made you. O God, I will offer you praise for you rescued my soul from death, you kept my feet from stumbling that I may walk in the presence of God and enjoy the light of the living. Psalm 56 Meditation Oh, blessed tribulation, that sure sign that God is madly in love with you. Tribulation is a word that is no longer part of our daily vocabulary. It appears in word puzzles and still makes its way into Hollywood film scripts, although it sounds more appropriate coming from the lips of the revered British actor Charles Laughton , whose King Herod once posed the legendary rhetorical question: “Why does the prophet visit me with worse than the tribulations of Job?” Saint Teresa of Jesus understood what Saint John of the Cross meant when he was writing about tribulation because she had seen her fair share of it in her lifetime. Here’s just one example from Testimony 53 written in Seville, 8 November 1575: On the octave day of All Saints I spent two or three very troublesome days over the remembrance of my great sins and because of some fears of my being persecuted that had no foundation, except that false testimony was going to be raised [She had been falsely accused before the Inquisition of Seville] . And all the courage I usually have for suffering left me. Although I wanted to encourage myself, and I made acts and reflected that this suffering would be very beneficial to my soul, all these actions helped me little. For the fear didn’t go away, and what I felt was a vexing war. I chanced upon a letter in which my good Father [Jerome Gracián, Discalced Carmelite and Apostolic Visitor] refers to what St. Paul says, that God does not permit us to be tempted beyond what we can suffer ( 1 Cor 10:13 ) . That comforted me a lot, but it wasn’t enough. Rather, the next day I became sorely afflicted in seeing I was without him, since I had no one to whom I could have recourse in this tribulation . It seemed to me I was living in great loneliness, and this loneliness increased when I saw that there was no one now but him who might give me comfort and that he had to be absent most of the time, which was a great torment to me. On the next night, while reading in a book a saying of St. Paul which began to console me, I was thinking of how present our Lord had previously been to me, for He had so truly seemed to be the living God. While I was thinking about this, He appeared in an intellectual vision, very deep within me, as though on the side where the heart is, and said: “Here I am, but I want you to see what little you can do without Me.” I felt reassured right away, and all my fears were gone. While I was at Matins that same night, the Lord, through an intellectual vision so intense it almost seemed to be an imaginative one, placed Himself in my arms as in the painting of the fifth agony . This vision caused me great fear. For it was so clear, and He was so close to me that I wondered if it was an illusion. He told me: “Don’t be surprised by this, for My Father is with your soul in an incomparably greater union.” This vision has so remained up till now. What I said of our Lord lasted more than a month. Now it is gone. Now, we may not be falsely accused before the Inquisition, but in our daily lives, we see plenty of tribulation. And Saint Teresa makes it clear that if we are seeking to make love our ambition, to grow in that untiring love of which St. John of the Cross speaks, then we will be blessed with tribulation. Blessed with tribulation? “It is clear that since God wants to lead those whom He greatly loves by the path of tribulation—and the more He loves them the greater the tribulation—there is no reason to think that He despises contemplatives, for with His own mouth He praises them and considers them His friends.” (Way 18:1) But what if I don’t want to be a contemplative? For the faithful, this truly is not an option if we desire to be united with Christ in heaven, where we will be contemplatives for all eternity! St. Paul writes, “and we all, who with unveiled faces contemplate the Lord’s glory, are being transformed into his image with ever-increasing glory, which comes from the Lord, who is the Spirit” ( 2 Cor 3:18 ). The Catechism reminds us: Because of his transcendence, God cannot be seen as he is, unless he himself opens up his mystery to man’s immediate contemplation and gives him the capacity for it. The Church calls this contemplation of God in his heavenly glory “the beatific vision.” Citing St. Cyprian, the Catechism continues: How great will your glory and happiness be, to be allowed to see God, to be honored with sharing the joy of salvation and eternal light with Christ your Lord and God, . . . to delight in the joy of immortality in the Kingdom of heaven with the righteous and God’s friends. ( CCC 1028 ) To be able to contemplate Christ for all eternity, the tribulation is worth it. We notice that a great Saint and Doctor of the Church like Our Holy Mother Teresa was not immune from tribulation and anxiety. She was suffering terribly: there were “very troublesome days” and fears of being persecuted. She had lost her courage, and every remedy, every action that normally helped in past situations didn’t help at all. She was stuck in her fears and left with what she calls a guerra desabrida… a rather unsavory war—fruitless, vexing, and pointless. Even reading a letter from the priest who meant more to her than any other friar in the world couldn’t console her; his advice was to read St. Paul, but she admitted that it “comforted me a lot, but it wasn’t enough.” Poor St. Teresa, she was really in emotional distress and in a spiritual bind. The next day she became even more upset because Father Gracián wasn’t there to encourage and console her in her anxiety. “I had no one to whom I could have recourse in this tribulation” and for her, the loneliness seemed to be the worst part. St. John of the Cross says that it’s in times like these that we must “immediately draw near to God with trust” and that is exactly what St. Teresa did. She didn’t give up praying, seeking, and hoping, and she didn’t abandon God. Quite the opposite: she continued to draw near to God, even though He seemed distant or hiding. It seems that she may have had difficulty praying with peace, so she turned to spiritual reading instead. Now, the Lord made himself known to St. Teresa at that moment through a mystical experience. However, that may not necessarily be the path the Lord chooses for each one of us. What St. John of the Cross explains is that if we draw near to God with trust, then we will receive “strength, enlightenment, and instruction.” St. Elizabeth of the Trinity gives the following advice to ordinary folks like you and I for how best to draw near to God when troubled or anxious in those moments that St. John and St. Teresa called “tribulation”: You must build a little cell within your soul as I do. Remember that God is there and enter it from time to time; when you feel nervous or you’re unhappy, quickly seek refuge there and tell the Master all about it. Ah, if you got to know Him a little, prayer wouldn’t bore you anymore; to me it seems to be rest, relaxation. We come quite simply to the One we love, stay close to Him like a little child in the arms of its mother, and we let our heart go (Letter 123) . Prayer O St. John of the Cross You were endowed by our Lord with the spirit of self-denial and a love of the cross. Obtain for us the grace to follow your example that we may come to the eternal vision of the glory of God. O Saint of Christ’s redeeming cross the road of life is dark and long. Teach us always to be resigned to God’s holy will in all the circumstances of our lives and grant us the special favor which we now ask of you. Mention your request Above all, obtain for us the grace of final perseverance, a holy and happy death and everlasting life with you and all the saints in heaven. Amen. Let’s continue in prayer Day 1 — Self-trust Day 2 — Self-giving Day 3 — Cleansing Day 4 — Walking in love Day 5 — Trust Day 6 — Prayer Day 7 — Humility Day 8 — Eternal Silence Day 9 — Silent love The Escape of St John of the Cross 18th c. French Oil on canvas, 1768 Carmel of Pontoise © Ministère de la Culture (France), Médiathèque de l’architecture et du patrimoine, Diffusion RMN-GP. Used by permission. The novena prayer was composed from approved sources by Professor Michael Ogunu, a member of the Discalced Carmelite Secular Order in Nigeria. John of the Cross, St 1991, The Collected Works of St. John of the Cross , rev. edn, Kavanaugh, K & Rodriguez, O (trans.), ICS Publications , Washington DC. Teresa of Avila, St 1985, The Collected Works of St. Teresa of Avila , Kavanaugh, K & Rodriguez, O (trans.), ICS Publications , Washington DC. Elizabeth of the Trinity, S 2003, The Complete Works of Elizabeth of the Trinity volume 2: Letters from Carmel , Nash, A (trans.), ICS Publications , Washington DC. All scripture references in this novena are from the New Revised Standard Version Bible: Catholic Edition, copyright © 1989, 1993 the Division of Christian Education of the National Council of the Churches of Christ in the United States of America as accessed from the Bible Gateway website . Don’t become discouraged and give up prayer , says St. John of the Cross. We offer varying novenas to Our Lady of Mount Carmel , as well as novenas to St. Teresa of Avila , St. John of the Cross , St. Thérèse of Lisieux , Sts. Louis and Zélie Martin , St. Elizabeth of the Trinity , and St. Joseph . Let us unite in prayer anxiety doctorOfTheChurch elizabethCatez enlightenment icsPublications inquisition instruction johnOfTheCross letter letters loneliness novena persecution psalms sabeth sanJuanDeLaCruz stElizabethOfTheTrinity stJohnOfTheCross stTeresa stTeresaOfAvila stTeresaOfJesus strength teresa tribulation troubles trust wayOfPerfection worries",,2019-12-10 05:47:26+00:00,Yes,Education,Medium
115553363608754165,“There are some places in life where you can only go alone. Embrace the beauty of your solo journey.” ― Mandy Hale # Bot # Quote # Alone # Aloneness # Beauty # BeingSingle # Faith # FlyingSolo # Journey # Life # Loneliness # LovingYourself # PositiveThinking # Single # SingleLife # SingleWoman # Singleness # Solo # TheSingleWoman # TrustTheJourney,,2025-11-15 11:00:00+00:00,Yes,Appearance,Medium
115501060595637527,"After 20+ years in law practice, I’ve been out of work for close to a year. What surprised me most? How isolating it can be—even with a solid routine and family time. The daily social connection of office life matters more than I realised. New blog post exploring the mental side of career transition. browngeek.net/loneliness-caree r-transition/ # CareerTransition # MentalHealth # Loneliness # LawyerLife # WorkLifeBalance",,2025-11-06 05:18:40.129000+00:00,Yes,Social Status,Medium
115461469476529814,CPH Daily Bulletin 10/29/2025 Half a million young Californians aren’t in school or work. Most are men https:// calmatters.org/economy/2025/10 /men-in-crisis-california/ # California # NEET # Unemployment # Loneliness # homelessness # MassIncarceration,,2025-10-30 05:30:07.647000+00:00,Yes,Social Status,Medium
115417951723853336,"Part 2 of the conversation with # Professor # Riedel -Heller on the topic of # loneliness focused on # healthrisks , # strategies , and the role of # socialmedia . The latter varies across age groups. l-iz.de/en/unkategorisiert-en/ 2025/10/loneliness-health-risks-and-strategies-a-conversation-with-professor-riedel-heller-part-2-637040",,2025-10-22 13:02:54+00:00,Yes,Education,Medium
115417906381418462,# Loneliness : # Health # Risks and # Strategies — A Conversation with # Professor # Riedel -Heller (Part 2) l-iz.de/en/unkategorisiert-en/ 2025/10/loneliness-health-risks-and-strategies-a-conversation-with-professor-riedel-heller-part-2-637040 # Leipzig # University # UKL # psychiatry,,2025-10-22 12:51:25+00:00,Yes,Education,Medium
115412315257067698,"What is # loneliness from a scientific perspective, how does it differ from being # alone , and which # agegroups are particularly affected? I spoke to Professor # Riedel -Heller about this. Part 2 follows tomorrow. l-iz.de/en/unkategorisiert-en/ 2025/10/loneliness-what-is-it-and-is-there-an-epidemic-a-conversation-with-professor-riedel-heller-part-1-637016",,2025-10-21 13:09:32+00:00,Yes,Education,Medium
115412237281060324,"# Loneliness — What Is It, and Is There an # Epidemic ? A # Conversation with # Professor # Riedel -Heller (Part 1) l-iz.de/en/unkategorisiert-en/ 2025/10/loneliness-what-is-it-and-is-there-an-epidemic-a-conversation-with-professor-riedel-heller-part-1-637016?lrm_loggedout=true # Leipzig # University # UKL # psychiatry",,2025-10-21 12:49:38+00:00,Yes,Education,Medium
117134424934141200,"Your body remembers what your mind tries to forget. # trauma isn’t just mental, it lives in the nervous system as fight, flight, freeze, submit, or reaching for help. None of this means you’re broken. It means your body protected you. Healing is possible. # mentalhealth # traumainformed # psychology # violencereduction",@ nobodypsyd block the slopper for your own “peace of mind” # blocktheslopper,2026-08-21 16:24:42.044000+00:00,Yes,Appearance,Medium
117037769936826013,"""We live in a time where sex, while becoming more and more liberated, is still extremely taboo and constantly under attack both sociopolitically and culturally. There are little-to-no outlets for people safely explore and understand the body, to learn what a healthy intimate (platonic or not) connection looks like, and to do so securely and without shame, judgement or rejection, or the fear of such. Those coming of age do this carelessly, without guidance, without education, and are often taken advantage of, abused, repressed or performing what they see in content across media, coming into adulthood with a great deal of shame, trauma and the potentiality of violence or self-harm. This journey narrates on that, to a degree. The tension between love and exploitation is felt throughout the journey, as is a fighting yet fleeting sense of liberation.""—Will Jack Live at FAWther Daughter Dance; a Will Jack DJ mix > https:// on.soundcloud.com/vaSAwm9qPs9q zGFxl5 Ingredients: # Electro_house # House # Deep_House # Jack_House # Electronic_Music Themes: # sexuality # social_stigma # exploration # trauma # shame # violence # self_harm # love # exploitation # liberation # NYC Tags: # podcast # music # broadcast # streaming",,2026-08-04 14:44:01+00:00,Yes,Appearance,High
117014930760668214,"Today on NovaLandia: ""Icons For Columbine"" Nowadays, at least online, across the internet, and pretty much any social platform you can fathom, bullying is a virtue. It's funny when someone does something that isn't socially acceptable, or mora... https:// mkultra.monster/culture/2026/0 7/31/icons-for-columbine/ # bullying # socialmedia # childhood # trauma # vulnerability",,2026-07-31 13:55:32+00:00,Yes,Appearance,Medium
116983112721562957,"""Better to be in detention than in the playground."" That was my outlook as a kid at school. I was bullied so much that the only escape I could find was to act out and bunk off. My school reports are mostly ""Was in isolation, had a great day"", ""47% attendance this year"" I achieved great results academically and was top of my class for most lessons, even French. No idea how. But I was bullied so much that it led to poor behaviour from me as an escape and eventually to me being kicked out of school at 15 and home at 16. The rest of my life has been a result of that trauma. Living in a hostel, drug use, dumb things. Until I eventually sorted myself and landed my first real job at 30 years of age, after 14 years of going from job to job. A self taught software developer, finally found my thing. Uhhh wrote that out and forgot what point I was going to make 😅 Kids are cruel? Life sucks? Maybe I just want attention 😬 Sometimes I wonder if I live off my past trauma as a reason to be angry. I'm still holding on to it. # trauma # MentalHealth # life # alanwatts https:// music.youtube.com/watch?v=fvPt nfzfkgY",,2026-07-25 23:03:59+00:00,Yes,Education,Medium
116975194115870846,NEW: The owner of a private school in Arkansas ordered students to scrub floors and urged them to attack a classmate. Few records exist of the incident. Reporter Jennifer Smith Richards pieced together what happened. propublica.org/article/arkansa s-private-school-abuse-video?utm_source=mastodon&utm_medium=social&utm_campaign=mastodon-post # News # Arkansas # School # Education # Children # Violence # Trauma # Parenting,,2026-07-24 13:30:12+00:00,Yes,Education,Medium
116966771114005050,"Understanding Trauma: Insights from “The Body Keeps the Score” Bessel van der Kolk’s groundbreaking book, The Body Keeps the Score: Brain, Mind, and Body in the Healing of Trauma , has become a cornerstone in the understanding of trauma and its profound impact on human beings. This book bridges the gap between science, personal experience, and therapeutic practice, shedding light on how trauma reshapes the body and the mind. It empowers us with a transformative understanding of trauma. Reading this book changed my life and gave me hope that pharmaceutical companies haven’t completely taken over the field of psychology and that there are other ways to heal that have been studied decades ago. Understanding Trauma Van der Kolk begins by defining trauma as not just the events that happened but the lasting effects these events have on the mind and body. Trauma stems from deeply distressing or disturbing experiences that overwhelm an individual’s capacity to cope. He explains that trauma is more than a memory—it’s an ongoing physical and emotional reaction. Survivors of trauma often relive their experiences in vivid ways, sometimes decades after the event. How Trauma Affects the Brain One of the key revelations in The Body Keeps the Score is how trauma alters the brain’s functioning. Van der Kolk discusses three main areas of the brain affected by trauma: The Reptilian Brain (brainstem) is responsible for survival instincts. It becomes overactive in trauma survivors, leading to heightened states of fight, flight, or freeze. The Limbic System : This emotional center of the brain, including the amygdala, becomes hyperactive, causing heightened emotional reactions and difficulty regulating feelings. The Prefrontal Cortex : Often referred to as the “rational brain,” this area shuts down under trauma, impairing the ability to think logically and self-regulate. Van der Kolk illustrates how trauma keeps the brain stuck in a state of alarm, which explains the overwhelming emotions, flashbacks, and triggers experienced by survivors. The Body Remembers One of the book’s central ideas is that trauma is stored in the body. Van der Kolk emphasizes that physical sensations, muscle tension, and autonomic nervous system responses often carry the imprint of traumatic experiences. Survivors might not consciously recall their trauma, but their bodies frequently relive it through chronic pain, digestive issues, autoimmune disorders, or other physical symptoms. For example, someone who has experienced assault might flinch at physical touch, or a survivor of war might feel a constant state of hypervigilance. These bodily reactions are ways the body remembers and protects itself from perceived threats. The Role of Dissociation Van der Kolk highlights dissociation as a common coping mechanism for trauma survivors. Dissociation occurs when individuals detach from their physical and emotional experiences to survive overwhelming situations. While helpful now, it often leads to long-term disconnection from one’s body and emotions. Many trauma survivors report feelings of numbness, a sense of unreality, or even memory loss surrounding the traumatic event. This disconnection can make recovery challenging, as it impedes the integration of traumatic memories. Healing Trauma: The Mind-Body Connection Van der Kolk’s book is not just about understanding trauma but also about healing it. He advocates for a holistic approach that addresses both the mind and body. Traditional talk therapy, while valuable, is often insufficient for deeply entrenched trauma. Instead, he suggests incorporating body-focused and experiential therapies. Key modalities discussed include: Eye Movement Desensitization and Reprocessing (EMDR): EMDR uses guided eye movements to help individuals process and integrate traumatic memories. Yoga and Body Awareness: Trauma disrupts the connection between the mind and body. Yoga helps survivors regain control over their bodies and fosters a sense of safety. Neurofeedback: By training the brain to regulate itself, neurofeedback can help reduce symptoms of trauma, such as anxiety and hypervigilance. Theater and Expressive Arts: Creative outlets like acting allow survivors to express and process emotions in a safe environment. Mindfulness and Meditation: These practices promote present-moment awareness, helping survivors reduce stress and reconnect with their bodies. The Importance of Relationships in Healing Van der Kolk emphasizes the pivotal role of safe and supportive relationships in trauma recovery. Trauma often stems from interpersonal violations, and healing requires restoring trust and connection. He discusses the importance of empathetic and validating environments, whether through therapists, friends, family, or support groups. This underscores the importance of your support in the recovery process. Trauma in Society The book also explores the broader implications of trauma, particularly its prevalence in marginalized communities and its impact on societal systems such as healthcare, education, and criminal justice. Van der Kolk argues that understanding trauma is essential for creating compassionate systems that support healing rather than perpetuating harm. The Body Keeps the Score is more than a book—it’s a call to action. Van der Kolk’s work underscores the importance of recognizing trauma in individual lives and society. By acknowledging the profound ways trauma affects the body and brain, we open the door to innovative and compassionate approaches to healing. Whether you’re a trauma survivor, a caregiver, or a mental health professional, Van der Kolk’s insights provide a roadmap for understanding and addressing the long-lasting effects of trauma. The message is clear: healing is not just a possibility; it’s a reality, and it begins with honoring the connection between the body, mind, and soul. This instills a sense of hope and optimism in the journey of recovery. Key Takeaways Trauma Lives in the Body: The body holds onto trauma, often manifesting through physical symptoms and automatic responses. The Brain’s Role: Trauma rewires the brain, keeping survivors in a state of hyperarousal and emotional reactivity. Healing Requires Integration: Recovery involves reconnecting the mind and body and integrating traumatic memories in a way that no longer dominates a survivor’s life. Holistic Approaches Are Essential: Combining traditional psychotherapy with body-focused modalities offers the most effective path to healing. Relationships Heal: Safe, supportive relationships are foundational for recovery. Have you read the book? Let me know your thoughts in the comments! Thanks for reading. 🙂 Leave a comment Cancel reply Share: Follow on Social Media! Facebook Pinterest Instagram Twitter Threads Check out some of my other blogs! Understanding Trauma: Insights from “The Body Keeps the Score” Does it Bring You Happiness? A Realignment with God in a World Gone Cold Fear: The Gatekeeper of Your Soul’s Epic Growth From Misunderstood to Free. How I reclaimed My Life While No One Was Watching. Buy Me A Coffee! Submitting form book getThroughTheDay MentalHealth selfCare trauma Wellness",,2026-07-23 01:48:07+00:00,Yes,Appearance,Medium
116964229405501390,".de @ RadicalGraffiti @ simon_brooke I am alive but also somewhat deadened like # Gaza people - I have my physical comforts but not mental comforts in the economic war [rent, state silence etc[ People in cities are inside that same # trauma . feeling the same as you in higher evels of physical ""having"" to pay extortion / ultimatums and only making the # rent -prostitution # system worse doing so. We much re-create & cooperate away together and by-pass # cheating # systems . Boosted post.",,2026-07-22 15:01:44.372000+00:00,Yes,Social Status,Medium
116873040723336958,"💔 This school shooting didn't end when the headlines faded. The trauma, grief, and emotional scars can last a lifetime, for survivors, families, first responders, and entire communities. In this powerful interview, hear a firsthand account of the lasting aftereffects of a school shooting and the road toward healing. 🎧 Listen to the # Free # Podcast from the National # Radio ShowSchoolShooting # Trauma # MentalHealth # FirstResponders # Podcast # LawEnforcement # Healing letradio.com/school-shooting-t he-trauma-and-after/?utm_source=Mastodon",,2026-07-06 12:31:15.495000+00:00,Yes,Education,Medium
116861412842882738,"Opinion ""A hot shower, running water, light: In exile, each one returns me to Gaza by Ahmed Dremly Three weeks after evacuating to Italy on a scholarship, every comfort of a safe and normal life only deepens my guilt for those I left behind. ,.,..,,.,. My friends, both in Gaza and abroad, keep asking the same question: ""What do you feel?"" For more than four days, I could not answer. My mind was on the verge of exploding, unable to process the transition or comprehend how I had even survived. Eventually, I began to unpack a mix of intense gratitude for the kind Italian people who helped me evacuate to study, and a profound, burning anger for all the normal things my people are deprived of due to the Israeli occupation."" middleeasteye.net/opinion/hot- shower-running-water-light-exile-each-one-returns-me-gaza # gaza # genocide # students # italy # fireworks # water # kindness # trauma # guilt",,2026-07-04 11:14:05+00:00,Yes,Education,Medium
116801105809105990,"“Like a Revolving Door of I Already Did That…” Life With Psychosis is…Interesting ******TRIGGER WARNING****** Before you read any further please note that this essay contains real stories of real abuse that may cause harm to your psyche. Please read with caution. Even on this website, I’ve never really talked about what life feels like when you’re in the middle of a psychotic episode. I’ve talked around it, but very few people discuss what it feels like to be in it. And honestly, I think that’s because we just often don’t have the words. For some of us, psychotic episodes can be absolutely petrifying. We have no concept of who we are, what we want or need; we aren’t focused on mental health. We aren’t focused on healing. If You Don’t Sacrifice For What You Want, What You Want Becomes The Sacrifice. – JessGalindo87 We are mostly focused on trying to function, trying to focus. Here’s the thing: when you are in the middle of a psychotic episode, you feel completely sane. Often, for the first time in a long effing time. Often, it’s everyone else that is psychotic, while to your brain, you’re making perfect sense. The day I realized that the man I was going to for help was also one of the same men who beat me the night I was gang abused at A.H’s house was the day I literally broke my mind. A few months before this realization, I had gone to B.G. at Adrenaline Tattoo’s for a tattoo on my right hand. I had gone to tell him I’d been abused, but he was acting so weird. The reason I wanted to tell HIM, was because the night I was abused, they used his name. They shoved a phone in my face with his picture on it, and asked me how I knew him. I laughed, “he’s my tattoo artist, you fucking idiot.” They didn’t believe me, and so they had a man rape me, and say it was BG doing the act. Now here’s where it gets really fucked up. This particular tattoo artist has assaulted me by groping me and putting his hands down my pants and shirt twice. The first time, when he inked my shoulder – I didn’t forget. I trusted him when he said he had sobered up and changed, and so I went back after I was raped to tell him there were men out there raping girls, using his name. And he did it again. So the day I realized who my counsellor was connected to, I lost my shit, and I went to tell B to call 911, to tell him what was happening, because in that particular moment, I genuinely thought I was moments from death. To my mind, abusers were everywhere, and the only person who knew my details, who had known me for years, that I could go to, was yet another abuser. It makes perfect sense that I lost my ever-loving fucking mind. But I found it that same day. There was a cop there named Brian, at my request – I gave him as many details as I could and gave him permission to speak to whomever he needed to. Nothing ever came of it, and the reason is because I had very little coping mechanisms back then, other than cannabis, so on that day I looked like a complete psychopath who had indeed lost their mind and I very much was. But from the heart of the storm, I felt clear and relaxed for the first time in my life. On that particular day, Karma decided the truth was going to come up whether I wanted it to or not, and when it did I felt free. For the first time in my life. What the fuck do you mean I can finally say the words “I was raped” out loud? What the fuck do you mean I’m ALLOWED to say that it was wrong? The fuck do you mean it’s against the law and that there are cops out there willing to believe me? Brian was, and to date is, the only cop to believe me, but I’ll take it. I’ll take one out of the many because now I know I’m not alone. There are calculated risks to being willing to lose your mind. Many people, after a single psychotic episode, don’t come back. Some people love the madness; I mean they cling to it, and they love the rush of it. I am not one of those people. I loved it for a moment: I remember lying on the bed when they finally came to the waiting room for me. Someone, I don’t know who, said “You’re safe now,” and I remember pausing, just for what felt like the longest half-second of my life. I R E M E M B E R feeling and K N O W I N G I was safe: And that’s when I let go. I screamed like there was no tomorrow; I screamed so loud I scared them enough that they had to strap me down and drug me out; I screamed until I was choking on my own tears. I screamed until the darkness didn’t hurt anymore, and then I kept screaming. When I woke up the next morning, I was different. For one night out of twenty-something years in my whole life, I was safe. One night. Just one. For the FIRST Time in my life, when they closed that door, I knew I could rest. I had been in fight or flight for so long that although I was completely unaware of my state, my nervous system was broken. I went back to B several times – I wanted him to know. Even though he was an assaulter of mine, he hardly qualified as the worst experience I’d had with a man and yes I know how sad that was, but I needed him to know. Only to find out he’d already been made aware, and decided to call me a victim in that way that really meant “I think you’re lying.” So I left Vancouver, and honestly didn’t look back. I wrote the books, I told the story, I was wellness checked by cops, nurses, doctors, and deemed insane. Because it’s soooo much easier to villify the victim then support her. I went to Victim’s Services, and was told by the Surrey Women’s Center team that in order to access their free counselling, I needed to be willing to press charges, and only if charges were approved, would I receive counselling. I repeated my story several times to no avail. Because I’d reported abuse before, because it had a habit of finding me, they decided it would be easier to push me further over the edge by telling me, “It did not happen.” So I sucked it up. For nine years, I have taken pills I don’t like taking that DO help calm some of the symptoms of dysfunction, but not enough that I can rush out and get a second job and am suddenly okay again. For nine years I have repeatedly said “I don’t hear voices, I hear my own thoughts.” For nine years I’ve said “No, I am not paranoid, yes I believe there are people who want me dead, no I don’t think that means the world is out to get me.” For nine years I’ve told the same story, allegedly looking for “attention,” that has never come, just to ruin the lives of what? Society’s youngest and finest…pedophiles? That’s who we’re protecting? I am honestly surprised. I truly believed that I lived in a world that values children, because that’s what I was indoctrinated into believing. Waking up to the realization that kids don’t even rank on the list of things white supremacy cares about is soul-crushing. I grew up surrounded by white supremacy without knowing how to acknowledge what I was seeing or experiencing. I didn’t have the language that I have today because my abuser’s protection depended on my vigilant inability to focus in class or in the world due to trauma. It wasn’t until I met sex workers who were raped by “Johns” that I realized if what was happening to them was wrong, then what was done to me, was also wrong. It was Sex Worker Rights Advocates like the amazing Dr. Kate Lister who started Whores of Yore to educate women about sexual habits of the ancestors, while creating a safe space to open dialogue about sexual intimacy across the spectrum of sexuality. Because of women like Dr. Kate, women like me understand that we’re allowed to enjoy sexual pleasure after sexual assault. It’s because of women who run BDSM sites, and sites that talk about sexuality and positive stories of exploring sex, that I fully believe my trauma isn’t the source of my power. Going insane wasn’t a thing that I chose to do; it was, however, a complete and total necessity so that I could let it all go. If I’d been able to go out into the middle of the desert and light a fucking bonfire like I’ve been dreaming about since I was eight years old, I’d be doing that. However, I had 1 chance to let it all out, and I had to, because if I didn’t, me, myself and I, wouldn’t be here today. Make no mistake, if Officer Brian, whatever his name was with the green eyes from VPD, hadn’t been there, I would have gone home to Surrey and plotted diabolical things. Instead, I came home, and I wrote about it, and I changed the path of what would have been a very dark future. Now, this being all said, at the end of the day, not a single person – woman, man or inbetween – is welcome in my life if I knew you nine years ago, unless I DECIDE I want you here, and there ain’t many of you I want back. This isn’t me being mean or cruel, this is me knowing that when push came to shove soooo many of you chose to believe the worst in me, so that the cops couldn’t investigate, that at the end of the day many of my rapists who are in prison, are there for drug crimes, not rape crimes. And there may never be a day when I get to face them in the court of law, but at least for now I can sleep knowing that “I” did what “I” could to leave the space around me better off than when I got here. I know that coming clean had to happen. I wish to all high Hell it had been anyone BUT me, but at the same time, think about all the Hell you’ve been through…who would you choose to suffer in your place…could you? For real? No, you couldn’t because what kind of sociopath, wishes evil on children? Unfortunately, there’s no getting around the fact that given the opportunity, people might choose evil. But that being said, when they finally reach the end of the tunnel of darkness, when they finally find the light, maybe you’ll be their “Officer Brian with the green eyes.” XOXO Devon J Hall, The Original Loud Mouth Brown Girl Check out Devon’s Brand New Support Shop With All New Designs family featured life Love mentalHealth SelfLove trauma TriggerWarning writing WrittenWhileStoned",,2026-06-23 19:37:15+00:00,Yes,Appearance,Medium
116780636230254832,"50 lives ago, I was jealous of her, but now it seems like I dodged a bullet… When I was 14 and had just started going in and out of the recording studio, an artist named Sarah Jaffe in the DFW area where I was born and raised was starting to get big on the local scene. Being the teenager bursting with insane, almost suicidal ambition that I was, I wished so badly that that could be me somehow. I had just released my debut extended play, Sweet Pea, that year, and even though everyone who heard it loved it, it really never sold outside of my friends and family that I know of. I felt like I had failed. I craved all of the attention that my family didn’t give me, and witnessing Sarah Jaffe’s rise to prominence filled me with a secret envy. We were from the same place, we both wrote music, we both had professionally recorded work, we both played live when we could. What was I missing? Why wasn’t I getting noticed outside of my social circle? Don’t get me wrong, I loved her music – I still do. This is intended to be more of a reflection of my emotional state at that time than any kind of a dig at her. That’s part of why I think it got to me so bad. I legitimately enjoyed what she created. I just wanted what she had, as well. I played her song “Clementine” on repeat regularly throughout my teens, as I deeply related to it. I wished I could be “more delicate”, as she put it, as I was so intense and driven that it frightened many of my teenage suitors away, with the exception of my future first husband, who was taken with my intensity and drive when we first met at 14 and 15 respectively, although he would not admit it until many years later. When she released an alternate version of “Clementine” on her album The Way Sound Leaves a Room a few years later that was stripped back to nothing but piano, her voice, and haunting backing vocals, I fell in love with it even more deeply. For the first time, it felt like I truly understood and felt the song’s essence, as I often do when artists release extremely scaled back versions of their music. By that time I had also fallen in love with her song “Mannequin Woman” and started teaching myself music production when my longtime producer ditched me, got a publishing deal, and made off for Los Angeles and stopped returning my calls, taking the rights to Sweet Pea in the process. I also worked through my envy over the years as I realized that I didn’t really want to be famous, as attention scared me just as badly as I craved it. Getting recognized on the street when I was gigging around Mormon college scared me about as straight as I’ll ever be, although I kept songwriting. I don’t know if I’ll ever stop, even though I go through a lot of dry spells nowadays. And then in 2024, as news of the Diddy scandal broke, I worked through the rest of my envy as I realized that I probably dodged a bullet by not becoming famous as a teenager. I had had a shitty enough time growing up with a highly controlling mother . I don’t think that, had my singing or songwriting career progressed any further than it did at the time, I would have fared any better at the hands of industry executives, and I learned an early lesson to trust nobody with the rights to my music when my producer left without any real trace. He’d likely been an anomaly, as well, by treating me as an equal collaborator when we recorded Sweet Pea, and not trying to change things too much unless I requested he do so. So, in summary… I still love Sarah Jaffe’s music. I don’t have any envy towards her anymore. I was an overly ambitious, precocious kid who also knew nothing about what I would have been getting myself into had things progressed. And honestly, now that I’m 29, I relate to these lyrics from “Clementine” even more. “We were young, We were young, We were young, we didn’t care Is it gone Oh it’s gone Oh it’s floating in the air? I changed my mind I changed my mind How I feel indifferent All that time, wasted I wish I was a little more delicate” -Allēna beingSeen envy fame Fang Fear Hera intensity MormonCollege music ramble reflections SarahJaffe sophomorism teenageYears trauma",,2026-06-20 04:49:49+00:00,Yes,Social Status,High
116731141545092641,"Just got home from the doctors office and she wants to make a referral to a interdisciplinary pain clinic so my body can get the proper treatment. She didn't want to start by referring me to a rheumatologist, as she says that a interdisciplinary pain clinic can give a more nuanced and broader view of my body and pain 🩷 Hope it goes well, because I'm really exhausted 😮‍💨 mentalhealth schizophrenia adhd cptsd trauma depression ootd anxiety recovery psychology mentor recoverymentor redhair fashion fashionphotography chronicillness chronichealthproblems chronicsick",,2026-06-11 11:04:20+00:00,Yes,Appearance,Medium
116710037909317531,"I'm tired 😮‍💨 My body really isn't feeling very well at the moment. It's working overtime and it's draining me. I want to be with my friends so much that my body just won't let me. I did have a little fun with a single glass of wine with my best friend 🩷 But now it's 7:30 PM, and I've jumped under the covers again 😔 mentalhealth schizophrenia adhd cptsd trauma depression ootd anxiety recovery psychology mentor recoverymentor redhair fashion fashionphotography chronicillness chronichealthproblems chronicsick",,2026-06-07 17:37:24+00:00,Yes,Appearance,Medium
116706078940836354,"I always auditioned for the higher choirs, and they always put me in the lowest audition choir, because they only had one fat dress and they already had one fat person in the upper choirs. # choir # friends # sneak # sneaking # rebel # trauma # sociology https:// survivorliteracy.com/2026/06/0 6/37-that-one-time-i-snuck-out-7/",,2026-06-07 00:50:40.886000+00:00,Yes,Appearance,Medium
116697286489662407,"I also upcycled my old 10th grade hoodie yesterday 🌸 I was really happy with my 8-9-10th grade at Holbæk Lilleskole and it made me a little sad when I couldn't fit this hoodie anymore 🩷 So I'm SO glad it has been given a new life 🪡 I was wearing it when I was getting ready to go to individual therapy at DAT, which also vent really good 🩷 mentalhealth schizophrenia adhd cptsd trauma depression ootd anxiety recovery psychology mentor recoverymentor redhair fashion fashionphotography sew sewing homemade lovesewing syning upcycled hjemmesyet syguide syet",,2026-06-05 11:34:33+00:00,Yes,Education,Medium
115126617102529073,"Hostility Everything feels like an attack. There's so much to do, yet everything places an obstacle in my way. Why is she speaking to me in that tone? Why did she choose those words? Why did she make that facial expression-why are her arms crossed, why is she standing like she wants to corner me? A forced silence takes hold, placing distance between us. Everything is out of place. So much to do, yet that vase by the window-the one the cats knocked over-still lies there. The pile of papers on the dining table might as well be part of the table itself. The pans on the counter, the breadcrumbs on the floor... all of it calling for my attention. Why is she cleaning so inefficiently? I mean, it's obvious that my way of doing things is the way. The same hostility I've been feeling all morning escapes from my mouth. Now she's clearly, visibly upset. I shouldn't have used those words. I should've waited for a better moment. I should've let it go. There's so much to do, and everything is a mess. I should've foreseen this, planned for it, had backup plans. I could have prevented all this. So, it's my fault. As always. Why? Because it's obvious: I'm not enough. I am not enough. I am not enough. I am not enough. I am not enough. I am not enough. I am not enough. I am not enough. I am not enough. I am not enough. I am not enough. I am not enough. I am not enough. I am not enough. I am not enough. I am not enough. I am not enough. I am not enough. I am not enough. I am not enough. I am not enough. I am not enough. I am not enough. I am not enough. I am not enough. I am not... I don't deserve to be around my wonderful family. They don't deserve my mistakes. Maybe I shouldn't have... Maybe things would be better without... NO! NO! NO! NO! NO! NO! NO! NO! NO! NO! NO! NO! NO! NO! NO! I know exactly where this is going, and yet I can't pull myself out of it. Breathe... breathe... breathe... Damn, I overdid it. Now I'm breathing too fast. My heart is racing. Why are tears falling? I need to lie down. I need to hug my plushie. I need to- But there's still so much to do! And now I can't help. They need me, and I'm not there. I am not enough. I am not enough. I am not enough. I am not enough. I am not enough. I am not enough. I am not enough. I am not enough. I am not enough. I am not enough. I am not enough. I am not enough. I am not enough. I am not enough. I am not enough. I am not enough. I am not enough. I am not enough. I am not enough. I am not enough. I am not enough. I am not enough. I am not enough. I am not enough. I am not... And now even my body is turning against me. I need to shut down. Tears keep falling. I can still hear everything. It's so overwhelming. Why doesn't anyone notice I'm not there? Why isn't anyone coming? I want to scream for help but I just... can't. My legs don't respond. My arms won't move. Only a few fingers still work. I AM TRAPPED, AND NOBODY NOTICES! Shit. Shit. Shit. Shit. Shit. Shit... ... ... ... ... This has happened before. It even happened a couple of times just a few days ago. Remember? The hostile words you thought you heard-were never spoken. Her facial expression, her body language-weren't what you thought they were. Remember? Things have been out of place for months . You don't have to do it all. You can say ""no,"" you know? Remember how Janice taught you to breathe? How Stevie helped you ground yourself? How Wendy reminded you to accept your feelings? Hey-someone noticed. Do you feel their touch? They're here. Breathe... It was all a misunderstanding. It was all miscommunication. And even so, my energy is gone . # MentalHealth # Anxiety # PanicAttack # YouAreNotAlone",,2025-09-01 02:12:45+00:00,Yes,Appearance,Medium
114083729059716909,"Passing on this info from my therapist that I have found helpful to know. When you're having a panic attack you don't 'need to breathe'. You specifically need to breathe out. You are feeling pain because you have been breathing too shallowly and have built up too much carbon dioxide. You need to get rid of that. So you need to breathe out for longer than you are breathing in. Breathe out as long as you can, and then let your body be in charge of breathing in. Your body can, and will, do that bit for you. Repeat that as long as you feel you need. Then once you're calmer and aren't feeling the pain you can do the second thing they taught me. Imagine the air lazily entering your body and moving down to curl around in your stomach like a kitten, and then stretching up to move up and out again. This image can help to breathe deeply and slowly again. You can find a different image if another is more useful to you. Repeat as long as you like. # PanicAttack","@ jupitersigh screaming counts as exhalation, right?",2025-02-28 21:52:35+00:00,Yes,Appearance,Medium
114083729059716909,"Passing on this info from my therapist that I have found helpful to know. When you're having a panic attack you don't 'need to breathe'. You specifically need to breathe out. You are feeling pain because you have been breathing too shallowly and have built up too much carbon dioxide. You need to get rid of that. So you need to breathe out for longer than you are breathing in. Breathe out as long as you can, and then let your body be in charge of breathing in. Your body can, and will, do that bit for you. Repeat that as long as you feel you need. Then once you're calmer and aren't feeling the pain you can do the second thing they taught me. Imagine the air lazily entering your body and moving down to curl around in your stomach like a kitten, and then stretching up to move up and out again. This image can help to breathe deeply and slowly again. You can find a different image if another is more useful to you. Repeat as long as you like. # PanicAttack",@ thegarbagebird I guess so. Just make sure you scream out longer than you take the breath in to keep screaming... I guess. 🙂,2025-02-28 21:52:35+00:00,Yes,Appearance,Medium
114083729059716909,"Passing on this info from my therapist that I have found helpful to know. When you're having a panic attack you don't 'need to breathe'. You specifically need to breathe out. You are feeling pain because you have been breathing too shallowly and have built up too much carbon dioxide. You need to get rid of that. So you need to breathe out for longer than you are breathing in. Breathe out as long as you can, and then let your body be in charge of breathing in. Your body can, and will, do that bit for you. Repeat that as long as you feel you need. Then once you're calmer and aren't feeling the pain you can do the second thing they taught me. Imagine the air lazily entering your body and moving down to curl around in your stomach like a kitten, and then stretching up to move up and out again. This image can help to breathe deeply and slowly again. You can find a different image if another is more useful to you. Repeat as long as you like. # PanicAttack",@ jupitersigh oh that will be absolutely no issue.,2025-02-28 21:52:35+00:00,Yes,Appearance,Medium
114083729059716909,"Passing on this info from my therapist that I have found helpful to know. When you're having a panic attack you don't 'need to breathe'. You specifically need to breathe out. You are feeling pain because you have been breathing too shallowly and have built up too much carbon dioxide. You need to get rid of that. So you need to breathe out for longer than you are breathing in. Breathe out as long as you can, and then let your body be in charge of breathing in. Your body can, and will, do that bit for you. Repeat that as long as you feel you need. Then once you're calmer and aren't feeling the pain you can do the second thing they taught me. Imagine the air lazily entering your body and moving down to curl around in your stomach like a kitten, and then stretching up to move up and out again. This image can help to breathe deeply and slowly again. You can find a different image if another is more useful to you. Repeat as long as you like. # PanicAttack",@ jupitersigh that's actually really helpful! I struggle with the big inhale when I'm having a panic attack or can feel myself ramping up to one and focusing on the exhalation will probably work a lot better for me.,2025-02-28 21:52:35+00:00,Yes,Appearance,Medium
114083729059716909,"Passing on this info from my therapist that I have found helpful to know. When you're having a panic attack you don't 'need to breathe'. You specifically need to breathe out. You are feeling pain because you have been breathing too shallowly and have built up too much carbon dioxide. You need to get rid of that. So you need to breathe out for longer than you are breathing in. Breathe out as long as you can, and then let your body be in charge of breathing in. Your body can, and will, do that bit for you. Repeat that as long as you feel you need. Then once you're calmer and aren't feeling the pain you can do the second thing they taught me. Imagine the air lazily entering your body and moving down to curl around in your stomach like a kitten, and then stretching up to move up and out again. This image can help to breathe deeply and slowly again. You can find a different image if another is more useful to you. Repeat as long as you like. # PanicAttack","@ ranyart I'm glad! I found it really helpful too. If you try it out, I'd like to know how it goes for you, if you feel like sharing.",2025-02-28 21:52:35+00:00,Yes,Appearance,Medium
114083729059716909,"Passing on this info from my therapist that I have found helpful to know. When you're having a panic attack you don't 'need to breathe'. You specifically need to breathe out. You are feeling pain because you have been breathing too shallowly and have built up too much carbon dioxide. You need to get rid of that. So you need to breathe out for longer than you are breathing in. Breathe out as long as you can, and then let your body be in charge of breathing in. Your body can, and will, do that bit for you. Repeat that as long as you feel you need. Then once you're calmer and aren't feeling the pain you can do the second thing they taught me. Imagine the air lazily entering your body and moving down to curl around in your stomach like a kitten, and then stretching up to move up and out again. This image can help to breathe deeply and slowly again. You can find a different image if another is more useful to you. Repeat as long as you like. # PanicAttack",@ jupitersigh hopefully I won't need to try it soon but if I do I will report back!!,2025-02-28 21:52:35+00:00,Yes,Appearance,Medium
114083729059716909,"Passing on this info from my therapist that I have found helpful to know. When you're having a panic attack you don't 'need to breathe'. You specifically need to breathe out. You are feeling pain because you have been breathing too shallowly and have built up too much carbon dioxide. You need to get rid of that. So you need to breathe out for longer than you are breathing in. Breathe out as long as you can, and then let your body be in charge of breathing in. Your body can, and will, do that bit for you. Repeat that as long as you feel you need. Then once you're calmer and aren't feeling the pain you can do the second thing they taught me. Imagine the air lazily entering your body and moving down to curl around in your stomach like a kitten, and then stretching up to move up and out again. This image can help to breathe deeply and slowly again. You can find a different image if another is more useful to you. Repeat as long as you like. # PanicAttack",@ jupitersigh 22 years of panic attacks and I’ve never heard this before. Thanks for sharing! 🙏,2025-02-28 21:52:35+00:00,Yes,Appearance,Medium
114083729059716909,"Passing on this info from my therapist that I have found helpful to know. When you're having a panic attack you don't 'need to breathe'. You specifically need to breathe out. You are feeling pain because you have been breathing too shallowly and have built up too much carbon dioxide. You need to get rid of that. So you need to breathe out for longer than you are breathing in. Breathe out as long as you can, and then let your body be in charge of breathing in. Your body can, and will, do that bit for you. Repeat that as long as you feel you need. Then once you're calmer and aren't feeling the pain you can do the second thing they taught me. Imagine the air lazily entering your body and moving down to curl around in your stomach like a kitten, and then stretching up to move up and out again. This image can help to breathe deeply and slowly again. You can find a different image if another is more useful to you. Repeat as long as you like. # PanicAttack","@ ghalldev No worries, I hope it helps! For me I've found that this (along with therapy) has helped me to stop mine from happening so often. I think this is due to me now recognising when one might be coming and being able to pause and get my breathing under control. I'm not saying it will stop them for you, also because everyone's different, but I hope that if this helps you, that you might be able to feel more in control of them as well.",2025-02-28 21:52:35+00:00,Yes,Appearance,Medium
114005145630656333,Today I went into my eye doctor’s office to make an appointment. I had a panic attack telling them I’ve been having panic attacks in medical settings. They were understanding and suggested Tuesday evenings as the least busy time so I booked an appointment 2 months out on a Tuesday evening after work. Trauma has really messed up my life. I really hope I’m able to work my way through this. # Today # Trauma # PTSD # MentalHealth # PanicAttack,"After my panic attack, I went to a gluten free bakery. I’ve been going there for decades, before I had to stop eating gluten. The smell of cookies filled the hall when I used to go to the chiropractor. I told the owner about my panic attack + she hugged me. 💟🫂💟 She said her hip surgery is on Wednesday so I said I’m sending positive healing vibes her way. I treated myself to some Valentine’s Day cookies. Adulting almost complete so cookie o’clock is soon. 🍪 # Today # GlutenFree # GratefulBee",2025-02-15 00:47:49.222000+00:00,Yes,Social Status,Medium
114005145630656333,Today I went into my eye doctor’s office to make an appointment. I had a panic attack telling them I’ve been having panic attacks in medical settings. They were understanding and suggested Tuesday evenings as the least busy time so I booked an appointment 2 months out on a Tuesday evening after work. Trauma has really messed up my life. I really hope I’m able to work my way through this. # Today # Trauma # PTSD # MentalHealth # PanicAttack,@ StacieBee Baby steps. And honor the courage you had to take them. You'll get there!,2025-02-15 00:47:49.222000+00:00,Yes,Social Status,Medium
114005145630656333,Today I went into my eye doctor’s office to make an appointment. I had a panic attack telling them I’ve been having panic attacks in medical settings. They were understanding and suggested Tuesday evenings as the least busy time so I booked an appointment 2 months out on a Tuesday evening after work. Trauma has really messed up my life. I really hope I’m able to work my way through this. # Today # Trauma # PTSD # MentalHealth # PanicAttack,@ StacieBee I’m proud of you for making that appointment.,2025-02-15 00:47:49.222000+00:00,Yes,Social Status,Medium
114005145630656333,Today I went into my eye doctor’s office to make an appointment. I had a panic attack telling them I’ve been having panic attacks in medical settings. They were understanding and suggested Tuesday evenings as the least busy time so I booked an appointment 2 months out on a Tuesday evening after work. Trauma has really messed up my life. I really hope I’m able to work my way through this. # Today # Trauma # PTSD # MentalHealth # PanicAttack,@ lydiaschoch Thank you. 💟 I feel ridiculous when it happens in public. But the tears pour down my face. I thought I may be okay since there are no needles involved in an eye exam. I wanted to go in person to talk to them about the possibility of me having a panic attack at the appointment based on my recent experience. I guess this trauma isn’t just about being hurt. My therapist talked to me this week about increasing my tolerance since I cannot keep avoiding medical appointments.,2025-02-15 00:47:49.222000+00:00,Yes,Social Status,Medium
114005145630656333,Today I went into my eye doctor’s office to make an appointment. I had a panic attack telling them I’ve been having panic attacks in medical settings. They were understanding and suggested Tuesday evenings as the least busy time so I booked an appointment 2 months out on a Tuesday evening after work. Trauma has really messed up my life. I really hope I’m able to work my way through this. # Today # Trauma # PTSD # MentalHealth # PanicAttack,"@ StacieBee @ lydiaschoch RE: I guess this trauma isn’t just about being hurt. The longer I live in my trauma-addled body, the more I realize that my panic attacks are more about the effed-up wiring in my nervous system rather than about specific situations. Like /something/ that I can’t control will trigger the panic, and then there goes the flood of “uh oh” hormones, the increase in temperature, the wave of fear, the blank mind, dizziness, and, when it’s really bad, momentary blindness.",2025-02-15 00:47:49.222000+00:00,Yes,Social Status,Medium
114005145630656333,Today I went into my eye doctor’s office to make an appointment. I had a panic attack telling them I’ve been having panic attacks in medical settings. They were understanding and suggested Tuesday evenings as the least busy time so I booked an appointment 2 months out on a Tuesday evening after work. Trauma has really messed up my life. I really hope I’m able to work my way through this. # Today # Trauma # PTSD # MentalHealth # PanicAttack,@ alysonsee @ lydiaschoch Damn “uh oh” hormones! 💟 I definitely think my nervous system has been dysregulated for a long time. Some things help but these panic attacks are much more frequent than I’ve ever experienced before.,2025-02-15 00:47:49.222000+00:00,Yes,Social Status,Medium
113846039397383369,"I’ve been dealing with daily panic attacks because of PTSD. I arrived an hour early for a dental appointment since they needed to give me Ativan. Waiting for the Ativan to kick in so I can give zero fucks. When I shared with my boss that I’m struggling with my mental health, he was honestly surprised. He said I’m like a ray of sunshine when I’m in the office. 🌞 I commented that’s because he hasn’t seen me cry. 😭 # MentalHealth # PTSD # PanicAttack # Anxiety # IAmSafe # DeepBreathing",@ StacieBee People can't understand how those two realities can coexist unless they've been there.,2025-01-17 22:25:00.769000+00:00,Yes,Social Status,Medium
113846039397383369,"I’ve been dealing with daily panic attacks because of PTSD. I arrived an hour early for a dental appointment since they needed to give me Ativan. Waiting for the Ativan to kick in so I can give zero fucks. When I shared with my boss that I’m struggling with my mental health, he was honestly surprised. He said I’m like a ray of sunshine when I’m in the office. 🌞 I commented that’s because he hasn’t seen me cry. 😭 # MentalHealth # PTSD # PanicAttack # Anxiety # IAmSafe # DeepBreathing","@ LilPecan Yep. I had lunch with a colleague yesterday and she also struggles with her mental health. We agreed that people don’t fake mental health issues, they fake being well. And it’s exhausting. I’ve cried with her multiple times at the office.",2025-01-17 22:25:00.769000+00:00,Yes,Social Status,Medium
113846039397383369,"I’ve been dealing with daily panic attacks because of PTSD. I arrived an hour early for a dental appointment since they needed to give me Ativan. Waiting for the Ativan to kick in so I can give zero fucks. When I shared with my boss that I’m struggling with my mental health, he was honestly surprised. He said I’m like a ray of sunshine when I’m in the office. 🌞 I commented that’s because he hasn’t seen me cry. 😭 # MentalHealth # PTSD # PanicAttack # Anxiety # IAmSafe # DeepBreathing",@ StacieBee I'm glad you have someone to cry with. That's something. [[[hugs]]],2025-01-17 22:25:00.769000+00:00,Yes,Social Status,Medium
113846039397383369,"I’ve been dealing with daily panic attacks because of PTSD. I arrived an hour early for a dental appointment since they needed to give me Ativan. Waiting for the Ativan to kick in so I can give zero fucks. When I shared with my boss that I’m struggling with my mental health, he was honestly surprised. He said I’m like a ray of sunshine when I’m in the office. 🌞 I commented that’s because he hasn’t seen me cry. 😭 # MentalHealth # PTSD # PanicAttack # Anxiety # IAmSafe # DeepBreathing","@ StacieBee Sometimes the appearance of being in a good place is the mask we wear. I see you and send you support, Stacie.",2025-01-17 22:25:00.769000+00:00,Yes,Social Status,Medium
113846039397383369,"I’ve been dealing with daily panic attacks because of PTSD. I arrived an hour early for a dental appointment since they needed to give me Ativan. Waiting for the Ativan to kick in so I can give zero fucks. When I shared with my boss that I’m struggling with my mental health, he was honestly surprised. He said I’m like a ray of sunshine when I’m in the office. 🌞 I commented that’s because he hasn’t seen me cry. 😭 # MentalHealth # PTSD # PanicAttack # Anxiety # IAmSafe # DeepBreathing",@ StacieBee I'm sorry. Panic attacks are terrible. I hope things get better soon. ❤️,2025-01-17 22:25:00.769000+00:00,Yes,Social Status,Medium
113846039397383369,"I’ve been dealing with daily panic attacks because of PTSD. I arrived an hour early for a dental appointment since they needed to give me Ativan. Waiting for the Ativan to kick in so I can give zero fucks. When I shared with my boss that I’m struggling with my mental health, he was honestly surprised. He said I’m like a ray of sunshine when I’m in the office. 🌞 I commented that’s because he hasn’t seen me cry. 😭 # MentalHealth # PTSD # PanicAttack # Anxiety # IAmSafe # DeepBreathing","@ StacieBee :blobcathugyou: “Are you saying I’m 8 minutes late, often scorchingly hot, but always warm?”",2025-01-17 22:25:00.769000+00:00,Yes,Social Status,Medium
113547804749216963,How To Manage A # PanicAttack At The # Workplace ? 1. Recognise the Symptoms Early 2. Grounding Techniques 3. Deep Breathing 4. Take a Break and Hydrate 5. Stretch and Move 6. Start your day with some soothing music 7. Affirm your mind that you are in complete control of the situation and also can do the damage control if need be msn.com/en-in/health/nutrition /how-to-manage-a-panic-attack-at-workplace/ar-AA1roiOL?ocid=msedgntp&pc=U531&cvid=add9f21043f4449e9dfb2cd9399f1cb3&ei=8,,2024-11-26 06:19:59+00:00,Yes,Social Status,Medium
111879773846021804,"A Panic Attack May Not Be What You Think I’m going to explain to you what a panic attack is. It does not just mean experiencing a great fear or being terrified irrespective of circumstances. I’ve experienced two bouts of panic attacks in my life. I had to take Xanax to counter the attacks until time worked its magic, and the attacks ceased. A panic attack is not a feeling of panic in the face of a real danger . If you feel something is threatening is happening, and you feel panic, this is a normal response to the threat . If you can remove the threat, and your panic subsides, this is also the sign that what you are experiencing is not a panic attack. “I was watching this thing on TV and I felt I was having a panic attack. Then I turned the TV off, and I was okay.” What you were experiencing wasn’t a panic attack, it was a normal reaction to something your brain found threatening, out there, in the world. See, a panic attack is an irrational sense of fear, when there is nothing out there that can ostensibly harm you. There is nothing that you can remove from your environment to make the panic go away. A panic attack is your body thinking that there’s a threat, when there is no threat. No amount of reassurance will make the panic attack go away, because it is irrational. Your Autistic Life is supported by readers like you. Use one of the links below to support my writing! Thank you. Join Us Bonfire Merch A panic attack is very different from the first scenario I gave you above, because there is nothing short of taking medicines that will make it go away. Breathing exercises and moderate it, but they won’t eliminate it. How do I know? Again, I’ve had two bouts of panic attacks. I could look around me, and see there was nothing threatening in my environment, but my sense of panic did not go away. I could reason that there was no threat, but this rationality found no purchase in the irrationality of the panic attack. “But I was able to make my panic go away with…” If it was anything short of taking an anxiolytic, what you experienced was plain old panic , and not a panic attack . Using the incorrect language, and insisting that your plain old panic is a panic attack, is harmful in much the same that insisting that someone who experiences a bout of anxiety on a date is suffering from social anxiety, or that someone who is sad at the death of a pet is experiencing depression. People normally rebound from their anxiety or their sadness. One sure sign that what you are dealing with is not social anxiety or depression is that you can easily fix the problem. People with social anxiety, for instance, will ruminate before and after the event. People experiencing depression won’t be pulled out of depression by a joke. It is harmful in the same way that saying “we’re all a little autistic” is harmful. It is a way to minimize a real problem, a problem that cannot be merely fixed by reorganizing your world. anxiety AutisticWriters danger irrational minimization panic PanicAttack YourAutisticLife",,2024-02-05 16:17:46+00:00,Yes,Appearance,Medium
109383783347617141,There is a good post on Psychology Today called 5 Tips to Power Through a Panic Attack. I've done two of the five and they work for me most of the time. A tip might work for you or not. Keep looking until you find the ones that consistently help you out. psychologytoday.com/us/blog/an xiety-in-high-achievers/202211/5-tips-power-through-panic-attack # PanicAttack # Anxiety # MentalHealth,,2022-11-21 20:43:34+00:00,Yes,Social Status,Medium
117138380375619354,"final panel of Passionate Journey, Franz Masereel, 1919 Kind of fun being stressed out. My job is my excuse to get wound up. This guy is already dead and having the time of his life. I think you could enjoy life more if you were already dead. (I can't take credit for that idea, someone else explained that to me once, I thought it was brilliant 🤣) Tomorrow is a new day ❤️ # art # blockPrint # work # stress # alive # ghosts # relax # unwind # tomorrow",,2026-08-22 09:10:22+00:00,Yes,Social Status,Low
117113052702027332,"Treatment of stress Meer Baloch Through the columns of your respected newspaper, I would like to draw attention to the growing problem of stress. Nowadays, many people suffer from stress because of studies, work, financial problems, and family issues. If stress is ignored, it can… https:// justpaste.in/news/treatment-of -stress/ # stress # treatment # people # suffer # family",,2026-08-17 21:49:27.653000+00:00,Yes,Social Status,Low
117105342545525753,"So I guess this is a help post? Haven't been feeling too good these last two days, not sure what exactly, maybe everything? Its been a year, aside from living in crazy times, its been 13 months since I lost my husband, I'm currently going through a saga of getting my car fixed (and failing), need to clean the house out and figure out the future. Oh, and there's a big trip coming up next month. I can't say I've been mentally well ever, but more or less functional, or at least I can fake it well. Friends? Nope, never really been good with people. Doesn't help that I have a memory like a sieve, doesn't matter who you are to me, friends, family, coworkers, etc, remembering faces is hard, names harder, and associating the two? Yeah… Hobbies? Nope, never really latched onto anything. Not a real good thing when I'm stuck without a car for a week, and am rapidly running out of things to do. Then there's the stress of money, its not that I'm in trouble there (not yet at least), but work has always kept me busy and in the past money has often been a problem, so work solves too problems for me. So, car front, took it in to another dealer hoping this one could at least be bothered to take a serious look at it, and… A week later they haven't gotten to looking at it. Yeah, tomorrow I'm going to show up at opening and just tell them to give it back. I guess after that I just drive it until it breaks and sell it for what I can get. I'm not good with confrontations, and my brain is having fun spiraling on this to the point where I'm taking sleeping pills just so I can get some sleep. Not sure that's all the problems, for whatever reason I can't really be bothered to crack open a book any more, but I'm running out of stories to read online, so I'm running out of stuff to do. Its too hot for yard work, plus that's kinda limited because of all the junk the room mate's accumulated at this point. And then there's the trip next month, sure, I'm prolly taking on a bit much, but really all of it stresses me out. My grandmother's birthday, 105, I should prolly make an appearance, after all, how many more will there be? Of course its going to be too peoply, so stress thinking about that. Then to Myrtle Beach to spread some of Vik's ashes, plus most of his mom's per her request. Some how I think its going to be too peoply for me there. Then to Jersey to see how things have changed. Honestly this one is a maybe, i'm interested in doing that, but it adds a lot to the trip, and if'n I move to PA like I'm thinking, I could just wait until I'm closer. That one at least is a relatively stress-free leg as its just me, no real plans and I can avoid crowds and the like. Then over to PA to visit my family, look at a tiny home I'm interested in and… Well, not really sure. Then I guess its back to here, back to what I have here which isn't a lot. A cluttered house that badly needs cleaning out but I'm struggling with that, a job that I like, but its just a pointless gig job, not a career. Still need to get a headstone for Vik, his mom and me, was going to work with his aunt(?) on that, she certainly seems to be involved, but she's not helping. Honestly I think I just need someone to come in, get everything sorted for me so I can move on. What comes after that? No idea, but at least getting a clear slate would certainly help. Probably some mental help would be a good idea, but insurance is a mess right now, and besides, that involves talking to people, so… # mentalheaith # stress # life",,2026-08-16 13:08:29+00:00,Yes,Social Status,Low
117101884303492843,"本日は木曜日 Сьогодні четвер 本日は木曜日（文句用日）。あのセクハラ先輩や、あのパワーハラ上司に思いっ切り文句を云いましょう。 Сьогодні четвер (день нарікань). Давайте якомога більше поскаржимося тому старшому, https:// note.com/poison_raika/n/n4ca97 9ac2de4 <> # today # Thursday # complaint # sexually # harassing # colleague # bullying # boss # live # world # dissatisfaction # stress # daily # probably # two # various # people # aside # week",,2026-08-15 22:29:10+00:00,Yes,Social Status,Low
117090935331559006,The Pressure Cooker Effect: Stress and Poor Sleep Stack the Odds of Emotional Eating in University Students Share if you found this interesting. https:// 1ban.news/emotional-eating-str ess-sleep-students-2026/ # 1ban # emotional # eating # stress # sleep # neuroscience,,2026-08-14 00:04:43.359000+00:00,Yes,Education,Low
117090677654579297,PsyPost: Study links short-form video addiction to a decline in teenagers’ academic coping skills. “A recent study of high school students reveals that addictive use of short-form video apps predicts a decline in a student’s ability to handle everyday academic stress.”,,2026-08-13 22:58:06+00:00,Yes,Education,Low
117079828135186035,"The Week I Wish Wasn’t .. I know. I’ve used this header before … A couple of times actually. It’s the only one that accurately describes the week that we’ve just had. On the night of Monday August 3rd, at 10pm we experienced what could only be described as a plumbing emergency. Our toilet decided it’d had enough of this life and finally decided it was time to go to god. So, by 10pm Monday night we had a leaky toilet and no idea how to fix it Tuesday morning, we decided to call a plumber so, at 6.45am I was reaching out to Irwins Plumbing Service for help. To say I / we were stressed was an under statement. We knew it was going to be costly ( We didn’t know how much at the time) and I had to wrangle our finances to ensure we could cover it For those that are not aware, we live in a rental. We’ve lived in this rental since 2001. Mid 2002 the unit was sold ( We went with it) and our new/ current landlord gave us a lease for 12 months. That lease expired in November 2003. Since then, we’ve been on a month by month basis and as such our landlord has not done so much as a property inspection or performed any routine maintenance. In fact, asking him to do so is like pulling teeth ( aka nigh on impossible) so, for the most part, we’ve attempted to fix stuff on our own. By Tuesday afternoon, Carlos from Irwins Plumbing came by to assess the damage and give us a quote to fix it. As predicted it was a costly exercise, nonetheless I arranged to have someone come by on the Thursday of that week to fix it In the interim my my nerves were shot and having the added stress of work being busier than a one legged man in a hopping contest did very little to help matters. Thursday morning hubby and I were up at the god awful time of 4.30am with the promise of a plumber being on site at 7am. Naturally, 7am came and went. By 9.40am I had called Irwins Plumbing to enquire as to our plumbers whereabouts and was told we’d been placed in a window that was in fact between 9am -1pm and we were the next job on the guys list. At 12.49pm Trent entered the chat. Trent as it turns out was our plumber and he was running a little late after being held up at the previous job. He arrived at around 1.15pm and commenced work straight away. It took him all of an hour to fix it and he did a bloody fantastic job! Not only that, when all was said and done, the job came in $104 cheaper than originally quoted – so I was happy with that. Trent, if you ever read this, good job mate! We’re super happy with the work you’ve done! 5 stars to you friend! Despite this, I still wish it was money we didn’t have to spend. We’re now having to put the money back and that means things are going to be a little tight for a while. Ugh! Being an adult sucks balls! Thanks for reading, Ceej blog Life Monday Money NightDrama plumbingEmergency Stress Toilet",,2026-08-12 01:00:00+00:00,Yes,Social Status,Low
116936152944225721,https:// taskandpurpose.com/news/ranger -school-study-men-women/ # military # men # women # stress # testosterone,,2026-07-17 16:01:30+00:00,Yes,Education,Low
116906735409656841,"# EndoCannabinoidSystem : “Even if you don’t consume # cannabis , the # ECS is active in your body. Research has linked the ECS to the following processes: . appetite and digestion . bone remodeling and growth . cardiovascular system function . chronic # pain . # inflammation and other immune system responses . learning and memory . liver function . metabolism . # mood . motor control . muscle formation . reproductive system function . skin and nerve function . # sleep . # stress All these functions help maintain # homeostasis or the stability of your internal environment. When an external cause interrupts your body’s homeostasis, such as pain from an accident or a fever, the ECS steps in to help your body recover to its normal state.” thecannabiscommunity.org/endoc annabinoid-system-explained/",,2026-07-12 11:20:14+00:00,Yes,Appearance,Low
116884173171805463,"Project Manager ~ I Run On Caffeine, Chaos and Cuss Words Act Out Tees ~ # projectmanager # office # work # deadline # caffeine # chaos # humor # stress # manager # real # PrintOnDemand # Tees",,2026-07-08 11:42:23.188000+00:00,Yes,Social Status,Low
116879906339187244,"A 40-year study in Denmark tracked air pollution exposure, traffic noise pollution exposure, and cardiovascular health in over 26,000 men. Air pollution declined, but noise did not, allowing separation of their effects. Noise pollution was associated with more CVD and all-cause mortality. Summary (references other studies also): https:// techfixated.com/traffic-is-bad -for-your-hearts-health-study-finds/ Original paper: https:// pmc.ncbi.nlm.nih.gov/articles/ PMC12150041/ # Science # Health # Pollution # NoisePollution # AirPollution # Traffic # Stress # CVD",,2026-07-07 17:37:15+00:00,Yes,Education,Low
116864733930411656,"Girls bear the heavier toll: How academic stress, sleep, and gender interact in adolescent mental health https:// 1ban.news/2026-07-05-academic- stress-sleep-adolescent-gender/ # 1ban # academic # stress # sleep # adolescent # neuroscience",,2026-07-05 01:18:43.896000+00:00,Yes,Education,Low
116862076839621693,Happy to be back home in Sydney after a rough week of work in Melbourne. Was sick most of the week but needed to be there. # work # stress # sick,,2026-07-04 14:02:59+00:00,Yes,Social Status,Low
116856877061872640,"Hop-Line: 24/7 Helpline for Frogs and Toads 🐸 [Sponsored Post] Wart’s up, froggos and toads? In this stressful 24/7 frog race world of work, hopping, ribbits, and vacant staring into the middle distance, it’s always nice to know a kindly listening frog is only a phone call away. Whether you have Kermit-ment issues to your amphibian spouse, you’ve lost your lily pad, or you don’t see the point in hopping no more, call the Hop-Line today to resolve all your ills. Is Your Pond a Toxic Swamp? Call Now On: 1-900-RIBB-IT Our Hop-Line is staffed 24/7 by a team of 33,000 eager good Samaritan volunteer frogs and toads with nothing better to do with their team than help others. We know your pain points, for frogs have many issues in life. So hop to it, give us a call, and discuss issues such as: Why you always feel so slimy and gross Why the neighbourhood cat keeps prodding you with its paws The nature and being of herons Raising an army of 300 frog spawn and the problems they bring You can’t hop, won’t hop, yet want to hop So, whether you’re a tadpole facing employment issues or a bullfrog dealing with a mass of noise complaints, you can call us NOW to deal with: Metamorphosis anxiety : Woken up and your tail is gone? We’re got a cream for that! Dietary fatigue : Bored of eating nothing but the same species? You need to switch to a new diet, carefully honed to your needs by our expert frog chefs! Relationship red flags : Is that other frog into you, or is he simply inflating his vocal sac to assert dominance in his bid for pond retention status? We have the answers! Ribbit! Call us now on: 1-900-RIBB-IT . It’s COMPLETELY FREE (as opposed to partially free)! And, of course, we know you don’t own, know how to operate, and have no concept of what a phone call is. You’re a frog/toad after all! Instead, simply rear your head to the sky and ribbit that number: 1-900-RIBB-IT . Once we hear you, we’ll eventually send one of our experts to you destination within 12 months to 35 years later. Testimonials From Our Happy Hop-Line Customers “Ribbit!” Jeff the frog “CroooOak.” John the toad “Ribbit! Croak…” Bob the frog “Qwark! Qwarrrrrk! Qwark.” Mike the toad “One contacted this God-forsaken supposed ‘helpline’ for advice on the many acres of land within one’s hereditary lineage. To one’s eternal shock, all one could hear were the sounds of God-forsaken frogs croaking, ribbiting, and qwarking upon the other end of one’s receiver. Greatly dismayed, one abandoned the call and stalked off to berate one of one’s numerous and plentiful underpaid maids.” Dame Penelope Twistleton-Clad Smithson III of Dorchester amphibians Business Charity Frogs helpline hopline hopping Humor Lifestyle Satire satirical Stress toads",,2026-07-03 16:00:37+00:00,Yes,Social Status,Medium
116847459894522047,"95+ degrees, nonstop problems, messes to clean up, schedules blown apart, and enough stress to last the rest of the damn week. Some days at work remind you that Murphy wasn’t making jokes, he was writing policy. I’m finally home, the AC is winning, and today is officially dead. It can stay buried. Tomorrow better bring less bullshit. # Heat # Work # Stress # Summer # Done",,2026-07-02 00:05:43.024000+00:00,Yes,Social Status,Low
116795062090485755,"‘How Working Women Can Overcome Stress, Guilt, And Overload To Find True Success’ Photo by Pixabay on Pexels.com When you manage yourself, you manage your life. When you manage your life, you manage yourself. When you can manage yourself, then, only then, can you manage your work. To overcome stress, guilt, and overload, according to Meghan French Dunbar, ‘A holistic approach blending numerous healthy ‘masculine’ and ‘feminine’ traits has been proven to be far more effective, driving better employee engagement and retention; decreasing the likelihood of burnout; increasing employees’ feeling of thriving outside work; building more trust with the team; and increasing innovation, creativity, and team member growth.’ ‘ Before heading into significant meetings, presentations, events, or even one-on-one conversations, review your values and reflect on how they could guide you in this interaction.’ ‘Cultivating authentic leadership means doing the work necessary to feel comfortable in your own skin – to value the experience regardless of who else is in the room and offer it freely, knowing that it benefits you and those around you.’ ‘ When following the crowd means stifling your truth , compromising your values, or holding your true self back, you’ll never be able to fully step into your authentic power.’ ‘ Trying to assimilate by changing yourself has been linked to loss of identity and increased depression, mental illness, burnout, and chronic disease.’ ‘… If you regularly give your limited energy to things that fall outside what you claim to value, you can’t genuinely live according to your values.’ ‘Optimized leaders understand that being overextended, stressed, or depleted stands in the way of being their best selves.’ ‘ When you’re exhausted, depleted, and overextended, you can’t tune into yourself and show up with intention.’ ‘ Difficult as it might be, part of optimizing yourself might be releasing people from your life who aren’t aligned with your values; consistently drain your energy, feel exploitative; lead to frequent unnecessary drama…’ ‘ When you insist on controlling everything in your life . .. you put unnecessary stress on yourself and deny the people around you the opportunity to step up and grow.’ Source Meghan French Dunbar (2025). This Isn’t Working: How Working Women Can Overcome Stress, Guilt, and Overload to Find True Success AuthenticLeaders Change EmployeeEncouragement EmployeeLeadership EmployeeManagement Growth HealthAndWellBeing HealthyCulture HealthyLife HealthyOrganization Identity IdentityLeadership Life PersonalDevelopment Stress StressFreeLife Success Work",,2026-06-22 18:00:00+00:00,Yes,Social Status,Medium
116763353692227611,Here are some interesting facts! theglobalstatistics.com/united -states-workplace-stress-statistics/ # Work # USA # Stress # Capitalism,@ Quasit The trick is to get in at 10:45am. On Tuesdays.,2026-06-17 03:36:22+00:00,Yes,Social Status,Low
116759164674872203,"Extreme work pressure, bad habits trigger early heart failure in young adults https:// en.sggp.org.vn/extreme-work-pr essure-bad-habits-trigger-early-heart-failure-in-young-adults-post127126.html?utm_source=flipboard&utm_content=Econopass%2Fmagazine%2FFLIPBOARD+EXCHANGE+FEED+%F0%9F%97%9E%EF%B8%8F After a week hospitalized, 38-year-old N.M.B. from HCMC’s Binh Thanh Ward remains bewildered by his sudden health crisis. Starting with shortness of … # wellness # health # heatfailure # youngadults # stress",,2026-06-16 09:51:03+00:00,Yes,Social Status,Low
116720613843836246,The best stress test for your workplace is one question # Workplace # Stress # Leadership,,2026-06-09 13:55:29+00:00,Yes,Social Status,Low
116691082607204170,"In the office, spreadsheet annoyingly freezes up. Me: ""grrrrrrrrrr"" Work mate: ""are you ok?"" Me: ""Sometimes I growl"" Idea: Growling therapy - tap into the primal instinct to deal with stress. Positives 1. Transparent signalling - warning others. 2. Controlled release of emotions. 3. Stimulates the vagus nerve - calming affect. 4. Extended exhales - calming affect. Negative 1. Crazy reputation - not the social norm. Where to test: When driving, mindf*cking (seems to help) # stress",,2026-06-04 09:16:54.984000+00:00,Yes,Social Status,Low
116676771971533320,"I Need a Nap I’m stressing out about home improvement projects, big time. 1–800-GOT-JUNK was here today. I had so much shit for them to haul off that they had to send a second truck. That sounds bad because it is bad, but it’s not as bad as it sounds (talking in circles much?). The first truck was about 1/3 full before it go here and they actually fit everything into the first truck, but they had to pull a few things out from the previous stop and move them to the second truck so that they could go to a different facility because they were metal and get recycled differently? That’s what they told me at least. The bad part is that we’re going to be scheduling another pick up next week. All of this so that we can clear out our cellar storage space so that a work crew can get easy access to the exterior walls so that they can close up any gabs between the house and the foundation. All of that so that we can qualify for a Massachusetts loan and rebate when we buy and install a new AC unit for our central air. They are coming to do the foundation stuff on June 12th and they just asked if we wanted the new AC unit on the same day. Do we? I thought we were going to wait until the fall but they said the loan and rebate paperwork will be complete by the 12th so why not do both jobs at once. Ummm… okay? My head is literally spinning. There’s also a customer project at work that is stressing me out too. I am just Mr Stress today. You know what would be nice? Not being stressed. That would be nice. The good news today? I took the last week of July off from work. Turns out the new Spiderman movie comes out that week. Might we be sneaking in a matinee? Could be. Okay. That’s enough of a mental health minute for me. Back to stressing out. homeImprovement homeOwner Stress work",,2026-06-01 20:37:23+00:00,Yes,Social Status,Low
116675634707659314,"The Monday Blues Came Early Apologies for yesterday. Sorry about the rant yesterday. Google has been frustrating for me lately and is not improving anything I see with their updates. I am locked out of everything for a 72 hour period since all my passwords are in google manager so I was extremely upset as this is the second time it has happened in as many weeks. I awoke this morning after an unsettling day yesterday that had me questioning my faith and being pretty sure I was headed for hell, thinking my faith wasn’t good enough. Today I awoke and after saying my morning prayers I made the bean juice and found a partial solution to these troubles. I opened my phone and found out that google only blocked my PC and not my phone so I was able to open my email and find all my bills in there. I had to change a bunch of passwords but thru blessings I could get all but one bill paid today. I can’t understand why they would only block the pc and not my whole account but it is my guess they are scraping my phone for contacts which is why I didn’t want this new update to begin with. So since the Monday blues came yesterday today is starting out as a normal peaceful day for me. SOMETIMES Sometimes I rant and rave before I think It doesn't help my situation in the least Should I hush my mouth and breath deep? Asking for guidance and forgiveness daily Usually helps my mind stay relaxed But sometimes I think I overstep the boundries Peaceful Insanity Defined is all that I ask Spreading peace and love in a fast paced world Is it my destiny or just a dream in my altered mind? Sometimes I rant and rave before I think It doesn't help my situation in the least Should I hush my mouth and breath deep? No prompts or pictures today but I can leave you with this… on a positive note my site was paid for today so you are stuck with me and my AI antics for another year! J126 © peaceful-threads.com AiImage AICreators Challenges coffee life poems Poetry prayer stress WordPress writing",,2026-06-01 15:47:58+00:00,Yes,Social Status,Low
116659704537462834,"Not Fun and then Fun It is 3:30pm and it is already the longest day in the history of the universe. I went to sleep at about 10:30pm last night. Later than I would have liked, but earlier than most days over the past month or so. I woke up at about 2:15am needing to go to the bathroom. I’m old. It happens. Deal with it. When I was done I fell right back to sleep. Then at 3:51am my phone rang. It was work. The overnight staff were dealing with a customer issue that was causing the customer a lot of stress. I knew what the issue was but I wasn’t sure how to find the process that was causing it. Fortunately the overnight guy I was on the phone with mentioned one little detail which set off a trigger in my teeny tiny little mostly still asleep brain and I knew where I had to go to set things right. By 4:15 I was off the call. I took a few minutes to write a message to all of my staff members who would be involved in the follow up during normal business hours and I went to bed. I didn’t sleep much before my alarm went off at 5:30am, but I did manage to snooze a little. All of that was not fun. Not fun at all. It was a lot less catastrophic than it could have been, but it is never fun having work call in the middle of the night. I’m just glad I was able to help. Even though the situation was not fun, I felt pretty good about myself when it was over. By 6:00 I was out of bed and starting the day. By 6:15 I was in the cellar starting my daily exercise. The ball was rolling. An hour later the fun part of the day was starting. Guitars, babie! On Monday I wrote two new songs and started recording demos. Bass and drums were MIDI instruments, rhythm guitars were the real thing, the melody was sketched out on a keyboard and lyrics were written stream of consciousness style to fit the melody. Yesterday before work my laptop and I drove to an empty parking lot in town and I recorded the vocal tracks for both songs. Today before work I recorded the lead guitar parts. Normally the lead guitars are my favorite part of the song demo process but right now I am so out of playing shape that there are no calluses on my finger tips and playing for more than a few minutes hurts. The strings start to feel like razor blades, especially when you play like I do and you bend strings all over the place. Ouch. Still, despite the pain, I was able to finish tracking both new songs. Now all I have to do is mix them so that they are somewhat listenable (relatively speaking, of course) and then they are done. A few years ago I was writing 10+ songs each month over the course of the whole year. Last year I did the RPM Challenge in February (write and record an album’s worth of music all within the month of February) and then nothing for the rest of the year. This year was starting to look the same. I finished RPM in February and then it wasn’t until Memorial Day weekend that I even thought about doing anything more. Now that I am feeling like I am back in the saddle again, or some horse shit like that (get it? Saddle? Horse shit? Oh, come on!) I am thinking about trying to write a bunch in June and then do the fifty ninety challenge over the summer (that challenge is to write 50 songs in 90 days between July 4th and October 1st). We’ll see if I can stick to that. So on this fine Friday in May, in fact the last Friday in May, the day started off not fun, and then for a little blast of time it was fun, and then it was just the usual… right up until about an hour after lunch when the lack of sleep caught up with me and now I am completely out of gas with 93 minutes left in my work day. It’s going to be a long afternoon. Guitar iphoneography Music offHours photography Recording Songwriting Stress work",,2026-05-29 20:16:23+00:00,Yes,Social Status,Low
116651819845360203,"edit: all links should work now Of course I spent way too much money on Greek punk records, when in Greece: From left to right: Personality Crises - Vortex State Of Mind LP Band from Thessaloniki ΟMIXLH - Friends Forever Punx For Life LP Band from Thessaloniki Ομίχλη-Friends-Forever-Punx-For-Life Necropolis - Necropolis LP Band from Thessaloniki ! Amy Winehouse - the ska collection LP Normally I don't buy really bootleg records, so this is an exception... This is such a good record.... 🥰 ΓΙΑΝΔΗΜΙΑ - ΜΟΝΤΕΡΝΑ ΠΑΝΟΥΚΛΑ LP Band from Athen Πανδημία-Mοντέρνα-Πανούκλα Stress - Σκέψου-Πριν-Είναι-Αργά 10” Punk legend from Athen with new songs Σκέψου-Πριν-Είναι-Αργά punk records vinyl PersonalityCrises ΟMIXLH Necropolis athen Thessaloniki greek greece Griechenland hellas AmyWinehouse amy ska Winehouse ΓΙΑΝΔΗΜΙΑ Stress .social",,2026-05-28 10:51:49+00:00,Yes,Social Status,Low
116648567715632985,"Blah, Again Yesterday was a tough day. Today has been tougher. I need (another) vacation. That’s a common theme around here. I don’t have to work in the office tomorrow. That’s nice. Maybe if I get up early enough I’ll have some time to work on those two new songs I wrote on Sunday. They both need two tracks of vocals and at least one track of lead guitar. Maybe I can get some of that done tomorrow and then the rest on Friday. We’ll see. The last two work days (including today, which is down to the final 36 minutes) have been insanely, absurdly, busy. I haven’t had a minute to catch my breath. It’s frustrating. I’ll be heading home soon for the day. Hopefully I won’t have a repeat of last night’s commute. There was an accident on route 495. Google Maps detoured me around it, but it also detoured 1000000 other commuters and it resulted in a monster traffic jam on a side street. It cost me more than half an hour of my life. On unrelated commute news, I had to stop at a rest area on route 128 today in order to get gas. My tank was almost empty. I had enough gas to get me the rest of the way to work, but not enough to get my home afterward. As I was pumping gas, I saw something I’d never seen before. I saw a tractor trailer truck… do a donut. Sort of. He pulled out of a parking spot. He should have turned right and gotten onto the highway. He didn’t. He turned left… and kept turning left… he did a full 360 degree turn. Effectively he did a donut, but a donut in slow motion. He also blocked the ramp onto the highway and had 3–4 cars stuck waiting for him to get his dumb ass out of the way. It was a very weird thing. Okay. I have 31 minutes left in my work day. Time to hit publish and squeeze in some more work. Thanks for reading my pointless, useless, bullshit. I appreciate the effort. I’ll try to write something more interesting tomorrow. donut Stress trafficJam truckDriver work",,2026-05-27 21:04:25+00:00,Yes,Social Status,Low
116618601612754403,"The end of the school year is upon us. 2 kids already done, 1 has (for reasons that nobody can explain) 1 hour and 30 minutes of school this coming Tuesday. WTH? The Scout troop did a campout in April & one just last weekend, so I'm glad for that. Great weather for both (though mosquitoes are getting a bit much now). Work is overwhelming. New responsibilities (added) and I'm having difficulty managing it all. Here's a picture of one of our cats. # life # stress # summer # tired",,2026-05-22 14:03:35+00:00,Yes,Education,Medium
116608992292668947,"International student who died after donating plasma in Winnipeg suffered sudden cardiac arrest, family representative says A representative for the family of an international student who died after donating plasma at a Winnipeg for-profit centre says she had an enlarged heart and the process would have caused profound stress on her body. cbc.ca/news/canada/manitoba/ro diyat-death-grifols-plasma-9.7205648?cmp=rss",,2026-05-20 21:20:11+00:00,Yes,Education,Low
116608661728920202,"International student who died after donating plasma in Winnipeg suffered sudden cardiac arrest, family representative says A representative for the family of an international student who died after donating plasma at a Winnipeg for-profit centre says she had an enlarged heart and the process would have caused profound stress on her body. cbc.ca/news/canada/manitoba/ro diyat-death-grifols-plasma-9.7205648?cmp=rss",,2026-05-20 19:56:09+00:00,Yes,Education,Low
116596998483162443,"🐕🧠 Researchers at # Texas A&M University analyzed # data from 43,000 # dogs , finding that 84% show signs of # anxiety . Led by Bonnie Beaver, the # study identifies triggers like loud noises and strangers. Recognizing these behavioral cues during vet visits helps owners support pet # health and prevents fear from escalating into chronic # stress . 👉 futurity.org/dogs-fear-anxiety -3334292/ # science # veterinary # pets # research # animals # biology # education # safety",,2026-05-18 18:30:03+00:00,Yes,Education,Medium
116595583421002291,"🏛️🧬 Researchers at University College # London found that visiting # museums and attending # concerts may slow biological # aging by 4%. Analyzing # data from 3,500 adults, the # study suggests weekly cultural engagement reduces # stress and inflammation. The # health benefits are comparable to regular exercise, potentially leading to future ""arts prescriptions"" for healthy # aging . 👉 sciencealert.com/visiting-muse ums-may-slow-your-biological-aging-study-finds # science # health # museum # biology # research # culture # wellness # art # lifestyle",,2026-05-18 12:30:11+00:00,Yes,Education,Low
116580792363927857,"How many centuries is it going to take, for Westerners to accept all living beings suffer, struggle, work, feel pain or stress, etc in some way (which is the first Noble Truth of Buddhism)? theguardian.com/science/2026/m ay/13/insects-feel-pain-research # buddhism # westerners # suffering # dukkha # struggle # work # pain # stress # insects # animals # plants # life",,2026-05-15 21:48:39.431000+00:00,Yes,Social Status,Low
116575525195165516,"Halifax school social workers 'very concerned' by change to roles, funding: union The Nova Scotia Teachers Union, which represents some school social workers in Halifax, says those members are facing stress and uncertainty after being told their jobs will change this fall. cbc.ca/news/canada/nova-scotia /halifax-school-social-workers-moving-roles-after-funding-change-9.7200082?cmp=rss",,2026-05-14 23:29:06+00:00,Yes,Education,Low
116524684392836177,How workplace stress hijacks the nervous system to cause headaches − and a neurologist’s guide to managing them https:// theconversation.com/how-workpl ace-stress-hijacks-the-nervous-system-to-cause-headaches-and-a-neurologists-guide-to-managing-them-275037 # neurology # work # stress # science # STEM,,2026-05-05 23:59:39+00:00,Yes,Social Status,Low
